다발지구분,다발지시군구,지점명,발생일,발생시간대,사고내용,가해자성별,가해자연령,가해자차종,가해자신체상해정도,피해자성별,피해자연령,피해자차종,피해자신체상해정도,사고유형,법규위반사항,기상상태,사망자수,부상자수
2018년 다발지,서울특별시 은평구3,서울특별시 은평구 구산동(구산사거리 부근),2018-11-12,18시,부상신고,남,48세,자전거,부상신고,남,59세,승용차,상해없음,차대차 - 측면충돌,중앙선 침범,맑음,0,4
2018년 다발지,서울특별시 은평구4,서울특별시 은평구 녹번동(코끼리주유소 부근),2018-03-31,10시,경상,남,85세,자전거,경상,남,55세,승용차,상해없음,차대차 - 측면충돌,안전운전 의무 불이행,맑음,0,4
2018년 다발지,서울특별시 은평구4,서울특별시 은평구 녹번동(코끼리주유소 부근),2018-09-07,00시,부상신고,남,25세,자전거,부상신고,남,68세,승용차,상해없음,차대차 - 측면충돌,안전운전 의무 불이행,맑음,0,4
2018년 다발지,서울특별시 은평구4,서울특별시 은평구 녹번동(코끼리주유소 부근),2018-09-07,01시,부상신고,남,53세,자전거,부상신고,남,43세,승합차,상해없음,차대차 - 측면충돌,신호위반,맑음,0,4
2018년 다발지,서울특별시 은평구4,서울특별시 은평구 녹번동(코끼리주유소 부근),2018-09-27,15시,중상,남,65세,승용차,상해없음,여,30세,자전거,중상,차대차 - 측면충돌,안전운전 의무 불이행,맑음,0,4
2018년 다발지,서울특별시 은평구5,서울특별시 은평구 대조동(서원빌딩 부근),2018-01-05,07시,경상,남,71세,승용차,상해없음,남,56세,자전거,경상,차대차 - 정면충돌,안전운전 의무 불이행,맑음,0,4
2018년 다발지,서울특별시 은평구5,서울특별시 은평구 대조동(서원빌딩 부근),2018-03-12,14시,경상,남,62세,승용차,상해없음,남,76세,자전거,경상,차대차 - 추돌,신호위반,맑음,0,4
2018년 다발지,서울특별시 은평구5,서울특별시 은평구 대조동(서원빌딩 부근),2018-06-19,18시,경상,남,79세,승용차,상해없음,여,30세,자전거,경상,차대차 - 기타,안전운전 의무 불이행,맑음,0,4
2018년 다발지,서울특별시 은평구5,서울특별시 은평구 대조동(서원빌딩 부근),2018-07-20,09시,경상,남,37세,승용차,상해없음,남,61세,자전거,경상,차대차 - 측면충돌,안전운전 의무 불이행,맑음,0,4
2018년 다발지,서울특별시 은평구6,서울특별시 은평구 대조동(파리바게뜨 역촌역점 부근),2018-07-13,14시,사망,남,92세,자전거,사망,여,76세,승용차,상해없음,차대차 - 기타,기타,맑음,1,2
2018년 다발지,서울특별시 은평구6,서울특별시 은평구 대조동(파리바게뜨 역촌역점 부근),2018-07-31,09시,중상,남,39세,원동기장치자전거,상해없음,여,64세,자전거,중상,차대차 - 측면충돌,신호위반,맑음,1,2
2018년 다발지,서울특별시 은평구6,서울특별시 은평구 대조동(파리바게뜨 역촌역점 부근),2018-08-22,07시,경상,남,45세,자전거,경상,여,61세,승용차,상해없음,차대차 - 기타,안전운전 의무 불이행,맑음,1,2
2018년 다발지,서울특별시 서대문구1,서울특별시 서대문구 북가좌동(뚜레쥬르 증산역점 부근),2018-04-10,07시,중상,남,68세,자전거,중상,남,32세,자전거,상해없음,차대차 - 측면충돌,신호위반,맑음,0,6
2018년 다발지,서울특별시 서대문구1,서울특별시 서대문구 북가좌동(뚜레쥬르 증산역점 부근),2018-05-27,20시,경상,여,40세,자전거,경상,여,32세,자전거,경상,차대차 - 측면충돌,안전운전 의무 불이행,맑음,0,6
2018년 다발지,서울특별시 서대문구1,서울특별시 서대문구 북가좌동(뚜레쥬르 증산역점 부근),2018-06-16,07시,경상,여,59세,자전거,경상,남,60세,승합차,상해없음,차대차 - 측면충돌,안전운전 의무 불이행,맑음,0,6
2018년 다발지,서울특별시 서대문구1,서울특별시 서대문구 북가좌동(뚜레쥬르 증산역점 부근),2018-08-02,08시,부상신고,남,75세,자전거,부상신고,남,37세,이륜차,상해없음,차대차 - 측면충돌,안전운전 의무 불이행,맑음,0,6
2018년 다발지,서울특별시 서대문구1,서울특별시 서대문구 북가좌동(뚜레쥬르 증산역점 부근),2018-11-07,04시,중상,기타불명,불명,불명,기타불명,남,35세,자전거,중상,차대차 - 기타,신호위반,비,0,6
2018년 다발지,서울특별시 마포구1,서울특별시 마포구 망원동(세븐일레븐 망원2호점 부근),2018-06-16,17시,경상,남,22세,자전거,경상,없음,불명,없음,없음,차량단독 - 기타,안전운전 의무 불이행,맑음,0,6
2018년 다발지,서울특별시 마포구1,서울특별시 마포구 망원동(세븐일레븐 망원2호점 부근),2018-07-05,20시,경상,여,44세,승용차,상해없음,여,63세,자전거,경상,차대차 - 추돌,안전운전 의무 불이행,맑음,0,6
2018년 다발지,서울특별시 마포구1,서울특별시 마포구 망원동(세븐일레븐 망원2호점 부근),2018-08-20,17시,경상,남,70세,승용차,상해없음,남,24세,자전거,경상,차대차 - 측면충돌,안전운전 의무 불이행,맑음,0,6
2018년 다발지,서울특별시 마포구1,서울특별시 마포구 망원동(세븐일레븐 망원2호점 부근),2018-08-21,15시,경상,남,67세,승용차,상해없음,남,17세,자전거,경상,차대차 - 측면충돌,기타,맑음,0,6
2018년 다발지,서울특별시 마포구1,서울특별시 마포구 망원동(세븐일레븐 망원2호점 부근),2018-10-01,18시,경상,남,14세,자전거,경상,남,64세,승용차,상해없음,차대차 - 측면충돌,안전운전 의무 불이행,맑음,0,6
2018년 다발지,서울특별시 마포구1,서울특별시 마포구 망원동(세븐일레븐 망원2호점 부근),2018-11-26,15시,중상,여,48세,승용차,상해없음,여,51세,자전거,중상,차대차 - 기타,기타,맑음,0,6
2018년 다발지,서울특별시 양천구1,서울특별시 양천구 목동(목동센트럴푸르지오아파트101동 부근),2018-02-27,20시,경상,기타불명,불명,불명,기타불명,남,46세,자전거,경상,차대차 - 기타,안전운전 의무 불이행,맑음,0,7
2018년 다발지,서울특별시 양천구1,서울특별시 양천구 목동(목동센트럴푸르지오아파트101동 부근),2018-03-03,19시,경상,기타불명,불명,불명,기타불명,남,18세,자전거,경상,차대차 - 기타,안전운전 의무 불이행,맑음,0,7
2018년 다발지,서울특별시 양천구1,서울특별시 양천구 목동(목동센트럴푸르지오아파트101동 부근),2018-05-31,06시,경상,남,76세,승용차,상해없음,남,40세,자전거,경상,차대차 - 측면충돌,신호위반,맑음,0,7
2018년 다발지,서울특별시 양천구1,서울특별시 양천구 목동(목동센트럴푸르지오아파트101동 부근),2018-07-08,09시,중상,여,55세,승용차,상해없음,남,13세,자전거,중상,차대차 - 기타,안전운전 의무 불이행,맑음,0,7
2018년 다발지,서울특별시 양천구1,서울특별시 양천구 목동(목동센트럴푸르지오아파트101동 부근),2018-07-25,19시,경상,남,52세,승용차,상해없음,남,16세,자전거,경상,차대차 - 기타,기타,맑음,0,7
2018년 다발지,서울특별시 양천구1,서울특별시 양천구 목동(목동센트럴푸르지오아파트101동 부근),2018-09-10,08시,경상,남,20세,이륜차,상해없음,남,26세,자전거,경상,차대차 - 기타,안전운전 의무 불이행,맑음,0,7
2018년 다발지,서울특별시 양천구1,서울특별시 양천구 목동(목동센트럴푸르지오아파트101동 부근),2018-10-11,18시,경상,남,38세,자전거,상해없음,여,60세,보행자,경상,차대사람 - 횡단중,안전운전 의무 불이행,맑음,0,7
2018년 다발지,서울특별시 양천구2,서울특별시 양천구 신정동(목동9.10단지삼거리 부근),2018-01-21,09시,중상,남,64세,승용차,상해없음,여,52세,자전거,중상,차대차 - 기타,기타,맑음,0,5
2018년 다발지,서울특별시 양천구2,서울특별시 양천구 신정동(목동9.10단지삼거리 부근),2018-01-31,19시,경상,남,50세,승용차,상해없음,남,51세,자전거,경상,차대차 - 기타,교차로 통행방법 위반,맑음,0,5
2018년 다발지,서울특별시 양천구2,서울특별시 양천구 신정동(목동9.10단지삼거리 부근),2018-03-13,13시,경상,여,51세,자전거,상해없음,여,20세,보행자,경상,차대사람 - 기타,기타,맑음,0,5
2018년 다발지,서울특별시 양천구2,서울특별시 양천구 신정동(목동9.10단지삼거리 부근),2018-11-07,08시,중상,남,55세,승용차,상해없음,여,50세,자전거,중상,차대차 - 측면충돌,신호위반,비,0,5
2018년 다발지,서울특별시 양천구2,서울특별시 양천구 신정동(목동9.10단지삼거리 부근),2018-11-18,08시,경상,여,45세,승용차,상해없음,여,62세,자전거,경상,차대차 - 측면충돌,신호위반,맑음,0,5
2018년 다발지,서울특별시 양천구3,서울특별시 양천구 신정동(목동공인중개사사무소 부근),2018-04-19,01시,경상,남,61세,승용차,상해없음,여,57세,자전거,경상,차대차 - 기타,신호위반,맑음,0,5
2018년 다발지,서울특별시 양천구3,서울특별시 양천구 신정동(목동공인중개사사무소 부근),2018-06-07,11시,부상신고,남,18세,자전거,부상신고,남,54세,승합차,상해없음,차대차 - 측면충돌,안전운전 의무 불이행,맑음,0,5
2018년 다발지,서울특별시 양천구3,서울특별시 양천구 신정동(목동공인중개사사무소 부근),2018-10-03,14시,부상신고,남,25세,자전거,부상신고,여,42세,승용차,상해없음,차대차 - 기타,안전운전 의무 불이행,맑음,0,5
2018년 다발지,서울특별시 양천구3,서울특별시 양천구 신정동(목동공인중개사사무소 부근),2018-10-17,08시,중상,여,58세,자전거,중상,남,36세,승용차,상해없음,차대차 - 측면충돌,안전운전 의무 불이행,맑음,0,5
2018년 다발지,서울특별시 양천구3,서울특별시 양천구 신정동(목동공인중개사사무소 부근),2018-11-08,03시,중상,여,37세,승용차,상해없음,여,54세,자전거,중상,차대차 - 기타,안전운전 의무 불이행,비,0,5
2018년 다발지,서울특별시 양천구4,서울특별시 양천구 신월동(과학수사연구원입구사거리 부근),2018-08-26,03시,부상신고,남,57세,승용차,상해없음,남,32세,자전거,부상신고,차대차 - 측면충돌,신호위반,맑음,0,7
2018년 다발지,서울특별시 양천구4,서울특별시 양천구 신월동(과학수사연구원입구사거리 부근),2018-09-02,21시,중상,남,22세,자전거,경상,남,45세,승합차,상해없음,차대차 - 측면충돌,중앙선 침범,맑음,0,7
2018년 다발지,서울특별시 양천구4,서울특별시 양천구 신월동(과학수사연구원입구사거리 부근),2018-10-13,15시,경상,남,41세,화물차,상해없음,남,62세,자전거,경상,차대차 - 기타,안전운전 의무 불이행,맑음,0,7
2018년 다발지,서울특별시 양천구4,서울특별시 양천구 신월동(과학수사연구원입구사거리 부근),2018-11-05,06시,경상,남,41세,자전거,경상,남,53세,승합차,상해없음,차대차 - 기타,안전운전 의무 불이행,맑음,0,7
2018년 다발지,서울특별시 양천구5,서울특별시 양천구 목동(목동2단지아파트입구 부근),2018-01-15,14시,경상,여,59세,승용차,상해없음,남,70세,자전거,경상,차대차 - 추돌,안전운전 의무 불이행,맑음,0,4
2018년 다발지,서울특별시 양천구5,서울특별시 양천구 목동(목동2단지아파트입구 부근),2018-08-05,16시,경상,남,62세,화물차,상해없음,여,9세,자전거,경상,차대차 - 기타,신호위반,맑음,0,4
2018년 다발지,서울특별시 양천구5,서울특별시 양천구 목동(목동2단지아파트입구 부근),2018-08-09,18시,경상,여,33세,승용차,상해없음,남,13세,자전거,경상,차대차 - 기타,안전운전 의무 불이행,맑음,0,4
2018년 다발지,서울특별시 양천구5,서울특별시 양천구 목동(목동2단지아파트입구 부근),2018-09-21,17시,중상,남,16세,자전거,상해없음,여,85세,보행자,중상,차대사람 - 기타,기타,맑음,0,4
2018년 다발지,서울특별시 양천구6,서울특별시 양천구 신정동(에반이즈사고력교육목동직영센터 부근),2018-03-06,13시,경상,남,67세,자전거,경상,여,52세,승용차,상해없음,차대차 - 추돌,신호위반,맑음,0,4
2018년 다발지,서울특별시 양천구6,서울특별시 양천구 신정동(에반이즈사고력교육목동직영센터 부근),2018-03-21,10시,부상신고,여,47세,자전거,부상신고,여,40세,승용차,상해없음,차대차 - 기타,기타,맑음,0,4
2018년 다발지,서울특별시 양천구6,서울특별시 양천구 신정동(에반이즈사고력교육목동직영센터 부근),2018-04-19,08시,경상,남,14세,자전거,경상,남,60세,승용차,상해없음,차대차 - 기타,안전운전 의무 불이행,맑음,0,4
2018년 다발지,서울특별시 양천구6,서울특별시 양천구 신정동(에반이즈사고력교육목동직영센터 부근),2018-07-23,19시,경상,남,50세,자전거,경상,여,43세,승용차,상해없음,차대차 - 기타,안전운전 의무 불이행,맑음,0,4
2018년 다발지,서울특별시 강서구1,서울특별시 강서구 화곡동(강서구청입구교차로 부근),2018-03-08,21시,부상신고,여,61세,자전거,부상신고,남,58세,승용차,상해없음,차대차 - 기타,기타,흐림,0,7
2018년 다발지,서울특별시 강서구1,서울특별시 강서구 화곡동(강서구청입구교차로 부근),2018-04-02,19시,경상,남,37세,승용차,상해없음,남,53세,자전거,경상,차대차 - 측면충돌,안전운전 의무 불이행,맑음,0,7
2018년 다발지,서울특별시 강서구1,서울특별시 강서구 화곡동(강서구청입구교차로 부근),2018-06-27,16시,부상신고,남,51세,자전거,부상신고,남,35세,이륜차,상해없음,차대차 - 기타,기타,맑음,0,7
2018년 다발지,서울특별시 강서구1,서울특별시 강서구 화곡동(강서구청입구교차로 부근),2018-07-05,10시,경상,남,15세,자전거,경상,남,57세,승용차,상해없음,차대차 - 측면충돌,기타,맑음,0,7
2018년 다발지,서울특별시 강서구1,서울특별시 강서구 화곡동(강서구청입구교차로 부근),2018-08-31,15시,부상신고,여,50세,자전거,부상신고,남,26세,승용차,상해없음,차대차 - 기타,안전운전 의무 불이행,맑음,0,7
2018년 다발지,서울특별시 강서구1,서울특별시 강서구 화곡동(강서구청입구교차로 부근),2018-09-09,21시,부상신고,남,62세,승용차,상해없음,남,40세,자전거,부상신고,차대차 - 측면충돌,안전운전 의무 불이행,맑음,0,7
2018년 다발지,서울특별시 강서구1,서울특별시 강서구 화곡동(강서구청입구교차로 부근),2018-10-11,19시,부상신고,남,36세,자전거,부상신고,남,62세,승용차,상해없음,차대차 - 측면충돌,안전운전 의무 불이행,맑음,0,7
2018년 다발지,서울특별시 강서구2,서울특별시 강서구 화곡동(능력교회신월성전 부근),2018-01-05,09시,경상,남,63세,승용차,상해없음,여,48세,자전거,경상,차대차 - 기타,기타,맑음,0,4
2018년 다발지,서울특별시 강서구2,서울특별시 강서구 화곡동(능력교회신월성전 부근),2018-06-18,20시,중상,남,47세,승용차,상해없음,남,70세,자전거,중상,차대차 - 후진중충돌,안전운전 의무 불이행,맑음,0,4
2018년 다발지,서울특별시 강서구2,서울특별시 강서구 화곡동(능력교회신월성전 부근),2018-08-20,14시,중상,여,38세,승용차,상해없음,여,48세,자전거,중상,차대차 - 측면충돌,기타,맑음,0,4
2018년 다발지,서울특별시 강서구2,서울특별시 강서구 화곡동(능력교회신월성전 부근),2018-11-18,18시,경상,남,52세,자전거,경상,남,59세,승용차,기타불명,차대차 - 기타,안전운전 의무 불이행,맑음,0,4
2018년 다발지,서울특별시 구로구1,서울특별시 구로구 구로동(동구로새마을금고 본점 부근),2018-01-21,07시,중상,남,57세,승용차,상해없음,여,50세,자전거,중상,차대차 - 추돌,신호위반,맑음,0,8
2018년 다발지,서울특별시 구로구1,서울특별시 구로구 구로동(동구로새마을금고 본점 부근),2018-06-08,17시,경상,남,8세,자전거,경상,남,57세,승용차,상해없음,차대차 - 측면충돌,기타,맑음,0,8
2018년 다발지,서울특별시 구로구1,서울특별시 구로구 구로동(동구로새마을금고 본점 부근),2018-06-22,17시,경상,남,26세,자전거,상해없음,남,51세,자전거,경상,차대차 - 기타,안전운전 의무 불이행,맑음,0,8
2018년 다발지,서울특별시 구로구1,서울특별시 구로구 구로동(동구로새마을금고 본점 부근),2018-09-18,16시,경상,남,22세,이륜차,경상,남,12세,자전거,경상,차대차 - 정면충돌,신호위반,맑음,0,8
2018년 다발지,서울특별시 구로구1,서울특별시 구로구 구로동(동구로새마을금고 본점 부근),2018-09-25,15시,경상,여,58세,승용차,상해없음,남,54세,자전거,경상,차대차 - 기타,안전운전 의무 불이행,맑음,0,8
2018년 다발지,서울특별시 구로구1,서울특별시 구로구 구로동(동구로새마을금고 본점 부근),2018-10-08,11시,경상,여,62세,승용차,상해없음,남,35세,자전거,경상,차대차 - 기타,안전운전 의무 불이행,맑음,0,8
2018년 다발지,서울특별시 구로구1,서울특별시 구로구 구로동(동구로새마을금고 본점 부근),2018-10-17,05시,중상,남,62세,자전거,중상,남,50세,승합차,상해없음,차대차 - 측면충돌,안전운전 의무 불이행,맑음,0,8
2018년 다발지,서울특별시 구로구2,서울특별시 구로구 신도림동(구로구리틀야구장 부근),2018-05-22,15시,경상,남,68세,승용차,상해없음,남,40세,자전거,경상,차대차 - 정면충돌,신호위반,비,0,5
2018년 다발지,서울특별시 구로구2,서울특별시 구로구 신도림동(구로구리틀야구장 부근),2018-07-08,22시,중상,기타불명,불명,자전거,기타불명,남,62세,자전거,중상,차대차 - 기타,안전운전 의무 불이행,맑음,0,5
2018년 다발지,서울특별시 구로구2,서울특별시 구로구 신도림동(구로구리틀야구장 부근),2018-08-11,06시,경상,남,55세,자전거,경상,여,62세,자전거,상해없음,차대차 - 기타,안전운전 의무 불이행,맑음,0,5
2018년 다발지,서울특별시 구로구2,서울특별시 구로구 신도림동(구로구리틀야구장 부근),2018-09-09,19시,경상,남,62세,자전거,경상,남,54세,자전거,상해없음,차대차 - 측면충돌,안전운전 의무 불이행,맑음,0,5
2018년 다발지,서울특별시 구로구2,서울특별시 구로구 신도림동(구로구리틀야구장 부근),2018-09-25,17시,중상,남,58세,자전거,상해없음,남,46세,자전거,중상,차대차 - 추돌,안전운전 의무 불이행,맑음,0,5
2018년 다발지,서울특별시 구로구3,서울특별시 구로구 개봉동(sk에너지 개봉주유소 부근),2018-07-07,18시,중상,남,78세,승용차,상해없음,남,32세,자전거,중상,차대차 - 측면충돌,안전운전 의무 불이행,맑음,0,4
2018년 다발지,서울특별시 구로구3,서울특별시 구로구 개봉동(sk에너지 개봉주유소 부근),2018-07-27,13시,부상신고,남,61세,자전거,부상신고,남,51세,승용차,상해없음,차대차 - 정면충돌,중앙선 침범,맑음,0,4
2018년 다발지,서울특별시 구로구3,서울특별시 구로구 개봉동(sk에너지 개봉주유소 부근),2018-08-10,06시,경상,남,56세,화물차,상해없음,남,68세,자전거,경상,차대차 - 기타,안전운전 의무 불이행,맑음,0,4
2018년 다발지,서울특별시 구로구3,서울특별시 구로구 개봉동(sk에너지 개봉주유소 부근),2018-10-08,12시,중상,남,75세,승용차,상해없음,남,54세,자전거,중상,차대차 - 측면충돌,안전운전 의무 불이행,맑음,0,4
2018년 다발지,서울특별시 금천구1,서울특별시 금천구 시흥동(은행나무시장 부근),2018-05-07,20시,경상,남,63세,자전거,경상,여,54세,승용차,상해없음,차대차 - 기타,안전운전 의무 불이행,맑음,0,5
2018년 다발지,서울특별시 금천구1,서울특별시 금천구 시흥동(은행나무시장 부근),2018-06-21,21시,중상,남,26세,승용차,상해없음,남,67세,자전거,중상,차대차 - 기타,신호위반,맑음,0,5
2018년 다발지,서울특별시 금천구1,서울특별시 금천구 시흥동(은행나무시장 부근),2018-08-07,07시,경상,남,22세,자전거,경상,남,34세,승용차,상해없음,차대차 - 기타,신호위반,맑음,0,5
2018년 다발지,서울특별시 금천구1,서울특별시 금천구 시흥동(은행나무시장 부근),2018-08-09,05시,경상,남,73세,자전거,경상,남,65세,승용차,상해없음,차대차 - 측면충돌,중앙선 침범,맑음,0,5
2018년 다발지,서울특별시 금천구1,서울특별시 금천구 시흥동(은행나무시장 부근),2018-12-27,18시,중상,남,46세,승용차,상해없음,남,15세,자전거,중상,차대차 - 기타,안전운전 의무 불이행,맑음,0,5
2018년 다발지,서울특별시 금천구2,서울특별시 금천구 독산동(태천대오피스텔 부근),2018-03-02,10시,부상신고,기타불명,불명,불명,기타불명,남,62세,자전거,부상신고,차대차 - 측면충돌,안전운전 의무 불이행,맑음,0,5
2018년 다발지,서울특별시 금천구2,서울특별시 금천구 독산동(태천대오피스텔 부근),2018-04-11,08시,경상,남,26세,화물차,상해없음,여,48세,자전거,경상,차대차 - 측면충돌,안전운전 의무 불이행,맑음,0,5
2018년 다발지,서울특별시 금천구2,서울특별시 금천구 독산동(태천대오피스텔 부근),2018-05-11,16시,중상,여,18세,자전거,중상,남,37세,승용차,상해없음,차대차 - 측면충돌,기타,맑음,0,5
2018년 다발지,서울특별시 금천구2,서울특별시 금천구 독산동(태천대오피스텔 부근),2018-06-07,17시,경상,여,47세,승용차,상해없음,남,78세,자전거,경상,차대차 - 기타,안전운전 의무 불이행,맑음,0,5
2018년 다발지,서울특별시 금천구2,서울특별시 금천구 독산동(태천대오피스텔 부근),2018-09-09,10시,경상,남,70세,자전거,경상,여,38세,승용차,상해없음,차대차 - 기타,중앙선 침범,맑음,0,5
2018년 다발지,서울특별시 영등포구1,서울특별시 영등포구 도림동(신도림역입구교차로 부근),2018-04-19,13시,중상,여,64세,자전거,기타불명,여,83세,보행자,중상,차대사람 - 기타,안전운전 의무 불이행,맑음,0,9
2018년 다발지,서울특별시 영등포구1,서울특별시 영등포구 도림동(신도림역입구교차로 부근),2018-06-04,07시,경상,여,57세,자전거,경상,남,65세,승용차,상해없음,차대차 - 기타,안전운전 의무 불이행,맑음,0,9
2018년 다발지,서울특별시 영등포구1,서울특별시 영등포구 도림동(신도림역입구교차로 부근),2018-06-12,08시,부상신고,남,71세,승합차,상해없음,남,72세,자전거,부상신고,차대차 - 측면충돌,안전운전 의무 불이행,맑음,0,9
2018년 다발지,서울특별시 영등포구1,서울특별시 영등포구 도림동(신도림역입구교차로 부근),2018-06-19,16시,경상,남,50세,자전거,상해없음,남,28세,이륜차,경상,차대차 - 측면충돌,중앙선 침범,맑음,0,9
2018년 다발지,서울특별시 영등포구1,서울특별시 영등포구 도림동(신도림역입구교차로 부근),2018-10-26,18시,부상신고,남,79세,자전거,부상신고,남,35세,승용차,상해없음,차대차 - 측면충돌,안전운전 의무 불이행,맑음,0,9
2018년 다발지,서울특별시 영등포구1,서울특별시 영등포구 도림동(신도림역입구교차로 부근),2018-11-01,09시,경상,남,39세,승용차,상해없음,남,47세,자전거,경상,차대차 - 기타,안전운전 의무 불이행,맑음,0,9
2018년 다발지,서울특별시 영등포구1,서울특별시 영등포구 도림동(신도림역입구교차로 부근),2018-11-02,18시,경상,남,38세,승용차,상해없음,여,24세,자전거,경상,차대차 - 기타,안전운전 의무 불이행,맑음,0,9
2018년 다발지,서울특별시 영등포구1,서울특별시 영등포구 도림동(신도림역입구교차로 부근),2018-11-18,12시,중상,남,64세,자전거,경상,남,24세,이륜차,중상,차대차 - 측면충돌,안전운전 의무 불이행,맑음,0,9
2018년 다발지,서울특별시 영등포구2,서울특별시 영등포구 대림동(대림3동사거리 부근),2018-01-12,10시,중상,남,69세,화물차,상해없음,남,62세,자전거,중상,차대차 - 측면충돌,신호위반,맑음,0,8
2018년 다발지,서울특별시 영등포구2,서울특별시 영등포구 대림동(대림3동사거리 부근),2018-03-01,14시,경상,남,61세,자전거,경상,남,27세,승용차,상해없음,차대차 - 측면충돌,중앙선 침범,맑음,0,8
2018년 다발지,서울특별시 영등포구2,서울특별시 영등포구 대림동(대림3동사거리 부근),2018-04-03,16시,경상,남,71세,화물차,상해없음,남,76세,자전거,경상,차대차 - 기타,중앙선 침범,맑음,0,8
2018년 다발지,서울특별시 영등포구2,서울특별시 영등포구 대림동(대림3동사거리 부근),2018-05-08,19시,경상,남,41세,자전거,상해없음,여,47세,자전거,경상,차대차 - 측면충돌,신호위반,맑음,0,8
2018년 다발지,서울특별시 영등포구2,서울특별시 영등포구 대림동(대림3동사거리 부근),2018-05-23,11시,부상신고,여,42세,자전거,부상신고,남,50세,이륜차,상해없음,차대차 - 기타,중앙선 침범,맑음,0,8
2018년 다발지,서울특별시 영등포구2,서울특별시 영등포구 대림동(대림3동사거리 부근),2018-09-05,14시,경상,남,26세,자전거,경상,남,59세,화물차,상해없음,차대차 - 기타,안전운전 의무 불이행,맑음,0,8
2018년 다발지,서울특별시 영등포구2,서울특별시 영등포구 대림동(대림3동사거리 부근),2018-09-15,15시,경상,남,65세,자전거,경상,남,60세,승용차,상해없음,차대차 - 측면충돌,안전운전 의무 불이행,흐림,0,8
2018년 다발지,서울특별시 영등포구2,서울특별시 영등포구 대림동(대림3동사거리 부근),2018-11-28,11시,부상신고,여,54세,자전거,부상신고,남,26세,승용차,상해없음,차대차 - 기타,안전운전 의무 불이행,맑음,0,8
2018년 다발지,서울특별시 영등포구3,서울특별시 영등포구 영등포동8가(영등포전화국사거리 부근),2018-02-15,06시,중상,남,38세,승용차,상해없음,남,72세,자전거,중상,차대차 - 기타,중앙선 침범,맑음,0,7
2018년 다발지,서울특별시 영등포구3,서울특별시 영등포구 영등포동8가(영등포전화국사거리 부근),2018-04-13,17시,경상,남,12세,자전거,경상,여,64세,승용차,상해없음,차대차 - 측면충돌,안전거리 미확보,맑음,0,7
2018년 다발지,서울특별시 영등포구3,서울특별시 영등포구 영등포동8가(영등포전화국사거리 부근),2018-04-16,13시,경상,여,57세,자전거,경상,남,25세,승용차,상해없음,차대차 - 측면충돌,안전운전 의무 불이행,맑음,0,7
2018년 다발지,서울특별시 영등포구3,서울특별시 영등포구 영등포동8가(영등포전화국사거리 부근),2018-04-19,18시,부상신고,남,29세,자전거,부상신고,남,40세,승합차,상해없음,차대차 - 측면충돌,신호위반,맑음,0,7
2018년 다발지,서울특별시 영등포구3,서울특별시 영등포구 영등포동8가(영등포전화국사거리 부근),2018-06-13,10시,부상신고,남,64세,자전거,부상신고,남,67세,승용차,상해없음,차대차 - 추돌,안전운전 의무 불이행,맑음,0,7
2018년 다발지,서울특별시 영등포구3,서울특별시 영등포구 영등포동8가(영등포전화국사거리 부근),2018-09-30,09시,중상,남,72세,승합차,상해없음,남,74세,자전거,중상,차대차 - 측면충돌,안전거리 미확보,맑음,0,7
2018년 다발지,서울특별시 영등포구3,서울특별시 영등포구 영등포동8가(영등포전화국사거리 부근),2018-11-10,20시,경상,남,21세,자전거,경상,남,27세,승용차,상해없음,차대차 - 정면충돌,안전운전 의무 불이행,맑음,0,7
2018년 다발지,서울특별시 영등포구4,서울특별시 영등포구 대림동(구로도서관 부근),2018-03-22,00시,경상,남,61세,승용차,상해없음,남,15세,자전거,경상,차대차 - 기타,신호위반,맑음,0,7
2018년 다발지,서울특별시 영등포구4,서울특별시 영등포구 대림동(구로도서관 부근),2018-08-02,09시,중상,남,65세,자전거,중상,남,56세,승용차,상해없음,차대차 - 측면충돌,안전운전 의무 불이행,맑음,0,7
2018년 다발지,서울특별시 영등포구4,서울특별시 영등포구 대림동(구로도서관 부근),2018-09-30,19시,부상신고,남,63세,승용차,상해없음,남,11세,자전거,부상신고,차대차 - 기타,신호위반,맑음,0,7
2018년 다발지,서울특별시 영등포구4,서울특별시 영등포구 대림동(구로도서관 부근),2018-10-03,10시,경상,남,63세,자전거,경상,여,62세,자전거,상해없음,차대차 - 기타,안전운전 의무 불이행,맑음,0,7
2018년 다발지,서울특별시 영등포구4,서울특별시 영등포구 대림동(구로도서관 부근),2018-10-09,14시,경상,여,46세,자전거,상해없음,남,45세,자전거,경상,차대차 - 기타,안전운전 의무 불이행,맑음,0,7
2018년 다발지,서울특별시 영등포구4,서울특별시 영등포구 대림동(구로도서관 부근),2018-10-16,00시,경상,여,52세,자전거,경상,여,31세,승용차,상해없음,차대차 - 기타,중앙선 침범,맑음,0,7
2018년 다발지,서울특별시 영등포구4,서울특별시 영등포구 대림동(구로도서관 부근),2018-11-25,12시,경상,여,64세,자전거,경상,남,73세,승용차,상해없음,차대차 - 측면충돌,안전운전 의무 불이행,맑음,0,7
2018년 다발지,서울특별시 영등포구5,서울특별시 영등포구 양평동6가(양화한강공원농구장 부근),2018-06-24,09시,경상,남,43세,자전거,경상,남,59세,보행자,경상,차대사람 - 기타,안전운전 의무 불이행,맑음,0,9