다발지구분,다발지시군구,지점명,발생일,발생시간대,사고내용,가해자성별,가해자연령,가해자차종,가해자신체상해정도,피해자성별,피해자연령,피해자차종,피해자신체상해정도,사고유형,법규위반사항,기상상태,사망자수,부상자수
2018년 다발지,경기도 고양시 일산서구1,경기도 고양시 일산서구 대화동(일산서구청사거리 부근),2018-03-29,01시,경상,남,59세,승용차,상해없음,여,57세,자전거,경상,차대차 - 측면충돌,안전운전 의무 불이행,맑음,0,4
2018년 다발지,경기도 고양시 일산서구1,경기도 고양시 일산서구 대화동(일산서구청사거리 부근),2018-07-14,12시,경상,여,49세,자전거,상해없음,여,72세,보행자,경상,차대사람 - 기타,기타,맑음,0,4
2018년 다발지,경기도 고양시 일산서구1,경기도 고양시 일산서구 대화동(일산서구청사거리 부근),2018-10-07,09시,부상신고,여,41세,승용차,상해없음,남,7세,자전거,부상신고,차대차 - 측면충돌,안전운전 의무 불이행,맑음,0,4
2018년 다발지,경기도 고양시 일산서구1,경기도 고양시 일산서구 대화동(일산서구청사거리 부근),2018-10-16,10시,중상,남,47세,화물차,상해없음,남,76세,자전거,중상,차대차 - 측면충돌,안전운전 의무 불이행,맑음,0,4
2018년 다발지,경기도 오산시1,경기도 오산시 오산동(중원사거리 부근),2018-04-15,19시,중상,남,27세,승용차,상해없음,남,70세,자전거,중상,차대차 - 측면충돌,안전운전 의무 불이행,맑음,0,7
2018년 다발지,경기도 오산시1,경기도 오산시 오산동(중원사거리 부근),2018-04-26,19시,중상,여,58세,자전거,중상,남,19세,이륜차,상해없음,차대차 - 측면충돌,안전운전 의무 불이행,맑음,0,7
2018년 다발지,경기도 오산시1,경기도 오산시 오산동(중원사거리 부근),2018-07-25,14시,경상,남,64세,자전거,상해없음,여,54세,보행자,경상,차대사람 - 횡단중,기타,맑음,0,7
2018년 다발지,경기도 오산시1,경기도 오산시 오산동(중원사거리 부근),2018-09-05,08시,중상,여,32세,자전거,상해없음,여,36세,자전거,중상,차대차 - 측면충돌,안전운전 의무 불이행,맑음,0,7
2018년 다발지,경기도 오산시1,경기도 오산시 오산동(중원사거리 부근),2018-10-15,10시,경상,남,56세,자전거,경상,여,48세,승용차,상해없음,차대차 - 기타,기타,맑음,0,7
2018년 다발지,경기도 오산시1,경기도 오산시 오산동(중원사거리 부근),2018-11-13,14시,중상,남,76세,자전거,중상,남,46세,승합차,상해없음,차대차 - 기타,기타,맑음,0,7
2018년 다발지,경기도 오산시1,경기도 오산시 오산동(중원사거리 부근),2018-11-20,15시,중상,남,74세,승용차,상해없음,여,57세,자전거,중상,차대차 - 기타,기타,맑음,0,7
2018년 다발지,경기도 오산시2,경기도 오산시 오산동(콜마트 부근),2018-04-21,17시,경상,남,11세,자전거,경상,남,24세,승용차,상해없음,차대차 - 측면충돌,중앙선 침범,맑음,0,7
2018년 다발지,경기도 오산시2,경기도 오산시 오산동(콜마트 부근),2018-06-28,16시,경상,남,76세,자전거,경상,여,47세,승용차,상해없음,차대차 - 추돌,안전운전 의무 불이행,맑음,0,7
2018년 다발지,경기도 오산시2,경기도 오산시 오산동(콜마트 부근),2018-07-30,13시,경상,남,53세,원동기장치자전거,상해없음,남,12세,자전거,경상,차대차 - 측면충돌,신호위반,맑음,0,7
2018년 다발지,경기도 오산시2,경기도 오산시 오산동(콜마트 부근),2018-08-29,23시,경상,남,25세,승합차,상해없음,남,58세,자전거,경상,차대차 - 측면충돌,안전운전 의무 불이행,비,0,7
2018년 다발지,경기도 오산시2,경기도 오산시 오산동(콜마트 부근),2018-09-02,02시,중상,남,26세,승용차,상해없음,남,27세,자전거,중상,차대차 - 측면충돌,기타,맑음,0,7
2018년 다발지,경기도 오산시2,경기도 오산시 오산동(콜마트 부근),2018-09-04,17시,경상,남,70세,승용차,상해없음,남,49세,자전거,경상,차대차 - 측면충돌,교차로 통행방법 위반,맑음,0,7
2018년 다발지,경기도 오산시2,경기도 오산시 오산동(콜마트 부근),2018-12-22,18시,중상,여,58세,승용차,상해없음,여,56세,자전거,중상,차대차 - 기타,신호위반,맑음,0,7
2018년 다발지,경기도 오산시3,경기도 오산시 오산동(대원약국 부근),2018-02-10,06시,경상,남,48세,승용차,상해없음,남,64세,자전거,경상,차대차 - 기타,교차로 통행방법 위반,맑음,1,7
2018년 다발지,경기도 오산시3,경기도 오산시 오산동(대원약국 부근),2018-03-12,17시,부상신고,남,50세,승용차,상해없음,남,16세,자전거,상해없음,차대차 - 측면충돌,안전운전 의무 불이행,맑음,1,7
2018년 다발지,경기도 오산시3,경기도 오산시 오산동(대원약국 부근),2018-05-01,07시,사망,남,53세,자전거,부상신고,남,29세,화물차,상해없음,차대차 - 기타,안전운전 의무 불이행,맑음,1,7
2018년 다발지,경기도 오산시3,경기도 오산시 오산동(대원약국 부근),2018-05-10,10시,중상,남,65세,건설기계,상해없음,남,81세,자전거,중상,차대차 - 측면충돌,기타,맑음,1,7
2018년 다발지,경기도 오산시3,경기도 오산시 오산동(대원약국 부근),2018-09-28,12시,경상,남,61세,화물차,상해없음,남,68세,자전거,경상,차대차 - 추돌,안전운전 의무 불이행,맑음,1,7
2018년 다발지,경기도 오산시3,경기도 오산시 오산동(대원약국 부근),2018-09-30,21시,중상,여,24세,승용차,상해없음,남,58세,자전거,중상,차대차 - 기타,안전운전 의무 불이행,맑음,1,7
2018년 다발지,경기도 오산시4,경기도 오산시 오산동(CU 오산남촌점 부근),2018-09-08,11시,경상,여,24세,승용차,상해없음,남,81세,자전거,경상,차대차 - 기타,안전운전 의무 불이행,맑음,0,4
2018년 다발지,경기도 오산시4,경기도 오산시 오산동(CU 오산남촌점 부근),2018-09-16,05시,부상신고,여,66세,자전거,부상신고,남,40세,승용차,상해없음,차대차 - 기타,안전운전 의무 불이행,비,0,4
2018년 다발지,경기도 오산시4,경기도 오산시 오산동(CU 오산남촌점 부근),2018-10-18,17시,중상,남,58세,자전거,중상,남,44세,화물차,상해없음,차대차 - 추돌,교차로 통행방법 위반,비,0,4
2018년 다발지,경기도 오산시4,경기도 오산시 오산동(CU 오산남촌점 부근),2018-12-23,11시,경상,남,37세,승용차,상해없음,남,61세,자전거,경상,차대차 - 측면충돌,안전운전 의무 불이행,맑음,0,4
2018년 다발지,경기도 시흥시1,경기도 시흥시 정왕동(GS25 시흥정왕점 부근),2018-01-24,22시,중상,여,45세,자전거,중상,남,17세,이륜차,상해없음,차대차 - 측면충돌,기타,맑음,0,5
2018년 다발지,경기도 시흥시1,경기도 시흥시 정왕동(GS25 시흥정왕점 부근),2018-02-19,19시,경상,여,50세,자전거,경상,여,39세,승용차,상해없음,차대차 - 측면충돌,신호위반,맑음,0,5
2018년 다발지,경기도 시흥시1,경기도 시흥시 정왕동(GS25 시흥정왕점 부근),2018-06-09,14시,부상신고,여,57세,자전거,부상신고,남,38세,승용차,상해없음,차대차 - 기타,안전운전 의무 불이행,맑음,0,5
2018년 다발지,경기도 시흥시1,경기도 시흥시 정왕동(GS25 시흥정왕점 부근),2018-08-12,00시,부상신고,남,33세,승용차,상해없음,남,49세,자전거,부상신고,차대차 - 기타,안전운전 의무 불이행,맑음,0,5
2018년 다발지,경기도 시흥시1,경기도 시흥시 정왕동(GS25 시흥정왕점 부근),2018-12-22,10시,경상,남,66세,자전거,경상,남,43세,화물차,상해없음,차대차 - 측면충돌,안전운전 의무 불이행,맑음,0,5
2018년 다발지,경기도 시흥시2,경기도 시흥시 정왕동(정왕역앞 부근),2018-02-28,06시,부상신고,기타불명,불명,불명,기타불명,남,33세,자전거,부상신고,차대차 - 기타,안전운전 의무 불이행,맑음,0,5
2018년 다발지,경기도 시흥시2,경기도 시흥시 정왕동(정왕역앞 부근),2018-03-29,13시,경상,여,54세,승용차,상해없음,남,49세,자전거,경상,차대차 - 기타,안전운전 의무 불이행,맑음,0,5
2018년 다발지,경기도 시흥시2,경기도 시흥시 정왕동(정왕역앞 부근),2018-06-09,13시,경상,남,16세,자전거,상해없음,남,15세,자전거,경상,차대차 - 측면충돌,안전운전 의무 불이행,맑음,0,5
2018년 다발지,경기도 시흥시2,경기도 시흥시 정왕동(정왕역앞 부근),2018-06-10,12시,중상,남,32세,자전거,상해없음,여,68세,자전거,중상,차대차 - 측면충돌,신호위반,맑음,0,5
2018년 다발지,경기도 시흥시2,경기도 시흥시 정왕동(정왕역앞 부근),2018-12-14,17시,부상신고,남,40세,자전거,부상신고,여,50세,승용차,상해없음,차대차 - 측면충돌,중앙선 침범,맑음,0,5
2018년 다발지,경기도 시흥시3,경기도 시흥시 정왕동(시화병원사거리 부근),2018-09-03,21시,중상,남,33세,화물차,상해없음,여,58세,자전거,중상,차대차 - 측면충돌,신호위반,비,0,4
2018년 다발지,경기도 시흥시3,경기도 시흥시 정왕동(시화병원사거리 부근),2018-11-02,00시,중상,남,18세,승용차,상해없음,남,48세,자전거,중상,차대차 - 추돌,교차로 통행방법 위반,맑음,0,4
2018년 다발지,경기도 시흥시3,경기도 시흥시 정왕동(시화병원사거리 부근),2018-12-05,19시,경상,기타불명,불명,불명,기타불명,남,14세,자전거,경상,차대차 - 측면충돌,신호위반,맑음,0,4
2018년 다발지,경기도 시흥시3,경기도 시흥시 정왕동(시화병원사거리 부근),2018-12-17,07시,경상,여,61세,자전거,경상,여,46세,원동기장치자전거,상해없음,차대차 - 정면충돌,안전운전 의무 불이행,맑음,0,4
2018년 다발지,경기도 군포시1,경기도 군포시 산본동(중앙공원사거리 부근),2018-06-05,19시,경상,남,70세,승용차,상해없음,남,13세,자전거,경상,차대차 - 기타,기타,맑음,0,4
2018년 다발지,경기도 군포시1,경기도 군포시 산본동(중앙공원사거리 부근),2018-06-30,07시,중상,남,70세,자전거,중상,여,65세,승용차,상해없음,차대차 - 기타,안전운전 의무 불이행,맑음,0,4
2018년 다발지,경기도 군포시1,경기도 군포시 산본동(중앙공원사거리 부근),2018-07-24,23시,중상,남,54세,자전거,중상,남,61세,승용차,상해없음,차대차 - 측면충돌,안전운전 의무 불이행,맑음,0,4
2018년 다발지,경기도 군포시1,경기도 군포시 산본동(중앙공원사거리 부근),2018-09-27,11시,경상,남,79세,자전거,경상,남,57세,승용차,상해없음,차대차 - 측면충돌,안전운전 의무 불이행,맑음,0,4
2018년 다발지,경기도 하남시1,경기도 하남시 덕풍동(하남풍산새뜰마을휴먼시아3단지아파트입구 부근),2018-04-21,09시,중상,여,44세,승용차,상해없음,남,75세,자전거,중상,차대차 - 측면충돌,안전운전 의무 불이행,맑음,0,6
2018년 다발지,경기도 하남시1,경기도 하남시 덕풍동(하남풍산새뜰마을휴먼시아3단지아파트입구 부근),2018-04-28,16시,중상,남,28세,승용차,상해없음,남,70세,자전거,중상,차대차 - 기타,안전운전 의무 불이행,맑음,0,6
2018년 다발지,경기도 하남시1,경기도 하남시 덕풍동(하남풍산새뜰마을휴먼시아3단지아파트입구 부근),2018-06-23,14시,경상,기타불명,불명,불명,기타불명,남,13세,자전거,경상,차대차 - 기타,안전운전 의무 불이행,맑음,0,6
2018년 다발지,경기도 하남시1,경기도 하남시 덕풍동(하남풍산새뜰마을휴먼시아3단지아파트입구 부근),2018-06-30,16시,경상,남,30세,승용차,상해없음,여,57세,자전거,경상,차대차 - 기타,안전운전 의무 불이행,맑음,0,6
2018년 다발지,경기도 하남시1,경기도 하남시 덕풍동(하남풍산새뜰마을휴먼시아3단지아파트입구 부근),2018-08-13,09시,중상,남,42세,화물차,상해없음,여,59세,자전거,중상,차대차 - 기타,안전운전 의무 불이행,맑음,0,6
2018년 다발지,경기도 하남시1,경기도 하남시 덕풍동(하남풍산새뜰마을휴먼시아3단지아파트입구 부근),2018-10-20,14시,중상,남,83세,자전거,중상,여,61세,승용차,상해없음,차대차 - 기타,신호위반,맑음,0,6
2018년 다발지,경기도 하남시2,경기도 하남시 망월동(미사2동 행정복지센터 부근),2018-05-31,08시,경상,여,42세,승용차,상해없음,남,66세,자전거,경상,차대차 - 측면충돌,안전운전 의무 불이행,맑음,0,4
2018년 다발지,경기도 하남시2,경기도 하남시 망월동(미사2동 행정복지센터 부근),2018-06-02,22시,경상,남,18세,자전거,경상,남,39세,승용차,상해없음,차대차 - 기타,안전운전 의무 불이행,맑음,0,4
2018년 다발지,경기도 하남시2,경기도 하남시 망월동(미사2동 행정복지센터 부근),2018-06-21,12시,경상,남,66세,화물차,상해없음,여,36세,자전거,경상,차대차 - 측면충돌,안전운전 의무 불이행,맑음,0,4
2018년 다발지,경기도 하남시2,경기도 하남시 망월동(미사2동 행정복지센터 부근),2018-09-22,17시,경상,여,10세,자전거,상해없음,여,40세,보행자,경상,차대사람 - 횡단중,보행자 보호의무 위반,맑음,0,4
2018년 다발지,경기도 파주시1,경기도 파주시 와동(메디컬프라자 부근),2018-06-10,20시,중상,남,7세,자전거,상해없음,여,62세,보행자,중상,차대사람 - 보도통행중,안전운전 의무 불이행,맑음,0,4
2018년 다발지,경기도 파주시1,경기도 파주시 와동(메디컬프라자 부근),2018-07-30,19시,경상,남,15세,자전거,경상,남,62세,화물차,상해없음,차대차 - 기타,안전운전 의무 불이행,맑음,0,4
2018년 다발지,경기도 파주시1,경기도 파주시 와동(메디컬프라자 부근),2018-09-13,18시,경상,여,40세,승용차,상해없음,남,14세,자전거,경상,차대차 - 기타,안전운전 의무 불이행,맑음,0,4
2018년 다발지,경기도 파주시1,경기도 파주시 와동(메디컬프라자 부근),2018-11-26,06시,경상,남,42세,화물차,상해없음,여,28세,자전거,경상,차대차 - 측면충돌,안전운전 의무 불이행,흐림,0,4
2018년 다발지,경기도 파주시2,경기도 파주시 야당동(야당과선교 부근),2018-02-08,19시,경상,남,47세,화물차,상해없음,남,13세,자전거,경상,차대차 - 기타,신호위반,흐림,0,4
2018년 다발지,경기도 파주시2,경기도 파주시 야당동(야당과선교 부근),2018-02-12,13시,부상신고,남,71세,자전거,부상신고,남,44세,화물차,상해없음,차대차 - 측면충돌,안전운전 의무 불이행,맑음,0,4
2018년 다발지,경기도 파주시2,경기도 파주시 야당동(야당과선교 부근),2018-05-25,18시,중상,남,27세,승용차,상해없음,여,57세,자전거,중상,차대차 - 후진중충돌,안전운전 의무 불이행,맑음,0,4
2018년 다발지,경기도 파주시2,경기도 파주시 야당동(야당과선교 부근),2018-10-04,21시,경상,남,35세,승용차,상해없음,남,21세,자전거,경상,차대차 - 측면충돌,안전운전 의무 불이행,맑음,0,4
2018년 다발지,경기도 이천시1,경기도 이천시 중리동(중리사거리 부근),2018-03-27,14시,경상,여,67세,자전거,경상,남,31세,승용차,상해없음,차대차 - 기타,안전운전 의무 불이행,맑음,0,5
2018년 다발지,경기도 이천시1,경기도 이천시 중리동(중리사거리 부근),2018-04-12,10시,경상,여,65세,승용차,상해없음,남,63세,자전거,경상,차대차 - 기타,안전운전 의무 불이행,맑음,0,5
2018년 다발지,경기도 이천시1,경기도 이천시 중리동(중리사거리 부근),2018-07-23,11시,경상,남,36세,이륜차,상해없음,남,24세,자전거,경상,차대차 - 기타,안전운전 의무 불이행,맑음,0,5
2018년 다발지,경기도 이천시1,경기도 이천시 중리동(중리사거리 부근),2018-09-23,23시,부상신고,기타불명,불명,자전거,기타불명,여,16세,보행자,부상신고,차대사람 - 보도통행중,기타,맑음,0,5
2018년 다발지,경기도 이천시1,경기도 이천시 중리동(중리사거리 부근),2018-12-11,17시,경상,남,75세,승용차,상해없음,남,31세,자전거,경상,차대차 - 측면충돌,신호위반,맑음,0,5
2018년 다발지,경기도 김포시1,경기도 김포시 구래동(호수공원입구사거리 부근),2018-02-16,14시,경상,여,43세,화물차,상해없음,여,52세,자전거,경상,차대차 - 측면충돌,안전운전 의무 불이행,맑음,0,4
2018년 다발지,경기도 김포시1,경기도 김포시 구래동(호수공원입구사거리 부근),2018-07-07,19시,경상,남,44세,자전거,상해없음,남,77세,보행자,경상,차대사람 - 기타,안전운전 의무 불이행,맑음,0,4
2018년 다발지,경기도 김포시1,경기도 김포시 구래동(호수공원입구사거리 부근),2018-07-24,06시,중상,여,27세,승용차,상해없음,남,75세,자전거,중상,차대차 - 기타,안전운전 의무 불이행,맑음,0,4
2018년 다발지,경기도 김포시1,경기도 김포시 구래동(호수공원입구사거리 부근),2018-12-22,15시,중상,여,38세,승용차,상해없음,남,77세,자전거,중상,차대차 - 기타,신호위반,맑음,0,4
2018년 다발지,강원도 춘천시1,강원도 춘천시 효자동(강대삼거리 부근),2018-05-21,13시,경상,여,51세,승용차,상해없음,남,84세,자전거,경상,차대차 - 측면충돌,안전운전 의무 불이행,맑음,0,4
2018년 다발지,강원도 춘천시1,강원도 춘천시 효자동(강대삼거리 부근),2018-06-15,08시,경상,여,39세,승용차,상해없음,남,19세,자전거,경상,차대차 - 측면충돌,안전운전 의무 불이행,맑음,0,4
2018년 다발지,강원도 춘천시1,강원도 춘천시 효자동(강대삼거리 부근),2018-06-16,22시,중상,남,17세,자전거,중상,남,64세,승용차,상해없음,차대차 - 측면충돌,안전운전 의무 불이행,맑음,0,4
2018년 다발지,강원도 춘천시1,강원도 춘천시 효자동(강대삼거리 부근),2018-07-17,08시,중상,여,63세,승용차,상해없음,남,56세,자전거,중상,차대차 - 측면충돌,안전운전 의무 불이행,맑음,0,4
2018년 다발지,강원도 원주시1,강원도 원주시 개운동(도말사거리 부근),2018-05-10,08시,경상,여,42세,승용차,상해없음,여,22세,자전거,경상,차대차 - 기타,안전운전 의무 불이행,맑음,0,4
2018년 다발지,강원도 원주시1,강원도 원주시 개운동(도말사거리 부근),2018-06-19,20시,경상,기타불명,불명,불명,기타불명,남,27세,자전거,경상,차대차 - 기타,안전운전 의무 불이행,맑음,0,4
2018년 다발지,강원도 원주시1,강원도 원주시 개운동(도말사거리 부근),2018-09-08,14시,중상,남,39세,승용차,상해없음,남,77세,자전거,중상,차대차 - 측면충돌,교차로 통행방법 위반,맑음,0,4
2018년 다발지,강원도 원주시1,강원도 원주시 개운동(도말사거리 부근),2018-10-14,15시,중상,여,60세,승용차,상해없음,여,76세,자전거,중상,차대차 - 기타,안전운전 의무 불이행,맑음,0,4
2018년 다발지,강원도 속초시1,강원도 속초시 교동(속초시보건소 부근),2018-04-19,08시,중상,남,58세,승용차,상해없음,남,57세,자전거,중상,차대차 - 측면충돌,안전운전 의무 불이행,맑음,0,5
2018년 다발지,강원도 속초시1,강원도 속초시 교동(속초시보건소 부근),2018-04-20,10시,중상,여,64세,승용차,상해없음,남,79세,자전거,중상,차대차 - 추돌,안전운전 의무 불이행,맑음,0,5
2018년 다발지,강원도 속초시1,강원도 속초시 교동(속초시보건소 부근),2018-08-15,11시,중상,남,63세,화물차,상해없음,남,61세,자전거,중상,차대차 - 기타,안전운전 의무 불이행,맑음,0,5
2018년 다발지,강원도 속초시1,강원도 속초시 교동(속초시보건소 부근),2018-10-08,12시,중상,여,55세,승용차,상해없음,남,83세,자전거,중상,차대차 - 정면충돌,신호위반,맑음,0,5
2018년 다발지,강원도 속초시1,강원도 속초시 교동(속초시보건소 부근),2018-11-06,12시,중상,남,68세,자전거,중상,남,37세,화물차,상해없음,차대차 - 측면충돌,안전운전 의무 불이행,맑음,0,5
2018년 다발지,충청북도 청주시 상당구1,충청북도 청주시 상당구 서운동(석교육거리 부근),2018-02-27,10시,경상,남,82세,자전거,경상,남,42세,승용차,상해없음,차대차 - 측면충돌,안전운전 의무 불이행,맑음,0,4
2018년 다발지,충청북도 청주시 상당구1,충청북도 청주시 상당구 서운동(석교육거리 부근),2018-06-27,19시,중상,여,35세,승용차,상해없음,남,76세,자전거,중상,차대차 - 측면충돌,안전운전 의무 불이행,맑음,0,4
2018년 다발지,충청북도 청주시 상당구1,충청북도 청주시 상당구 서운동(석교육거리 부근),2018-06-30,05시,중상,남,49세,승용차,상해없음,남,81세,자전거,중상,차대차 - 측면충돌,신호위반,맑음,0,4
2018년 다발지,충청북도 청주시 상당구1,충청북도 청주시 상당구 서운동(석교육거리 부근),2018-09-22,16시,경상,남,63세,화물차,상해없음,남,69세,자전거,경상,차대차 - 측면충돌,안전운전 의무 불이행,맑음,0,4
2018년 다발지,충청북도 청주시 상당구2,충청북도 청주시 상당구 금천동(굿모닝한의원 부근),2018-03-13,16시,경상,남,80세,승용차,상해없음,남,14세,자전거,경상,차대차 - 측면충돌,안전운전 의무 불이행,맑음,0,4
2018년 다발지,충청북도 청주시 상당구2,충청북도 청주시 상당구 금천동(굿모닝한의원 부근),2018-05-31,13시,중상,남,55세,승용차,상해없음,여,57세,자전거,중상,차대차 - 측면충돌,안전운전 의무 불이행,맑음,0,4
2018년 다발지,충청북도 청주시 상당구2,충청북도 청주시 상당구 금천동(굿모닝한의원 부근),2018-06-07,07시,중상,여,47세,승용차,상해없음,남,53세,자전거,중상,차대차 - 측면충돌,신호위반,맑음,0,4
2018년 다발지,충청북도 청주시 상당구2,충청북도 청주시 상당구 금천동(굿모닝한의원 부근),2018-11-27,17시,경상,남,75세,자전거,경상,남,49세,승합차,상해없음,차대차 - 기타,안전운전 의무 불이행,맑음,0,4
2018년 다발지,충청북도 청주시 상당구3,충청북도 청주시 상당구 영운동(청주동부소방서 부근),2018-04-16,19시,중상,남,65세,승용차,상해없음,남,65세,자전거,중상,차대차 - 측면충돌,안전운전 의무 불이행,맑음,0,4
2018년 다발지,충청북도 청주시 상당구3,충청북도 청주시 상당구 영운동(청주동부소방서 부근),2018-04-24,17시,경상,남,81세,자전거,경상,여,64세,승용차,상해없음,차대차 - 측면충돌,안전운전 의무 불이행,맑음,0,4
2018년 다발지,충청북도 청주시 상당구3,충청북도 청주시 상당구 영운동(청주동부소방서 부근),2018-11-12,19시,경상,기타불명,불명,불명,기타불명,여,65세,자전거,경상,차대차 - 측면충돌,안전운전 의무 불이행,맑음,0,4
2018년 다발지,충청북도 청주시 상당구3,충청북도 청주시 상당구 영운동(청주동부소방서 부근),2018-12-31,14시,중상,남,27세,승용차,상해없음,여,76세,자전거,중상,차대차 - 추돌,안전운전 의무 불이행,맑음,0,4
2018년 다발지,충청북도 청주시 상당구4,충청북도 청주시 상당구 북문로3가동(신쭈꾸곱창의전설 부근),2018-03-24,13시,경상,남,74세,자전거,경상,남,59세,건설기계,상해없음,차대차 - 측면충돌,신호위반,맑음,0,4
2018년 다발지,충청북도 청주시 상당구4,충청북도 청주시 상당구 북문로3가동(신쭈꾸곱창의전설 부근),2018-09-14,16시,경상,남,78세,자전거,경상,남,45세,승용차,상해없음,차대차 - 측면충돌,안전거리 미확보,비,0,4
2018년 다발지,충청북도 청주시 상당구4,충청북도 청주시 상당구 북문로3가동(신쭈꾸곱창의전설 부근),2018-09-28,10시,경상,남,65세,승용차,상해없음,남,75세,자전거,경상,차대차 - 기타,신호위반,맑음,0,4
2018년 다발지,충청북도 청주시 상당구4,충청북도 청주시 상당구 북문로3가동(신쭈꾸곱창의전설 부근),2018-11-11,18시,중상,남,10세,자전거,중상,남,67세,승용차,상해없음,차대차 - 기타,교차로 통행방법 위반,맑음,0,4
2018년 다발지,충청북도 청주시 상당구5,충청북도 청주시 상당구 북문로2가동(태웅건설 부근),2018-10-20,11시,중상,여,42세,승용차,상해없음,남,71세,자전거,중상,차대차 - 기타,기타,맑음,1,2
2018년 다발지,충청북도 청주시 상당구5,충청북도 청주시 상당구 북문로2가동(태웅건설 부근),2018-10-30,07시,사망,남,83세,자전거,사망,남,74세,승용차,상해없음,차대차 - 측면충돌,신호위반,맑음,1,2
2018년 다발지,충청북도 청주시 상당구5,충청북도 청주시 상당구 북문로2가동(태웅건설 부근),2018-12-13,17시,중상,남,78세,자전거,중상,남,58세,이륜차,상해없음,차대차 - 기타,신호위반,맑음,1,2
2018년 다발지,충청북도 청주시 서원구1,충청북도 청주시 서원구 모충동(모충사거리 부근),2018-01-18,12시,중상,남,68세,승용차,상해없음,여,75세,자전거,중상,차대차 - 측면충돌,신호위반,맑음,0,6
2018년 다발지,충청북도 청주시 서원구1,충청북도 청주시 서원구 모충동(모충사거리 부근),2018-03-17,14시,중상,남,82세,이륜차,상해없음,남,64세,자전거,중상,차대차 - 측면충돌,교차로 통행방법 위반,맑음,0,6
2018년 다발지,충청북도 청주시 서원구1,충청북도 청주시 서원구 모충동(모충사거리 부근),2018-05-25,18시,경상,남,59세,승용차,상해없음,남,61세,자전거,경상,차대차 - 측면충돌,안전운전 의무 불이행,맑음,0,6
2018년 다발지,충청북도 청주시 서원구1,충청북도 청주시 서원구 모충동(모충사거리 부근),2018-06-01,08시,경상,여,65세,자전거,경상,여,25세,승용차,상해없음,차대차 - 측면충돌,신호위반,맑음,0,6
2018년 다발지,충청북도 청주시 서원구1,충청북도 청주시 서원구 모충동(모충사거리 부근),2018-09-29,17시,경상,기타불명,불명,불명,기타불명,남,30세,자전거,경상,차대차 - 정면충돌,안전운전 의무 불이행,맑음,0,6
2018년 다발지,충청북도 청주시 서원구1,충청북도 청주시 서원구 모충동(모충사거리 부근),2018-11-30,06시,경상,여,67세,승용차,상해없음,남,64세,자전거,경상,차대차 - 기타,안전운전 의무 불이행,맑음,0,6
2018년 다발지,충청북도 청주시 서원구2,충청북도 청주시 서원구 사직동(사직사거리 부근),2018-02-08,10시,중상,남,75세,승용차,상해없음,남,70세,자전거,중상,차대차 - 측면충돌,안전운전 의무 불이행,맑음,0,6
2018년 다발지,충청북도 청주시 서원구2,충청북도 청주시 서원구 사직동(사직사거리 부근),2018-05-21,17시,경상,남,29세,승용차,상해없음,남,91세,자전거,경상,차대차 - 기타,기타,맑음,0,6
2018년 다발지,충청북도 청주시 서원구2,충청북도 청주시 서원구 사직동(사직사거리 부근),2018-07-27,22시,경상,남,27세,원동기장치자전거,경상,남,18세,자전거,경상,차대차 - 기타,안전운전 의무 불이행,맑음,0,6
2018년 다발지,충청북도 청주시 서원구2,충청북도 청주시 서원구 사직동(사직사거리 부근),2018-08-24,19시,경상,여,66세,이륜차,상해없음,남,61세,자전거,경상,차대차 - 기타,안전운전 의무 불이행,맑음,0,6
2018년 다발지,충청북도 청주시 서원구2,충청북도 청주시 서원구 사직동(사직사거리 부근),2018-11-23,15시,중상,남,63세,승용차,상해없음,남,75세,자전거,중상,차대차 - 기타,안전운전 의무 불이행,맑음,0,6
2018년 다발지,충청북도 청주시 서원구3,충청북도 청주시 서원구 미평동(분평사거리 부근),2018-04-26,11시,경상,남,74세,자전거,경상,남,54세,자전거,경상,차대차 - 측면충돌,안전운전 의무 불이행,맑음,0,6
2018년 다발지,충청북도 청주시 서원구3,충청북도 청주시 서원구 미평동(분평사거리 부근),2018-06-07,13시,경상,여,51세,승용차,상해없음,여,66세,자전거,경상,차대차 - 기타,안전운전 의무 불이행,맑음,0,6
2018년 다발지,충청북도 청주시 서원구3,충청북도 청주시 서원구 미평동(분평사거리 부근),2018-09-18,18시,경상,여,66세,자전거,경상,여,28세,승용차,상해없음,차대차 - 측면충돌,기타,맑음,0,6
2018년 다발지,충청북도 청주시 서원구3,충청북도 청주시 서원구 미평동(분평사거리 부근),2018-09-19,17시,경상,남,64세,승용차,상해없음,남,30세,자전거,경상,차대차 - 측면충돌,기타,맑음,0,6
2018년 다발지,충청북도 청주시 서원구3,충청북도 청주시 서원구 미평동(분평사거리 부근),2018-11-14,16시,중상,여,49세,승용차,상해없음,남,76세,자전거,중상,차대차 - 측면충돌,안전운전 의무 불이행,맑음,0,6
2018년 다발지,충청북도 청주시 서원구4,충청북도 청주시 서원구 수곡동(남중삼거리 부근),2018-03-22,13시,중상,남,73세,승용차,상해없음,남,47세,자전거,중상,차대차 - 추돌,신호위반,맑음,1,3
2018년 다발지,충청북도 청주시 서원구4,충청북도 청주시 서원구 수곡동(남중삼거리 부근),2018-07-03,10시,경상,남,57세,승용차,상해없음,남,68세,자전거,경상,차대차 - 측면충돌,안전운전 의무 불이행,맑음,1,3
2018년 다발지,충청북도 청주시 서원구4,충청북도 청주시 서원구 수곡동(남중삼거리 부근),2018-11-22,17시,중상,남,57세,화물차,상해없음,남,64세,자전거,중상,차대차 - 후진중충돌,안전운전 의무 불이행,맑음,1,3