다발지구분,다발지시군구,지점명,발생일,발생시간대,사고내용,가해자성별,가해자연령,가해자차종,가해자신체상해정도,피해자성별,피해자연령,피해자차종,피해자신체상해정도,사고유형,법규위반사항,기상상태,사망자수,부상자수
2018년 다발지,경상북도 경주시3,경상북도 경주시 노서동(서라벌네거리 부근),2018-04-26,17시,중상,여,27세,승용차,상해없음,남,75세,자전거,중상,차대차 - 측면충돌,안전운전 의무 불이행,맑음,0,5
2018년 다발지,경상북도 경주시3,경상북도 경주시 노서동(서라벌네거리 부근),2018-07-31,15시,중상,남,46세,화물차,상해없음,남,83세,자전거,중상,차대차 - 측면충돌,안전운전 의무 불이행,맑음,0,5
2018년 다발지,경상북도 경주시3,경상북도 경주시 노서동(서라벌네거리 부근),2018-10-07,12시,중상,남,71세,승용차,상해없음,여,75세,자전거,중상,차대차 - 측면충돌,안전운전 의무 불이행,맑음,0,5
2018년 다발지,경상북도 경주시3,경상북도 경주시 노서동(서라벌네거리 부근),2018-10-19,18시,부상신고,여,52세,자전거,부상신고,남,65세,승용차,상해없음,차대차 - 추돌,안전운전 의무 불이행,맑음,0,5
2018년 다발지,경상북도 경주시3,경상북도 경주시 노서동(서라벌네거리 부근),2018-12-15,12시,부상신고,여,52세,승용차,상해없음,여,66세,자전거,부상신고,차대차 - 측면충돌,안전운전 의무 불이행,맑음,0,5
2018년 다발지,경상북도 경주시4,경상북도 경주시 황오동(경주역전삼거리 부근),2018-02-24,09시,중상,여,50세,승용차,상해없음,여,67세,자전거,중상,차대차 - 정면충돌,안전운전 의무 불이행,맑음,0,4
2018년 다발지,경상북도 경주시4,경상북도 경주시 황오동(경주역전삼거리 부근),2018-04-19,10시,경상,여,67세,승용차,상해없음,여,59세,자전거,경상,차대차 - 측면충돌,안전운전 의무 불이행,맑음,0,4
2018년 다발지,경상북도 경주시4,경상북도 경주시 황오동(경주역전삼거리 부근),2018-07-15,05시,부상신고,여,63세,자전거,부상신고,없음,불명,없음,없음,차량단독 - 전도,안전운전 의무 불이행,맑음,0,4
2018년 다발지,경상북도 경주시4,경상북도 경주시 황오동(경주역전삼거리 부근),2018-07-27,14시,중상,남,68세,승용차,상해없음,남,76세,자전거,중상,차대차 - 측면충돌,기타,맑음,0,4
2018년 다발지,경상북도 경주시5,경상북도 경주시 동천동(알천교 부근),2018-05-29,11시,경상,남,31세,화물차,상해없음,여,54세,자전거,경상,차대차 - 기타,안전운전 의무 불이행,맑음,0,4
2018년 다발지,경상북도 경주시5,경상북도 경주시 동천동(알천교 부근),2018-07-17,20시,경상,남,35세,승용차,상해없음,남,20세,자전거,경상,차대차 - 측면충돌,안전운전 의무 불이행,맑음,0,4
2018년 다발지,경상북도 경주시5,경상북도 경주시 동천동(알천교 부근),2018-08-01,16시,경상,남,57세,자전거,기타불명,여,95세,보행자,경상,차대사람 - 보도통행중,기타,맑음,0,4
2018년 다발지,경상북도 경주시5,경상북도 경주시 동천동(알천교 부근),2018-08-09,18시,중상,여,58세,자전거,상해없음,여,68세,보행자,중상,차대사람 - 횡단중,안전운전 의무 불이행,맑음,0,4
2018년 다발지,경상북도 김천시1,경상북도 김천시 평화동(김천여자중학교정문 부근),2018-04-14,07시,경상,남,56세,승용차,상해없음,남,22세,자전거,경상,차대차 - 측면충돌,안전운전 의무 불이행,맑음,0,5
2018년 다발지,경상북도 김천시1,경상북도 김천시 평화동(김천여자중학교정문 부근),2018-06-12,16시,중상,남,59세,승용차,상해없음,여,30세,자전거,중상,차대차 - 측면충돌,안전운전 의무 불이행,맑음,0,5
2018년 다발지,경상북도 김천시1,경상북도 김천시 평화동(김천여자중학교정문 부근),2018-09-05,11시,중상,남,42세,승용차,상해없음,여,67세,자전거,중상,차대차 - 측면충돌,안전운전 의무 불이행,맑음,0,5
2018년 다발지,경상북도 김천시1,경상북도 김천시 평화동(김천여자중학교정문 부근),2018-09-27,12시,중상,여,50세,화물차,상해없음,여,69세,자전거,중상,차대차 - 측면충돌,안전운전 의무 불이행,맑음,0,5
2018년 다발지,경상북도 김천시1,경상북도 김천시 평화동(김천여자중학교정문 부근),2018-12-07,13시,경상,여,57세,승용차,상해없음,남,78세,자전거,경상,차대차 - 측면충돌,안전운전 의무 불이행,맑음,0,5
2018년 다발지,경상북도 김천시2,경상북도 김천시 부곡동(시민탑 부근),2018-01-01,18시,경상,남,73세,자전거,경상,여,52세,승용차,상해없음,차대차 - 측면충돌,신호위반,맑음,0,4
2018년 다발지,경상북도 김천시2,경상북도 김천시 부곡동(시민탑 부근),2018-04-12,16시,경상,남,46세,화물차,상해없음,여,55세,자전거,경상,차대차 - 측면충돌,교차로 통행방법 위반,맑음,0,4
2018년 다발지,경상북도 김천시2,경상북도 김천시 부곡동(시민탑 부근),2018-08-18,00시,경상,남,45세,승용차,상해없음,남,56세,자전거,경상,차대차 - 측면충돌,안전운전 의무 불이행,기타/불명,0,4
2018년 다발지,경상북도 김천시2,경상북도 김천시 부곡동(시민탑 부근),2018-12-21,21시,경상,남,57세,자전거,경상,여,47세,승용차,상해없음,차대차 - 측면충돌,신호위반,맑음,0,4
2018년 다발지,경상북도 안동시1,경상북도 안동시 당북동(시농협사거리 부근),2018-05-03,17시,경상,남,63세,승용차,상해없음,기타불명,불명,자전거,기타불명,차대차 - 측면충돌,안전운전 의무 불이행,맑음,0,6
2018년 다발지,경상북도 안동시1,경상북도 안동시 당북동(시농협사거리 부근),2018-08-09,09시,경상,남,80세,승용차,상해없음,남,84세,자전거,경상,차대차 - 측면충돌,안전운전 의무 불이행,맑음,0,6
2018년 다발지,경상북도 안동시1,경상북도 안동시 당북동(시농협사거리 부근),2018-11-25,10시,경상,여,45세,자전거,경상,남,29세,승용차,상해없음,차대차 - 측면충돌,안전운전 의무 불이행,맑음,0,6
2018년 다발지,경상북도 안동시1,경상북도 안동시 당북동(시농협사거리 부근),2018-12-26,16시,경상,여,57세,승용차,상해없음,남,20세,자전거,경상,차대차 - 정면충돌,안전운전 의무 불이행,맑음,0,6
2018년 다발지,경상북도 구미시1,경상북도 구미시 임은동(임은삼거리 부근),2018-01-11,14시,경상,여,50세,자전거,경상,여,32세,승용차,상해없음,차대차 - 정면충돌,중앙선 침범,맑음,0,4
2018년 다발지,경상북도 구미시1,경상북도 구미시 임은동(임은삼거리 부근),2018-06-13,16시,중상,남,51세,승용차,상해없음,남,13세,자전거,중상,차대차 - 기타,안전운전 의무 불이행,맑음,0,4
2018년 다발지,경상북도 구미시1,경상북도 구미시 임은동(임은삼거리 부근),2018-11-10,17시,부상신고,남,15세,자전거,부상신고,여,37세,승용차,상해없음,차대차 - 기타,기타,맑음,0,4
2018년 다발지,경상북도 구미시1,경상북도 구미시 임은동(임은삼거리 부근),2018-12-05,17시,경상,여,48세,승용차,상해없음,여,26세,자전거,경상,차대차 - 기타,안전운전 의무 불이행,맑음,0,4
2018년 다발지,경상북도 구미시2,경상북도 구미시 인의동(성민빌딩 부근),2018-01-12,16시,경상,남,46세,승용차,상해없음,남,31세,자전거,경상,차대차 - 기타,안전운전 의무 불이행,맑음,0,4
2018년 다발지,경상북도 구미시2,경상북도 구미시 인의동(성민빌딩 부근),2018-02-05,07시,중상,남,41세,승용차,상해없음,여,32세,자전거,중상,차대차 - 기타,안전운전 의무 불이행,맑음,0,4
2018년 다발지,경상북도 구미시2,경상북도 구미시 인의동(성민빌딩 부근),2018-05-09,03시,경상,남,48세,승용차,상해없음,남,23세,자전거,경상,차대차 - 기타,교차로 통행방법 위반,맑음,0,4
2018년 다발지,경상북도 구미시2,경상북도 구미시 인의동(성민빌딩 부근),2018-12-07,20시,부상신고,여,41세,이륜차,부상신고,남,12세,자전거,상해없음,차대차 - 기타,안전운전 의무 불이행,맑음,0,4
2018년 다발지,경상북도 영주시1,경상북도 영주시 하망동(북영주역 부근),2018-03-14,17시,경상,여,65세,승용차,상해없음,남,71세,자전거,경상,차대차 - 측면충돌,안전운전 의무 불이행,맑음,0,5
2018년 다발지,경상북도 영주시1,경상북도 영주시 하망동(북영주역 부근),2018-08-06,15시,중상,남,51세,화물차,상해없음,남,71세,자전거,중상,차대차 - 측면충돌,안전운전 의무 불이행,맑음,0,5
2018년 다발지,경상북도 영주시1,경상북도 영주시 하망동(북영주역 부근),2018-08-21,10시,경상,남,68세,승용차,상해없음,남,80세,자전거,경상,차대차 - 측면충돌,신호위반,맑음,0,5
2018년 다발지,경상북도 영주시1,경상북도 영주시 하망동(북영주역 부근),2018-09-19,14시,경상,남,57세,자전거,경상,남,58세,승합차,상해없음,차대차 - 측면충돌,안전운전 의무 불이행,맑음,0,5
2018년 다발지,경상북도 영주시1,경상북도 영주시 하망동(북영주역 부근),2018-09-28,12시,중상,남,66세,화물차,상해없음,여,64세,자전거,중상,차대차 - 측면충돌,안전운전 의무 불이행,맑음,0,5
2018년 다발지,경상북도 상주시1,경상북도 상주시 남성동(상희학교 부근),2018-03-27,08시,중상,여,39세,승용차,상해없음,여,64세,자전거,중상,차대차 - 측면충돌,안전운전 의무 불이행,맑음,0,8
2018년 다발지,경상북도 상주시1,경상북도 상주시 남성동(상희학교 부근),2018-04-21,10시,경상,남,37세,승용차,상해없음,여,50세,자전거,경상,차대차 - 추돌,안전운전 의무 불이행,맑음,0,8
2018년 다발지,경상북도 상주시1,경상북도 상주시 남성동(상희학교 부근),2018-06-02,15시,중상,남,62세,승용차,상해없음,남,52세,자전거,중상,차대차 - 후진중충돌,안전운전 의무 불이행,맑음,0,8
2018년 다발지,경상북도 상주시1,경상북도 상주시 남성동(상희학교 부근),2018-06-03,10시,경상,남,17세,자전거,경상,남,44세,승용차,상해없음,차대차 - 측면충돌,안전운전 의무 불이행,맑음,0,8
2018년 다발지,경상북도 상주시1,경상북도 상주시 남성동(상희학교 부근),2018-06-12,07시,경상,남,73세,승용차,상해없음,여,18세,자전거,경상,차대차 - 측면충돌,안전운전 의무 불이행,맑음,0,8
2018년 다발지,경상북도 상주시1,경상북도 상주시 남성동(상희학교 부근),2018-07-13,10시,중상,남,64세,승용차,상해없음,여,82세,자전거,중상,차대차 - 측면충돌,안전운전 의무 불이행,맑음,0,8
2018년 다발지,경상북도 상주시1,경상북도 상주시 남성동(상희학교 부근),2018-07-18,11시,중상,남,72세,승용차,상해없음,여,74세,자전거,중상,차대차 - 측면충돌,안전운전 의무 불이행,맑음,0,8
2018년 다발지,경상북도 상주시1,경상북도 상주시 남성동(상희학교 부근),2018-07-25,17시,중상,남,69세,승용차,상해없음,여,43세,자전거,중상,차대차 - 측면충돌,교차로 통행방법 위반,맑음,0,8
2018년 다발지,경상북도 상주시2,경상북도 상주시 낙양동(GS25 낙양센타점 부근),2018-03-25,18시,중상,여,51세,승용차,상해없음,남,13세,자전거,중상,차대차 - 정면충돌,교차로 통행방법 위반,맑음,0,5
2018년 다발지,경상북도 상주시2,경상북도 상주시 낙양동(GS25 낙양센타점 부근),2018-05-01,17시,경상,남,66세,승합차,상해없음,남,8세,자전거,경상,차대차 - 측면충돌,안전운전 의무 불이행,맑음,0,5
2018년 다발지,경상북도 상주시2,경상북도 상주시 낙양동(GS25 낙양센타점 부근),2018-05-18,07시,경상,남,63세,화물차,상해없음,여,12세,자전거,경상,차대차 - 측면충돌,안전운전 의무 불이행,맑음,0,5
2018년 다발지,경상북도 상주시2,경상북도 상주시 낙양동(GS25 낙양센타점 부근),2018-06-27,19시,중상,남,34세,승용차,상해없음,남,16세,자전거,중상,차대차 - 측면충돌,안전운전 의무 불이행,맑음,0,5
2018년 다발지,경상북도 상주시2,경상북도 상주시 낙양동(GS25 낙양센타점 부근),2018-07-02,13시,중상,남,71세,승용차,상해없음,남,76세,자전거,중상,차대차 - 측면충돌,안전운전 의무 불이행,비,0,5
2018년 다발지,경상북도 상주시3,경상북도 상주시 냉림동(복룡냉림길 부근),2018-06-19,16시,중상,여,42세,승용차,상해없음,남,79세,자전거,중상,차대차 - 측면충돌,교차로 통행방법 위반,비,0,5
2018년 다발지,경상북도 상주시3,경상북도 상주시 냉림동(복룡냉림길 부근),2018-08-16,12시,중상,남,51세,이륜차,상해없음,남,71세,자전거,중상,차대차 - 측면충돌,교차로 통행방법 위반,맑음,0,5
2018년 다발지,경상북도 상주시3,경상북도 상주시 냉림동(복룡냉림길 부근),2018-11-28,13시,중상,여,62세,승용차,상해없음,여,76세,자전거,중상,차대차 - 측면충돌,기타,맑음,0,5
2018년 다발지,경상북도 상주시3,경상북도 상주시 냉림동(복룡냉림길 부근),2018-12-17,06시,경상,남,42세,이륜차,상해없음,남,61세,자전거,경상,차대차 - 정면충돌,안전운전 의무 불이행,맑음,0,5
2018년 다발지,경상북도 상주시3,경상북도 상주시 냉림동(복룡냉림길 부근),2018-12-28,14시,경상,여,78세,자전거,경상,남,34세,승용차,상해없음,차대차 - 측면충돌,교차로 통행방법 위반,맑음,0,5
2018년 다발지,경상북도 상주시4,경상북도 상주시 신봉동(상영초등학교정문 부근),2018-01-19,16시,경상,여,53세,승합차,상해없음,여,69세,자전거,경상,차대차 - 측면충돌,교차로 통행방법 위반,맑음,0,5
2018년 다발지,경상북도 상주시4,경상북도 상주시 신봉동(상영초등학교정문 부근),2018-03-14,14시,중상,남,59세,자전거,상해없음,여,84세,보행자,중상,차대사람 - 보도통행중,안전운전 의무 불이행,맑음,0,5
2018년 다발지,경상북도 상주시4,경상북도 상주시 신봉동(상영초등학교정문 부근),2018-06-14,08시,경상,남,71세,자전거,경상,없음,불명,없음,없음,차량단독 - 전도,안전운전 의무 불이행,맑음,0,5
2018년 다발지,경상북도 상주시4,경상북도 상주시 신봉동(상영초등학교정문 부근),2018-08-09,19시,경상,남,11세,자전거,경상,여,55세,승용차,상해없음,차대차 - 측면충돌,신호위반,흐림,0,5
2018년 다발지,경상북도 상주시4,경상북도 상주시 신봉동(상영초등학교정문 부근),2018-10-25,14시,중상,남,47세,화물차,상해없음,남,61세,자전거,중상,차대차 - 측면충돌,교차로 통행방법 위반,맑음,0,5
2018년 다발지,경상북도 상주시5,경상북도 상주시 남성동(상주지역자활센터 부근),2018-02-11,10시,경상,남,72세,자전거,경상,여,45세,승용차,상해없음,차대차 - 측면충돌,안전운전 의무 불이행,맑음,0,5
2018년 다발지,경상북도 상주시5,경상북도 상주시 남성동(상주지역자활센터 부근),2018-03-13,15시,중상,남,76세,자전거,중상,없음,불명,없음,없음,차량단독 - 전도,안전운전 의무 불이행,맑음,0,5
2018년 다발지,경상북도 상주시5,경상북도 상주시 남성동(상주지역자활센터 부근),2018-06-27,17시,중상,남,35세,승용차,상해없음,남,67세,자전거,중상,차대차 - 측면충돌,안전운전 의무 불이행,맑음,0,5
2018년 다발지,경상북도 상주시5,경상북도 상주시 남성동(상주지역자활센터 부근),2018-09-04,10시,경상,여,62세,자전거,경상,남,52세,승용차,상해없음,차대차 - 측면충돌,신호위반,맑음,0,5
2018년 다발지,경상북도 상주시5,경상북도 상주시 남성동(상주지역자활센터 부근),2018-10-29,16시,경상,남,78세,이륜차,상해없음,남,13세,자전거,경상,차대차 - 측면충돌,안전운전 의무 불이행,맑음,0,5
2018년 다발지,경상북도 상주시6,경상북도 상주시 냉림동(나들가게 더조은마트 부근),2018-02-14,15시,경상,여,77세,자전거,경상,여,43세,승용차,상해없음,차대차 - 정면충돌,중앙선 침범,맑음,0,6
2018년 다발지,경상북도 상주시6,경상북도 상주시 냉림동(나들가게 더조은마트 부근),2018-03-02,16시,경상,남,14세,자전거,경상,남,44세,승용차,상해없음,차대차 - 추돌,안전운전 의무 불이행,맑음,0,6
2018년 다발지,경상북도 상주시6,경상북도 상주시 냉림동(나들가게 더조은마트 부근),2018-03-12,18시,경상,남,50세,승용차,상해없음,여,14세,자전거,경상,차대차 - 측면충돌,안전운전 의무 불이행,맑음,0,6
2018년 다발지,경상북도 상주시6,경상북도 상주시 냉림동(나들가게 더조은마트 부근),2018-03-16,15시,경상,남,55세,화물차,상해없음,남,14세,자전거,경상,차대차 - 측면충돌,안전운전 의무 불이행,맑음,0,6
2018년 다발지,경상북도 상주시6,경상북도 상주시 냉림동(나들가게 더조은마트 부근),2018-06-12,17시,경상,남,61세,승용차,상해없음,여,14세,자전거,경상,차대차 - 측면충돌,안전운전 의무 불이행,맑음,0,6
2018년 다발지,경상북도 상주시7,경상북도 상주시 서성동(상주관광호텔 부근),2018-04-26,13시,경상,남,67세,승용차,상해없음,남,79세,자전거,경상,차대차 - 측면충돌,보행자 보호의무 위반,맑음,0,4
2018년 다발지,경상북도 상주시7,경상북도 상주시 서성동(상주관광호텔 부근),2018-07-15,07시,중상,남,62세,승용차,상해없음,남,74세,자전거,중상,차대차 - 측면충돌,안전운전 의무 불이행,맑음,0,4
2018년 다발지,경상북도 상주시7,경상북도 상주시 서성동(상주관광호텔 부근),2018-10-18,22시,중상,남,53세,승용차,상해없음,남,53세,자전거,중상,차대차 - 측면충돌,교차로 통행방법 위반,비,0,4
2018년 다발지,경상북도 상주시7,경상북도 상주시 서성동(상주관광호텔 부근),2018-11-07,06시,중상,여,26세,자전거,중상,남,63세,화물차,상해없음,차대차 - 측면충돌,교차로 통행방법 위반,비,0,4
2018년 다발지,경상북도 경산시1,경상북도 경산시 백천동(두리마을부영사랑으로아파트311동 부근),2018-02-20,17시,중상,남,59세,자전거,경상,여,61세,보행자,중상,차대사람 - 길가장자리구역통행중,안전운전 의무 불이행,맑음,0,6
2018년 다발지,경상북도 경산시1,경상북도 경산시 백천동(두리마을부영사랑으로아파트311동 부근),2018-07-30,08시,경상,여,34세,승용차,상해없음,남,87세,자전거,경상,차대차 - 측면충돌,안전운전 의무 불이행,맑음,0,6
2018년 다발지,경상북도 경산시1,경상북도 경산시 백천동(두리마을부영사랑으로아파트311동 부근),2018-08-15,16시,경상,남,36세,승용차,상해없음,남,69세,자전거,경상,차대차 - 기타,교차로 통행방법 위반,맑음,0,6
2018년 다발지,경상북도 경산시1,경상북도 경산시 백천동(두리마을부영사랑으로아파트311동 부근),2018-08-17,18시,중상,남,14세,자전거,중상,남,38세,승용차,상해없음,차대차 - 추돌,안전운전 의무 불이행,맑음,0,6
2018년 다발지,경상북도 경산시1,경상북도 경산시 백천동(두리마을부영사랑으로아파트311동 부근),2018-09-30,09시,중상,여,56세,승용차,상해없음,여,63세,자전거,중상,차대차 - 측면충돌,교차로 통행방법 위반,맑음,0,6
2018년 다발지,경상남도 창원시 의창구1,경상남도 창원시 의창구 신월동(한국은행 경남본부 부근),2018-01-04,20시,경상,남,55세,이륜차,상해없음,남,23세,자전거,경상,차대차 - 측면충돌,안전운전 의무 불이행,맑음,0,5
2018년 다발지,경상남도 창원시 의창구1,경상남도 창원시 의창구 신월동(한국은행 경남본부 부근),2018-02-22,22시,경상,남,17세,자전거,상해없음,여,46세,자전거,경상,차대차 - 측면충돌,안전운전 의무 불이행,맑음,0,5
2018년 다발지,경상남도 창원시 의창구1,경상남도 창원시 의창구 신월동(한국은행 경남본부 부근),2018-04-16,14시,경상,남,27세,화물차,상해없음,남,33세,자전거,경상,차대차 - 기타,안전운전 의무 불이행,맑음,0,5
2018년 다발지,경상남도 창원시 의창구1,경상남도 창원시 의창구 신월동(한국은행 경남본부 부근),2018-07-09,06시,경상,여,53세,승용차,상해없음,남,33세,자전거,경상,차대차 - 추돌,안전운전 의무 불이행,맑음,0,5
2018년 다발지,경상남도 창원시 의창구1,경상남도 창원시 의창구 신월동(한국은행 경남본부 부근),2018-07-22,14시,중상,남,56세,승용차,상해없음,남,30세,자전거,중상,차대차 - 측면충돌,신호위반,맑음,0,5
2018년 다발지,경상남도 창원시 진해구1,경상남도 창원시 진해구 용원동(진해동부도서관입구 부근),2018-09-09,15시,중상,기타불명,불명,불명,기타불명,남,42세,자전거,중상,차대차 - 기타,안전운전 의무 불이행,맑음,0,4
2018년 다발지,경상남도 창원시 진해구1,경상남도 창원시 진해구 용원동(진해동부도서관입구 부근),2018-09-16,15시,중상,남,54세,승용차,상해없음,남,5세,자전거,중상,차대차 - 측면충돌,안전운전 의무 불이행,맑음,0,4
2018년 다발지,경상남도 창원시 진해구1,경상남도 창원시 진해구 용원동(진해동부도서관입구 부근),2018-10-03,19시,경상,남,7세,자전거,경상,남,61세,승용차,상해없음,차대차 - 측면충돌,안전운전 의무 불이행,맑음,0,4
2018년 다발지,경상남도 창원시 진해구1,경상남도 창원시 진해구 용원동(진해동부도서관입구 부근),2018-10-22,17시,중상,남,24세,자전거,중상,여,36세,승용차,상해없음,차대차 - 측면충돌,교차로 통행방법 위반,맑음,0,4
2018년 다발지,경상남도 통영시1,경상남도 통영시 도천동(하나로마트 통영농협 본점 부근),2018-01-15,11시,경상,남,69세,자전거,경상,남,59세,승합차,상해없음,차대차 - 측면충돌,안전운전 의무 불이행,맑음,0,5
2018년 다발지,경상남도 통영시1,경상남도 통영시 도천동(하나로마트 통영농협 본점 부근),2018-03-24,20시,경상,남,40세,승용차,상해없음,남,15세,자전거,경상,차대차 - 측면충돌,안전운전 의무 불이행,맑음,0,5
2018년 다발지,경상남도 통영시1,경상남도 통영시 도천동(하나로마트 통영농협 본점 부근),2018-09-09,10시,경상,남,74세,자전거,경상,남,24세,승용차,경상,차대차 - 측면충돌,안전운전 의무 불이행,맑음,0,5
2018년 다발지,경상남도 통영시1,경상남도 통영시 도천동(하나로마트 통영농협 본점 부근),2018-09-10,19시,중상,남,73세,자전거,중상,없음,불명,없음,없음,차량단독 - 기타,안전운전 의무 불이행,맑음,0,5
2018년 다발지,경상남도 사천시1,경상남도 사천시 동금동(목전빌딩사거리 부근),2018-02-23,10시,경상,여,60세,자전거,경상,여,27세,승용차,상해없음,차대차 - 측면충돌,안전운전 의무 불이행,맑음,0,7
2018년 다발지,경상남도 사천시1,경상남도 사천시 동금동(목전빌딩사거리 부근),2018-05-03,18시,중상,남,78세,승용차,상해없음,여,39세,자전거,중상,차대차 - 측면충돌,신호위반,맑음,0,7
2018년 다발지,경상남도 사천시1,경상남도 사천시 동금동(목전빌딩사거리 부근),2018-08-01,05시,중상,남,79세,자전거,중상,여,74세,승용차,상해없음,차대차 - 정면충돌,중앙선 침범,맑음,0,7
2018년 다발지,경상남도 사천시1,경상남도 사천시 동금동(목전빌딩사거리 부근),2018-08-14,12시,중상,남,72세,화물차,상해없음,남,61세,자전거,중상,차대차 - 기타,안전운전 의무 불이행,맑음,0,7
2018년 다발지,경상남도 사천시1,경상남도 사천시 동금동(목전빌딩사거리 부근),2018-09-17,17시,경상,여,55세,승용차,상해없음,여,61세,자전거,경상,차대차 - 측면충돌,안전운전 의무 불이행,맑음,0,7
2018년 다발지,경상남도 사천시1,경상남도 사천시 동금동(목전빌딩사거리 부근),2018-09-22,06시,중상,남,70세,화물차,상해없음,여,61세,자전거,중상,차대차 - 측면충돌,안전운전 의무 불이행,맑음,0,7
2018년 다발지,경상남도 사천시1,경상남도 사천시 동금동(목전빌딩사거리 부근),2018-12-17,09시,중상,여,38세,승용차,상해없음,남,63세,자전거,중상,차대차 - 측면충돌,안전운전 의무 불이행,맑음,0,7
2018년 다발지,경상남도 김해시1,경상남도 김해시 부원동(부원동사거리 부근),2018-01-13,10시,부상신고,남,73세,자전거,상해없음,남,61세,이륜차,부상신고,차대차 - 기타,안전운전 의무 불이행,맑음,0,9
2018년 다발지,경상남도 김해시1,경상남도 김해시 부원동(부원동사거리 부근),2018-01-22,16시,부상신고,남,76세,자전거,부상신고,여,38세,승용차,상해없음,차대차 - 측면충돌,중앙선 침범,맑음,0,9
2018년 다발지,경상남도 김해시1,경상남도 김해시 부원동(부원동사거리 부근),2018-01-25,15시,중상,여,49세,승용차,상해없음,여,67세,자전거,중상,차대차 - 측면충돌,안전운전 의무 불이행,맑음,0,9
2018년 다발지,경상남도 김해시1,경상남도 김해시 부원동(부원동사거리 부근),2018-02-02,08시,부상신고,남,81세,자전거,부상신고,여,32세,승용차,상해없음,차대차 - 기타,신호위반,맑음,0,9
2018년 다발지,경상남도 김해시1,경상남도 김해시 부원동(부원동사거리 부근),2018-03-25,19시,중상,여,61세,승용차,상해없음,남,73세,자전거,중상,차대차 - 측면충돌,안전운전 의무 불이행,맑음,0,9
2018년 다발지,경상남도 김해시1,경상남도 김해시 부원동(부원동사거리 부근),2018-04-27,14시,경상,여,62세,자전거,경상,남,61세,승용차,상해없음,차대차 - 기타,안전운전 의무 불이행,맑음,0,9
2018년 다발지,경상남도 김해시1,경상남도 김해시 부원동(부원동사거리 부근),2018-04-30,09시,경상,여,51세,승용차,상해없음,남,70세,자전거,경상,차대차 - 추돌,안전운전 의무 불이행,맑음,0,9
2018년 다발지,경상남도 김해시1,경상남도 김해시 부원동(부원동사거리 부근),2018-06-20,19시,경상,여,62세,자전거,경상,남,31세,승용차,상해없음,차대차 - 측면충돌,안전운전 의무 불이행,맑음,0,9
2018년 다발지,경상남도 김해시1,경상남도 김해시 부원동(부원동사거리 부근),2018-07-26,05시,경상,남,69세,원동기장치자전거,경상,남,74세,자전거,상해없음,차대차 - 측면충돌,기타,맑음,0,9
2018년 다발지,경상남도 김해시2,경상남도 김해시 내동(경원사거리 부근),2018-06-26,22시,경상,여,31세,자전거,경상,남,31세,승용차,상해없음,차대차 - 측면충돌,안전운전 의무 불이행,맑음,0,4
2018년 다발지,경상남도 김해시2,경상남도 김해시 내동(경원사거리 부근),2018-08-28,10시,경상,여,38세,승용차,상해없음,남,34세,자전거,경상,차대차 - 측면충돌,안전운전 의무 불이행,맑음,0,4
2018년 다발지,경상남도 김해시2,경상남도 김해시 내동(경원사거리 부근),2018-09-12,09시,중상,남,64세,자전거,중상,남,47세,화물차,상해없음,차대차 - 기타,안전운전 의무 불이행,맑음,0,4
2018년 다발지,경상남도 김해시2,경상남도 김해시 내동(경원사거리 부근),2018-10-06,03시,중상,남,26세,승용차,상해없음,여,68세,자전거,중상,차대차 - 기타,안전운전 의무 불이행,비,0,4
2018년 다발지,경상남도 김해시3,경상남도 김해시 서상동(일진건재당약국 부근),2018-02-26,16시,경상,남,67세,승용차,상해없음,남,50세,자전거,경상,차대차 - 기타,중앙선 침범,맑음,0,4
2018년 다발지,경상남도 김해시3,경상남도 김해시 서상동(일진건재당약국 부근),2018-03-03,10시,경상,남,67세,승용차,상해없음,남,14세,자전거,경상,차대차 - 기타,기타,맑음,0,4
2018년 다발지,경상남도 김해시3,경상남도 김해시 서상동(일진건재당약국 부근),2018-05-07,08시,중상,남,67세,승용차,상해없음,여,56세,자전거,중상,차대차 - 기타,안전운전 의무 불이행,흐림,0,4
2018년 다발지,경상남도 김해시3,경상남도 김해시 서상동(일진건재당약국 부근),2018-07-21,22시,경상,여,53세,자전거,경상,남,18세,원동기장치자전거,상해없음,차대차 - 측면충돌,기타,맑음,0,4
2018년 다발지,경상남도 양산시1,경상남도 양산시 물금읍(범어고등학교 부근),2018-04-08,11시,경상,여,42세,승용차,상해없음,남,11세,자전거,경상,차대차 - 측면충돌,안전운전 의무 불이행,맑음,0,4
2018년 다발지,경상남도 양산시1,경상남도 양산시 물금읍(범어고등학교 부근),2018-06-07,14시,경상,여,61세,승용차,상해없음,남,75세,자전거,경상,차대차 - 기타,안전운전 의무 불이행,맑음,0,4
2018년 다발지,경상남도 양산시1,경상남도 양산시 물금읍(범어고등학교 부근),2018-09-13,15시,경상,여,46세,승용차,상해없음,남,73세,자전거,경상,차대차 - 기타,신호위반,맑음,0,4
2018년 다발지,경상남도 양산시1,경상남도 양산시 물금읍(범어고등학교 부근),2018-11-18,15시,중상,여,32세,승용차,상해없음,여,52세,자전거,중상,차대차 - 측면충돌,안전운전 의무 불이행,맑음,0,4
2018년 다발지,경상남도 창녕군1,경상남도 창녕군 남지읍(서울민치과의원 부근),2018-01-27,18시,경상,남,46세,승용차,상해없음,여,69세,자전거,경상,차대차 - 기타,안전운전 의무 불이행,맑음,0,5