다발지구분,다발지시군구,지점명,발생일,발생시간대,사고내용,가해자성별,가해자연령,가해자차종,가해자신체상해정도,피해자성별,피해자연령,피해자차종,피해자신체상해정도,사고유형,법규위반사항,기상상태,사망자수,부상자수
2019년 다발지,서울특별시 중랑구2,서울특별시 중랑구 중화동(태능시장 부근),2019-06-20,19시,경상,남,44세,이륜차,상해없음,여,70세,자전거,경상,차대차 - 기타,안전운전 의무 불이행,맑음,0,10
2019년 다발지,서울특별시 중랑구2,서울특별시 중랑구 중화동(태능시장 부근),2019-08-11,13시,경상,기타불명,불명,불명,기타불명,여,26세,자전거,경상,차대차 - 기타,안전운전 의무 불이행,맑음,0,10
2019년 다발지,서울특별시 중랑구2,서울특별시 중랑구 중화동(태능시장 부근),2019-10-14,16시,중상,남,52세,승합차,상해없음,남,67세,자전거,중상,차대차 - 측면충돌,안전운전 의무 불이행,맑음,0,10
2019년 다발지,서울특별시 중랑구2,서울특별시 중랑구 중화동(태능시장 부근),2019-10-26,18시,경상,남,64세,자전거,상해없음,여,80세,보행자,경상,차대사람 - 보도통행중,기타,맑음,0,10
2019년 다발지,서울특별시 중랑구3,서울특별시 중랑구 면목동(면목2동사거리 부근),2019-03-01,21시,경상,남,56세,자전거,경상,남,59세,승용차,상해없음,차대차 - 측면충돌,안전운전 의무 불이행,흐림,0,7
2019년 다발지,서울특별시 중랑구3,서울특별시 중랑구 면목동(면목2동사거리 부근),2019-06-12,21시,중상,여,59세,자전거,중상,남,26세,이륜차,상해없음,차대차 - 기타,기타,맑음,0,7
2019년 다발지,서울특별시 중랑구3,서울특별시 중랑구 면목동(면목2동사거리 부근),2019-08-02,06시,중상,남,76세,자전거,중상,남,63세,승용차,상해없음,차대차 - 측면충돌,신호위반,맑음,0,7
2019년 다발지,서울특별시 중랑구3,서울특별시 중랑구 면목동(면목2동사거리 부근),2019-09-08,17시,경상,남,55세,화물차,상해없음,남,63세,자전거,경상,차대차 - 기타,기타,맑음,0,7
2019년 다발지,서울특별시 중랑구3,서울특별시 중랑구 면목동(면목2동사거리 부근),2019-09-27,10시,경상,남,79세,자전거,경상,남,66세,승용차,상해없음,차대차 - 측면충돌,안전운전 의무 불이행,맑음,0,7
2019년 다발지,서울특별시 중랑구3,서울특별시 중랑구 면목동(면목2동사거리 부근),2019-10-21,23시,부상신고,남,18세,자전거,부상신고,남,68세,승용차,상해없음,차대차 - 측면충돌,교차로 통행방법 위반,맑음,0,7
2019년 다발지,서울특별시 중랑구3,서울특별시 중랑구 면목동(면목2동사거리 부근),2019-12-05,09시,중상,남,61세,승용차,상해없음,남,83세,자전거,중상,차대차 - 측면충돌,안전운전 의무 불이행,맑음,0,7
2019년 다발지,서울특별시 중랑구4,서울특별시 중랑구 상봉동(새서울극장앞 부근),2019-04-28,09시,부상신고,남,43세,자전거,부상신고,남,41세,승용차,상해없음,차대차 - 기타,안전운전 의무 불이행,맑음,0,6
2019년 다발지,서울특별시 중랑구4,서울특별시 중랑구 상봉동(새서울극장앞 부근),2019-05-30,08시,부상신고,남,61세,자전거,부상신고,남,52세,승용차,상해없음,차대차 - 측면충돌,신호위반,맑음,0,6
2019년 다발지,서울특별시 중랑구4,서울특별시 중랑구 상봉동(새서울극장앞 부근),2019-06-09,05시,경상,남,71세,승용차,상해없음,남,58세,자전거,경상,차대차 - 기타,기타,맑음,0,6
2019년 다발지,서울특별시 중랑구4,서울특별시 중랑구 상봉동(새서울극장앞 부근),2019-07-10,17시,부상신고,여,60세,자전거,부상신고,남,65세,승용차,상해없음,차대차 - 기타,기타,비,0,6
2019년 다발지,서울특별시 중랑구4,서울특별시 중랑구 상봉동(새서울극장앞 부근),2019-10-11,08시,중상,남,49세,승용차,상해없음,남,48세,자전거,중상,차대차 - 기타,신호위반,맑음,0,6
2019년 다발지,서울특별시 중랑구4,서울특별시 중랑구 상봉동(새서울극장앞 부근),2019-10-30,20시,중상,남,57세,자전거,중상,남,60세,승용차,상해없음,차대차 - 측면충돌,안전운전 의무 불이행,맑음,0,6
2019년 다발지,서울특별시 중랑구5,서울특별시 중랑구 면목동(중랑전화국 부근),2019-05-22,20시,부상신고,남,34세,자전거,부상신고,남,62세,승용차,상해없음,차대차 - 측면충돌,신호위반,맑음,0,6
2019년 다발지,서울특별시 중랑구5,서울특별시 중랑구 면목동(중랑전화국 부근),2019-05-30,16시,경상,여,60세,승용차,상해없음,남,79세,자전거,경상,차대차 - 추돌,안전운전 의무 불이행,맑음,0,6
2019년 다발지,서울특별시 중랑구5,서울특별시 중랑구 면목동(중랑전화국 부근),2019-08-05,13시,부상신고,남,45세,자전거,부상신고,남,65세,승용차,기타불명,차대차 - 측면충돌,교차로 통행방법 위반,맑음,0,6
2019년 다발지,서울특별시 중랑구5,서울특별시 중랑구 면목동(중랑전화국 부근),2019-08-06,19시,경상,남,8세,자전거,경상,남,62세,승용차,상해없음,차대차 - 측면충돌,교차로 통행방법 위반,맑음,0,6
2019년 다발지,서울특별시 중랑구5,서울특별시 중랑구 면목동(중랑전화국 부근),2019-10-20,16시,경상,남,61세,화물차,상해없음,남,64세,자전거,경상,차대차 - 기타,기타,맑음,0,6
2019년 다발지,서울특별시 중랑구5,서울특별시 중랑구 면목동(중랑전화국 부근),2019-11-02,09시,경상,여,48세,자전거,경상,남,71세,승용차,상해없음,차대차 - 측면충돌,신호위반,맑음,0,6
2019년 다발지,서울특별시 중랑구6,서울특별시 중랑구 묵동(제일프라자 부근),2019-03-06,07시,경상,남,61세,승용차,상해없음,남,74세,자전거,경상,차대차 - 기타,기타,기타/불명,0,5
2019년 다발지,서울특별시 중랑구6,서울특별시 중랑구 묵동(제일프라자 부근),2019-04-22,13시,경상,남,58세,자전거,경상,남,56세,승용차,상해없음,차대차 - 기타,신호위반,맑음,0,5
2019년 다발지,서울특별시 중랑구6,서울특별시 중랑구 묵동(제일프라자 부근),2019-08-31,17시,중상,남,57세,승용차,상해없음,남,55세,자전거,중상,차대차 - 추돌,안전운전 의무 불이행,맑음,0,5
2019년 다발지,서울특별시 중랑구6,서울특별시 중랑구 묵동(제일프라자 부근),2019-10-23,19시,중상,여,45세,자전거,상해없음,남,36세,이륜차,중상,차대차 - 기타,안전거리 미확보,맑음,0,5
2019년 다발지,서울특별시 중랑구6,서울특별시 중랑구 묵동(제일프라자 부근),2019-12-23,09시,중상,남,70세,승용차,상해없음,남,71세,자전거,중상,차대차 - 측면충돌,기타,흐림,0,5
2019년 다발지,서울특별시 중랑구7,서울특별시 중랑구 묵동(두산대림아파트 부근),2019-09-03,09시,중상,여,44세,승용차,상해없음,남,76세,자전거,중상,차대차 - 기타,안전운전 의무 불이행,맑음,0,5
2019년 다발지,서울특별시 중랑구7,서울특별시 중랑구 묵동(두산대림아파트 부근),2019-09-24,10시,중상,남,66세,화물차,상해없음,남,78세,자전거,중상,차대차 - 정면충돌,안전운전 의무 불이행,맑음,0,5
2019년 다발지,서울특별시 중랑구7,서울특별시 중랑구 묵동(두산대림아파트 부근),2019-10-04,19시,중상,남,61세,승용차,상해없음,남,14세,자전거,중상,차대차 - 기타,안전운전 의무 불이행,맑음,0,5
2019년 다발지,서울특별시 중랑구7,서울특별시 중랑구 묵동(두산대림아파트 부근),2019-10-26,17시,부상신고,남,27세,이륜차,상해없음,남,52세,자전거,부상신고,차대차 - 정면충돌,안전운전 의무 불이행,맑음,0,5
2019년 다발지,서울특별시 중랑구7,서울특별시 중랑구 묵동(두산대림아파트 부근),2019-10-28,17시,경상,남,51세,자전거,경상,여,48세,승용차,상해없음,차대차 - 기타,중앙선 침범,맑음,0,5
2019년 다발지,서울특별시 중랑구8,서울특별시 중랑구 면목동(장안교일반국도3호선 부근),2019-04-01,09시,부상신고,남,48세,자전거,부상신고,남,34세,이륜차,상해없음,차대차 - 기타,기타,맑음,0,5
2019년 다발지,서울특별시 중랑구8,서울특별시 중랑구 면목동(장안교일반국도3호선 부근),2019-06-17,22시,경상,남,21세,자전거,경상,남,52세,승용차,상해없음,차대차 - 기타,중앙선 침범,맑음,0,5
2019년 다발지,서울특별시 중랑구8,서울특별시 중랑구 면목동(장안교일반국도3호선 부근),2019-07-09,08시,부상신고,여,30세,자전거,부상신고,남,61세,승용차,상해없음,차대차 - 기타,기타,맑음,0,5
2019년 다발지,서울특별시 중랑구8,서울특별시 중랑구 면목동(장안교일반국도3호선 부근),2019-10-30,19시,경상,기타불명,불명,자전거,기타불명,여,49세,보행자,경상,차대사람 - 보도통행중,안전운전 의무 불이행,맑음,0,5
2019년 다발지,서울특별시 중랑구8,서울특별시 중랑구 면목동(장안교일반국도3호선 부근),2019-11-13,08시,경상,남,65세,승용차,상해없음,남,50세,자전거,경상,차대차 - 기타,안전운전 의무 불이행,맑음,0,5
2019년 다발지,서울특별시 중랑구9,서울특별시 중랑구 면목동(용마터널서측 부근),2019-04-04,08시,경상,남,71세,자전거,경상,남,33세,승용차,상해없음,차대차 - 측면충돌,중앙선 침범,맑음,1,3
2019년 다발지,서울특별시 중랑구9,서울특별시 중랑구 면목동(용마터널서측 부근),2019-06-17,16시,사망,남,16세,자전거,기타불명,여,80세,보행자,사망,차대사람 - 차도통행중,안전운전 의무 불이행,맑음,1,3
2019년 다발지,서울특별시 중랑구9,서울특별시 중랑구 면목동(용마터널서측 부근),2019-09-04,21시,부상신고,남,51세,자전거,부상신고,없음,없음,없음,없음,차량단독 - 공작물충돌,안전운전 의무 불이행,맑음,1,3
2019년 다발지,서울특별시 중랑구9,서울특별시 중랑구 면목동(용마터널서측 부근),2019-10-29,19시,경상,여,71세,승용차,상해없음,남,39세,자전거,경상,차대차 - 측면충돌,교차로 통행방법 위반,맑음,1,3
2019년 다발지,서울특별시 중랑구10,서울특별시 중랑구 중화동(이화교서측중랑천길 부근),2019-02-22,19시,경상,남,58세,자전거,경상,남,27세,승용차,상해없음,차대차 - 기타,교차로 통행방법 위반,맑음,0,4
2019년 다발지,서울특별시 중랑구10,서울특별시 중랑구 중화동(이화교서측중랑천길 부근),2019-04-23,21시,경상,남,47세,승용차,상해없음,남,64세,자전거,경상,차대차 - 기타,안전운전 의무 불이행,비,0,4
2019년 다발지,서울특별시 중랑구10,서울특별시 중랑구 중화동(이화교서측중랑천길 부근),2019-06-30,04시,중상,남,12세,자전거,중상,남,26세,승용차,상해없음,차대차 - 기타,기타,흐림,0,4
2019년 다발지,서울특별시 중랑구10,서울특별시 중랑구 중화동(이화교서측중랑천길 부근),2019-11-11,18시,중상,남,60세,승용차,상해없음,여,69세,자전거,중상,차대차 - 기타,중앙선 침범,맑음,0,4
2019년 다발지,서울특별시 중랑구11,서울특별시 중랑구 면목동(혜원사거리 부근),2019-05-18,17시,경상,남,77세,자전거,부상신고,남,33세,이륜차,경상,차대차 - 기타,안전운전 의무 불이행,맑음,0,6
2019년 다발지,서울특별시 중랑구11,서울특별시 중랑구 면목동(혜원사거리 부근),2019-06-04,06시,경상,남,70세,자전거,경상,남,42세,화물차,상해없음,차대차 - 측면충돌,안전운전 의무 불이행,맑음,0,6
2019년 다발지,서울특별시 중랑구11,서울특별시 중랑구 면목동(혜원사거리 부근),2019-09-25,16시,중상,남,12세,자전거,중상,없음,불명,없음,없음,차량단독 - 기타,안전운전 의무 불이행,맑음,0,6
2019년 다발지,서울특별시 중랑구11,서울특별시 중랑구 면목동(혜원사거리 부근),2019-10-18,14시,경상,남,32세,자전거,부상신고,남,30세,이륜차,경상,차대차 - 측면충돌,중앙선 침범,맑음,0,6
2019년 다발지,서울특별시 성북구1,서울특별시 성북구 석관동(우현빌딩 부근),2019-01-27,20시,중상,남,22세,승용차,상해없음,남,48세,자전거,중상,차대차 - 기타,신호위반,맑음,0,7
2019년 다발지,서울특별시 성북구1,서울특별시 성북구 석관동(우현빌딩 부근),2019-03-01,14시,부상신고,남,11세,자전거,기타불명,여,32세,보행자,부상신고,차대사람 - 기타,안전운전 의무 불이행,맑음,0,7
2019년 다발지,서울특별시 성북구1,서울특별시 성북구 석관동(우현빌딩 부근),2019-03-08,14시,경상,남,14세,자전거,상해없음,여,40세,보행자,경상,차대사람 - 길가장자리구역통행중,안전운전 의무 불이행,맑음,0,7
2019년 다발지,서울특별시 성북구1,서울특별시 성북구 석관동(우현빌딩 부근),2019-07-06,02시,경상,남,57세,승용차,상해없음,남,44세,자전거,경상,차대차 - 측면충돌,신호위반,맑음,0,7
2019년 다발지,서울특별시 성북구1,서울특별시 성북구 석관동(우현빌딩 부근),2019-07-18,18시,경상,남,62세,승용차,기타불명,남,61세,자전거,경상,차대차 - 기타,안전운전 의무 불이행,맑음,0,7
2019년 다발지,서울특별시 성북구1,서울특별시 성북구 석관동(우현빌딩 부근),2019-10-23,15시,경상,남,62세,승용차,상해없음,남,24세,자전거,경상,차대차 - 측면충돌,안전운전 의무 불이행,맑음,0,7
2019년 다발지,서울특별시 성북구1,서울특별시 성북구 석관동(우현빌딩 부근),2019-11-07,20시,경상,기타불명,불명,불명,기타불명,남,75세,자전거,경상,차대차 - 측면충돌,안전운전 의무 불이행,맑음,0,7
2019년 다발지,서울특별시 성북구2,서울특별시 성북구 종암동(종암사거리 부근),2019-05-04,18시,경상,남,54세,자전거,경상,남,60세,승용차,상해없음,차대차 - 측면충돌,신호위반,맑음,0,6
2019년 다발지,서울특별시 성북구2,서울특별시 성북구 종암동(종암사거리 부근),2019-05-07,12시,경상,남,67세,자전거,기타불명,여,52세,보행자,경상,차대사람 - 횡단중,신호위반,맑음,0,6
2019년 다발지,서울특별시 성북구2,서울특별시 성북구 종암동(종암사거리 부근),2019-06-05,15시,경상,남,59세,화물차,상해없음,여,48세,자전거,경상,차대차 - 기타,안전운전 의무 불이행,맑음,0,6
2019년 다발지,서울특별시 성북구2,서울특별시 성북구 종암동(종암사거리 부근),2019-07-16,21시,중상,여,53세,승용차,상해없음,남,50세,자전거,중상,차대차 - 측면충돌,안전운전 의무 불이행,맑음,0,6
2019년 다발지,서울특별시 성북구2,서울특별시 성북구 종암동(종암사거리 부근),2019-10-25,17시,중상,남,22세,자전거,중상,남,64세,승용차,상해없음,차대차 - 측면충돌,안전운전 의무 불이행,맑음,0,6
2019년 다발지,서울특별시 성북구2,서울특별시 성북구 종암동(종암사거리 부근),2019-11-20,01시,중상,남,23세,자전거,중상,남,26세,승용차,상해없음,차대차 - 측면충돌,기타,맑음,0,6
2019년 다발지,서울특별시 성북구3,서울특별시 성북구 종암동(고려대역 부근),2019-04-19,07시,경상,여,21세,자전거,경상,남,37세,화물차,상해없음,차대차 - 측면충돌,안전운전 의무 불이행,맑음,0,5
2019년 다발지,서울특별시 성북구3,서울특별시 성북구 종암동(고려대역 부근),2019-07-20,12시,경상,기타불명,불명,불명,기타불명,남,9세,자전거,경상,차대차 - 측면충돌,안전운전 의무 불이행,맑음,0,5
2019년 다발지,서울특별시 성북구3,서울특별시 성북구 종암동(고려대역 부근),2019-08-21,18시,경상,남,39세,이륜차,상해없음,남,77세,자전거,경상,차대차 - 측면충돌,신호위반,비,0,5
2019년 다발지,서울특별시 성북구3,서울특별시 성북구 종암동(고려대역 부근),2019-10-18,02시,경상,남,22세,자전거,경상,남,70세,승용차,상해없음,차대차 - 측면충돌,중앙선 침범,맑음,0,5
2019년 다발지,서울특별시 성북구3,서울특별시 성북구 종암동(고려대역 부근),2019-11-30,13시,중상,남,62세,승용차,상해없음,남,74세,자전거,중상,차대차 - 측면충돌,기타,맑음,0,5
2019년 다발지,서울특별시 성북구4,서울특별시 성북구 삼선동1가(한성대입구역 부근),2019-01-12,15시,경상,남,64세,승용차,상해없음,여,38세,자전거,경상,차대차 - 기타,기타,흐림,0,5
2019년 다발지,서울특별시 성북구4,서울특별시 성북구 삼선동1가(한성대입구역 부근),2019-05-03,18시,경상,남,22세,자전거,경상,남,40세,승용차,상해없음,차대차 - 측면충돌,신호위반,맑음,0,5
2019년 다발지,서울특별시 성북구4,서울특별시 성북구 삼선동1가(한성대입구역 부근),2019-05-28,16시,부상신고,남,21세,자전거,부상신고,남,45세,승용차,상해없음,차대차 - 측면충돌,안전운전 의무 불이행,맑음,0,5
2019년 다발지,서울특별시 성북구4,서울특별시 성북구 삼선동1가(한성대입구역 부근),2019-08-12,18시,경상,여,50세,승용차,상해없음,남,32세,자전거,경상,차대차 - 측면충돌,신호위반,맑음,0,5
2019년 다발지,서울특별시 성북구4,서울특별시 성북구 삼선동1가(한성대입구역 부근),2019-10-02,23시,경상,남,52세,승용차,상해없음,남,28세,자전거,경상,차대차 - 측면충돌,기타,비,0,5
2019년 다발지,서울특별시 성북구5,서울특별시 성북구 장위동(오현초교 부근),2019-05-22,09시,경상,여,19세,자전거,경상,남,27세,승용차,상해없음,차대차 - 측면충돌,안전운전 의무 불이행,맑음,0,4
2019년 다발지,서울특별시 성북구5,서울특별시 성북구 장위동(오현초교 부근),2019-06-23,14시,경상,여,19세,자전거,경상,남,22세,승용차,상해없음,차대차 - 측면충돌,안전운전 의무 불이행,맑음,0,4
2019년 다발지,서울특별시 성북구5,서울특별시 성북구 장위동(오현초교 부근),2019-09-27,20시,경상,남,58세,자전거,상해없음,남,32세,이륜차,경상,차대차 - 기타,중앙선 침범,맑음,0,4
2019년 다발지,서울특별시 성북구5,서울특별시 성북구 장위동(오현초교 부근),2019-11-18,08시,중상,남,18세,자전거,상해없음,여,67세,보행자,중상,차대사람 - 횡단중,신호위반,흐림,0,4
2019년 다발지,서울특별시 강북구1,서울특별시 강북구 번동(김홍석치과 부근),2019-01-02,09시,경상,남,72세,승용차,상해없음,남,22세,자전거,경상,차대차 - 기타,신호위반,맑음,1,8
2019년 다발지,서울특별시 강북구1,서울특별시 강북구 번동(김홍석치과 부근),2019-01-28,14시,경상,여,59세,자전거,상해없음,여,35세,보행자,경상,차대사람 - 보도통행중,기타,맑음,1,8
2019년 다발지,서울특별시 강북구1,서울특별시 강북구 번동(김홍석치과 부근),2019-02-21,07시,중상,여,69세,자전거,중상,남,38세,승용차,상해없음,차대차 - 측면충돌,중앙선 침범,맑음,1,8
2019년 다발지,서울특별시 강북구1,서울특별시 강북구 번동(김홍석치과 부근),2019-06-13,16시,경상,남,63세,이륜차,상해없음,여,75세,자전거,경상,차대차 - 측면충돌,안전운전 의무 불이행,맑음,1,8
2019년 다발지,서울특별시 강북구1,서울특별시 강북구 번동(김홍석치과 부근),2019-07-15,16시,경상,남,64세,건설기계,상해없음,남,71세,자전거,경상,차대차 - 측면충돌,안전운전 의무 불이행,맑음,1,8
2019년 다발지,서울특별시 강북구1,서울특별시 강북구 번동(김홍석치과 부근),2019-07-26,01시,경상,여,27세,자전거,상해없음,여,41세,보행자,경상,차대사람 - 보도통행중,기타,맑음,1,8
2019년 다발지,서울특별시 강북구1,서울특별시 강북구 번동(김홍석치과 부근),2019-08-07,18시,사망,남,80세,자전거,사망,남,58세,화물차,상해없음,차대차 - 정면충돌,기타,맑음,1,8
2019년 다발지,서울특별시 강북구1,서울특별시 강북구 번동(김홍석치과 부근),2019-09-22,15시,경상,남,43세,자전거,상해없음,여,64세,보행자,경상,차대사람 - 기타,보행자 보호의무 위반,맑음,1,8
2019년 다발지,서울특별시 강북구1,서울특별시 강북구 번동(김홍석치과 부근),2019-09-28,19시,경상,남,59세,승용차,상해없음,남,47세,자전거,경상,차대차 - 측면충돌,기타,맑음,1,8
2019년 다발지,서울특별시 강북구2,서울특별시 강북구 미아동(수유치과의원 부근),2019-02-08,17시,경상,남,65세,이륜차,상해없음,남,11세,자전거,경상,차대차 - 측면충돌,신호위반,맑음,0,7
2019년 다발지,서울특별시 강북구2,서울특별시 강북구 미아동(수유치과의원 부근),2019-05-17,23시,부상신고,남,59세,자전거,부상신고,남,35세,승용차,상해없음,차대차 - 측면충돌,중앙선 침범,맑음,0,7
2019년 다발지,서울특별시 강북구2,서울특별시 강북구 미아동(수유치과의원 부근),2019-06-11,14시,중상,남,65세,승용차,상해없음,남,74세,자전거,중상,차대차 - 기타,안전운전 의무 불이행,맑음,0,7
2019년 다발지,서울특별시 강북구2,서울특별시 강북구 미아동(수유치과의원 부근),2019-06-15,13시,경상,남,66세,자전거,경상,남,20세,이륜차,상해없음,차대차 - 측면충돌,중앙선 침범,맑음,0,7
2019년 다발지,서울특별시 강북구2,서울특별시 강북구 미아동(수유치과의원 부근),2019-09-26,18시,경상,여,34세,자전거,상해없음,남,83세,승용차,상해없음,차대차 - 측면충돌,안전운전 의무 불이행,맑음,0,7
2019년 다발지,서울특별시 강북구2,서울특별시 강북구 미아동(수유치과의원 부근),2019-11-09,15시,경상,남,33세,건설기계,상해없음,남,84세,자전거,경상,차대차 - 기타,안전운전 의무 불이행,맑음,0,7
2019년 다발지,서울특별시 강북구2,서울특별시 강북구 미아동(수유치과의원 부근),2019-12-09,14시,경상,남,12세,자전거,경상,남,31세,화물차,상해없음,차대차 - 측면충돌,안전운전 의무 불이행,흐림,0,7
2019년 다발지,서울특별시 강북구3,서울특별시 강북구 수유동(수유역 부근),2019-03-01,17시,경상,남,71세,승용차,상해없음,남,55세,자전거,경상,차대차 - 측면충돌,안전운전 의무 불이행,맑음,0,6
2019년 다발지,서울특별시 강북구3,서울특별시 강북구 수유동(수유역 부근),2019-05-08,15시,중상,남,70세,승용차,상해없음,남,77세,자전거,중상,차대차 - 측면충돌,안전운전 의무 불이행,맑음,0,6
2019년 다발지,서울특별시 강북구3,서울특별시 강북구 수유동(수유역 부근),2019-05-21,20시,경상,남,26세,승용차,상해없음,남,12세,자전거,경상,차대차 - 측면충돌,안전운전 의무 불이행,맑음,0,6
2019년 다발지,서울특별시 강북구3,서울특별시 강북구 수유동(수유역 부근),2019-07-03,23시,중상,남,32세,승용차,상해없음,여,33세,자전거,중상,차대차 - 기타,안전운전 의무 불이행,맑음,0,6
2019년 다발지,서울특별시 강북구3,서울특별시 강북구 수유동(수유역 부근),2019-07-16,04시,경상,여,22세,자전거,경상,남,43세,승용차,상해없음,차대차 - 측면충돌,안전운전 의무 불이행,흐림,0,6
2019년 다발지,서울특별시 강북구3,서울특별시 강북구 수유동(수유역 부근),2019-11-05,18시,경상,남,59세,자전거,상해없음,남,45세,보행자,경상,차대사람 - 보도통행중,기타,맑음,0,6
2019년 다발지,서울특별시 강북구4,서울특별시 강북구 번동(오현로32길3 부근),2019-02-16,15시,경상,여,39세,승용차,상해없음,남,80세,자전거,경상,차대차 - 측면충돌,안전운전 의무 불이행,맑음,0,5
2019년 다발지,서울특별시 강북구4,서울특별시 강북구 번동(오현로32길3 부근),2019-06-15,11시,경상,남,53세,승용차,기타불명,여,56세,자전거,경상,차대차 - 측면충돌,신호위반,맑음,0,5
2019년 다발지,서울특별시 강북구4,서울특별시 강북구 번동(오현로32길3 부근),2019-07-04,20시,중상,남,66세,자전거,경상,여,13세,보행자,중상,차대사람 - 횡단중,기타,맑음,0,5
2019년 다발지,서울특별시 강북구4,서울특별시 강북구 번동(오현로32길3 부근),2019-11-21,20시,중상,남,48세,자전거,중상,남,64세,화물차,상해없음,차대차 - 정면충돌,중앙선 침범,맑음,0,5
2019년 다발지,서울특별시 강북구5,서울특별시 강북구 번동(금보빌딩 부근),2019-01-28,13시,경상,남,26세,승용차,상해없음,남,59세,자전거,경상,차대차 - 측면충돌,안전운전 의무 불이행,맑음,1,2
2019년 다발지,서울특별시 강북구5,서울특별시 강북구 번동(금보빌딩 부근),2019-04-30,16시,경상,남,68세,화물차,상해없음,여,64세,자전거,경상,차대차 - 기타,기타,맑음,1,2
2019년 다발지,서울특별시 강북구5,서울특별시 강북구 번동(금보빌딩 부근),2019-06-25,00시,사망,남,59세,자전거,사망,남,62세,승용차,상해없음,차대차 - 정면충돌,중앙선 침범,맑음,1,2
2019년 다발지,서울특별시 도봉구1,서울특별시 도봉구 방학동(신도봉사거리 부근),2019-04-19,08시,중상,남,24세,자전거,중상,남,46세,승용차,상해없음,차대차 - 측면충돌,기타,맑음,0,5
2019년 다발지,서울특별시 도봉구1,서울특별시 도봉구 방학동(신도봉사거리 부근),2019-05-09,15시,중상,남,52세,자전거,중상,남,47세,승용차,상해없음,차대차 - 기타,안전운전 의무 불이행,맑음,0,5
2019년 다발지,서울특별시 도봉구1,서울특별시 도봉구 방학동(신도봉사거리 부근),2019-06-30,17시,중상,여,24세,자전거,중상,여,34세,승용차,상해없음,차대차 - 측면충돌,기타,흐림,0,5
2019년 다발지,서울특별시 도봉구1,서울특별시 도봉구 방학동(신도봉사거리 부근),2019-07-19,11시,부상신고,남,59세,자전거,부상신고,남,61세,화물차,상해없음,차대차 - 측면충돌,신호위반,맑음,0,5
2019년 다발지,서울특별시 도봉구1,서울특별시 도봉구 방학동(신도봉사거리 부근),2019-09-10,05시,경상,남,57세,승용차,상해없음,남,73세,자전거,경상,차대차 - 기타,신호위반,비,0,5
2019년 다발지,서울특별시 도봉구2,서울특별시 도봉구 도봉동(도봉산교회 부근),2019-06-10,20시,중상,남,52세,자전거,상해없음,여,57세,보행자,중상,차대사람 - 차도통행중,안전운전 의무 불이행,맑음,0,7
2019년 다발지,서울특별시 도봉구2,서울특별시 도봉구 도봉동(도봉산교회 부근),2019-07-03,08시,부상신고,여,48세,자전거,부상신고,남,43세,자전거,부상신고,차대차 - 추돌,안전운전 의무 불이행,맑음,0,7
2019년 다발지,서울특별시 도봉구2,서울특별시 도봉구 도봉동(도봉산교회 부근),2019-08-18,15시,중상,남,14세,자전거,상해없음,남,45세,자전거,중상,차대차 - 기타,안전운전 의무 불이행,맑음,0,7
2019년 다발지,서울특별시 도봉구2,서울특별시 도봉구 도봉동(도봉산교회 부근),2019-08-29,19시,부상신고,여,59세,자전거,부상신고,남,62세,자전거,상해없음,차대차 - 측면충돌,안전운전 의무 불이행,흐림,0,7
2019년 다발지,서울특별시 도봉구2,서울특별시 도봉구 도봉동(도봉산교회 부근),2019-09-15,16시,중상,남,48세,자전거,기타불명,남,67세,자전거,중상,차대차 - 기타,안전운전 의무 불이행,맑음,0,7
2019년 다발지,서울특별시 도봉구3,서울특별시 도봉구 쌍문동(창동구민회관앞 부근),2019-03-23,19시,경상,남,57세,자전거,상해없음,남,48세,이륜차,경상,차대차 - 측면충돌,안전운전 의무 불이행,맑음,0,5
2019년 다발지,서울특별시 도봉구3,서울특별시 도봉구 쌍문동(창동구민회관앞 부근),2019-04-07,17시,경상,여,58세,승용차,상해없음,남,65세,자전거,경상,차대차 - 측면충돌,안전운전 의무 불이행,맑음,0,5
2019년 다발지,서울특별시 도봉구3,서울특별시 도봉구 쌍문동(창동구민회관앞 부근),2019-04-09,12시,중상,남,58세,승용차,상해없음,남,82세,자전거,중상,차대차 - 측면충돌,안전운전 의무 불이행,맑음,0,5
2019년 다발지,서울특별시 도봉구3,서울특별시 도봉구 쌍문동(창동구민회관앞 부근),2019-04-15,13시,경상,남,23세,승용차,상해없음,남,50세,자전거,경상,차대차 - 측면충돌,안전거리 미확보,맑음,0,5
2019년 다발지,서울특별시 도봉구3,서울특별시 도봉구 쌍문동(창동구민회관앞 부근),2019-09-22,12시,중상,남,13세,자전거,상해없음,여,50세,보행자,중상,차대사람 - 차도통행중,안전운전 의무 불이행,맑음,0,5
2019년 다발지,서울특별시 도봉구4,서울특별시 도봉구 창동(도봉보건소 부근),2019-03-18,15시,중상,남,76세,자전거,중상,남,53세,승용차,상해없음,차대차 - 측면충돌,안전운전 의무 불이행,맑음,0,5
2019년 다발지,서울특별시 도봉구4,서울특별시 도봉구 창동(도봉보건소 부근),2019-05-03,07시,경상,남,44세,승용차,상해없음,남,57세,자전거,경상,차대차 - 측면충돌,신호위반,맑음,0,5
2019년 다발지,서울특별시 도봉구4,서울특별시 도봉구 창동(도봉보건소 부근),2019-06-07,16시,경상,남,22세,자전거,상해없음,여,30세,보행자,경상,차대사람 - 횡단중,보행자 보호의무 위반,맑음,0,5
2019년 다발지,서울특별시 도봉구4,서울특별시 도봉구 창동(도봉보건소 부근),2019-09-24,17시,부상신고,남,60세,승용차,상해없음,남,64세,자전거,부상신고,차대차 - 기타,기타,맑음,0,5