다발지구분,다발지시군구,지점명,발생일,발생시간대,사고내용,가해자성별,가해자연령,가해자차종,가해자신체상해정도,피해자성별,피해자연령,피해자차종,피해자신체상해정도,사고유형,법규위반사항,기상상태,사망자수,부상자수
2019년 다발지,서울특별시 도봉구4,서울특별시 도봉구 창동(도봉보건소 부근),2019-11-18,15시,중상,남,18세,자전거,상해없음,여,78세,보행자,중상,차대사람 - 기타,안전운전 의무 불이행,맑음,0,5
2019년 다발지,서울특별시 도봉구5,서울특별시 도봉구 창동(창4동사무소 부근),2019-01-08,12시,경상,남,80세,자전거,경상,남,52세,승합차,상해없음,차대차 - 측면충돌,안전운전 의무 불이행,맑음,0,5
2019년 다발지,서울특별시 도봉구5,서울특별시 도봉구 창동(창4동사무소 부근),2019-01-21,10시,경상,남,75세,자전거,경상,여,43세,승용차,상해없음,차대차 - 측면충돌,안전운전 의무 불이행,맑음,0,5
2019년 다발지,서울특별시 도봉구5,서울특별시 도봉구 창동(창4동사무소 부근),2019-04-08,16시,중상,남,23세,원동기장치자전거,상해없음,남,65세,자전거,중상,차대차 - 측면충돌,신호위반,맑음,0,5
2019년 다발지,서울특별시 도봉구5,서울특별시 도봉구 창동(창4동사무소 부근),2019-06-04,21시,부상신고,남,12세,자전거,부상신고,남,42세,승용차,상해없음,차대차 - 측면충돌,안전운전 의무 불이행,맑음,0,5
2019년 다발지,서울특별시 도봉구5,서울특별시 도봉구 창동(창4동사무소 부근),2019-11-30,11시,경상,남,54세,자전거,경상,남,46세,승용차,기타불명,차대차 - 기타,기타,맑음,0,5
2019년 다발지,서울특별시 노원구1,서울특별시 노원구 공릉동(태릉입구역 부근),2019-02-16,11시,중상,여,26세,자전거,상해없음,여,73세,보행자,중상,차대사람 - 기타,기타,맑음,0,6
2019년 다발지,서울특별시 노원구1,서울특별시 노원구 공릉동(태릉입구역 부근),2019-02-22,10시,중상,여,29세,승용차,상해없음,여,63세,자전거,중상,차대차 - 측면충돌,안전거리 미확보,맑음,0,6
2019년 다발지,서울특별시 노원구1,서울특별시 노원구 공릉동(태릉입구역 부근),2019-05-04,23시,경상,여,71세,자전거,경상,여,39세,승용차,상해없음,차대차 - 기타,안전운전 의무 불이행,흐림,0,6
2019년 다발지,서울특별시 노원구1,서울특별시 노원구 공릉동(태릉입구역 부근),2019-07-03,09시,중상,남,59세,승용차,상해없음,남,72세,자전거,중상,차대차 - 측면충돌,안전운전 의무 불이행,맑음,0,6
2019년 다발지,서울특별시 노원구1,서울특별시 노원구 공릉동(태릉입구역 부근),2019-08-29,01시,경상,남,62세,승용차,상해없음,남,44세,자전거,경상,차대차 - 기타,안전운전 의무 불이행,맑음,0,6
2019년 다발지,서울특별시 노원구1,서울특별시 노원구 공릉동(태릉입구역 부근),2019-09-23,20시,경상,여,35세,자전거,경상,남,56세,원동기장치자전거,상해없음,차대차 - 측면충돌,기타,맑음,0,6
2019년 다발지,서울특별시 노원구2,서울특별시 노원구 상계동(노원역노해길진입1 부근),2019-03-01,12시,중상,남,53세,승용차,상해없음,남,20세,자전거,중상,차대차 - 기타,안전운전 의무 불이행,맑음,0,6
2019년 다발지,서울특별시 노원구2,서울특별시 노원구 상계동(노원역노해길진입1 부근),2019-05-10,17시,경상,남,30세,자전거,상해없음,여,33세,보행자,경상,차대사람 - 차도통행중,안전운전 의무 불이행,맑음,0,6
2019년 다발지,서울특별시 노원구2,서울특별시 노원구 상계동(노원역노해길진입1 부근),2019-07-09,13시,경상,여,21세,자전거,경상,여,45세,보행자,상해없음,차대사람 - 횡단중,보행자 보호의무 위반,맑음,0,6
2019년 다발지,서울특별시 노원구2,서울특별시 노원구 상계동(노원역노해길진입1 부근),2019-07-21,21시,경상,남,62세,승용차,상해없음,남,59세,자전거,경상,차대차 - 기타,기타,맑음,0,6
2019년 다발지,서울특별시 노원구2,서울특별시 노원구 상계동(노원역노해길진입1 부근),2019-09-02,14시,중상,남,52세,화물차,상해없음,여,51세,자전거,중상,차대차 - 측면충돌,안전운전 의무 불이행,맑음,0,6
2019년 다발지,서울특별시 노원구2,서울특별시 노원구 상계동(노원역노해길진입1 부근),2019-11-26,11시,경상,남,74세,승용차,상해없음,남,26세,자전거,경상,차대차 - 측면충돌,안전운전 의무 불이행,맑음,0,6
2019년 다발지,서울특별시 노원구3,서울특별시 노원구 상계동(상계초등학교 부근),2019-01-08,09시,부상신고,남,13세,자전거,부상신고,여,38세,승용차,기타불명,차대차 - 측면충돌,기타,맑음,0,6
2019년 다발지,서울특별시 노원구3,서울특별시 노원구 상계동(상계초등학교 부근),2019-03-06,10시,경상,여,58세,자전거,경상,남,58세,화물차,상해없음,차대차 - 측면충돌,기타,맑음,0,6
2019년 다발지,서울특별시 노원구3,서울특별시 노원구 상계동(상계초등학교 부근),2019-04-08,14시,경상,여,48세,자전거,경상,여,60세,승용차,상해없음,차대차 - 기타,중앙선 침범,맑음,0,6
2019년 다발지,서울특별시 노원구3,서울특별시 노원구 상계동(상계초등학교 부근),2019-05-11,11시,경상,남,11세,자전거,경상,남,60세,화물차,상해없음,차대차 - 기타,안전운전 의무 불이행,맑음,0,6
2019년 다발지,서울특별시 노원구3,서울특별시 노원구 상계동(상계초등학교 부근),2019-07-08,17시,경상,여,43세,승용차,상해없음,남,34세,자전거,경상,차대차 - 측면충돌,기타,맑음,0,6
2019년 다발지,서울특별시 노원구3,서울특별시 노원구 상계동(상계초등학교 부근),2019-08-17,21시,경상,여,70세,자전거,상해없음,남,65세,보행자,경상,차대사람 - 보도통행중,기타,흐림,0,6
2019년 다발지,서울특별시 노원구4,서울특별시 노원구 상계동(상계10동우체국 부근),2019-07-01,09시,경상,여,46세,승용차,상해없음,남,22세,자전거,경상,차대차 - 측면충돌,안전운전 의무 불이행,맑음,0,5
2019년 다발지,서울특별시 노원구4,서울특별시 노원구 상계동(상계10동우체국 부근),2019-08-02,04시,경상,남,62세,화물차,상해없음,남,61세,자전거,경상,차대차 - 측면충돌,안전운전 의무 불이행,맑음,0,5
2019년 다발지,서울특별시 노원구4,서울특별시 노원구 상계동(상계10동우체국 부근),2019-09-09,20시,경상,여,36세,자전거,경상,남,42세,화물차,상해없음,차대차 - 측면충돌,안전운전 의무 불이행,맑음,0,5
2019년 다발지,서울특별시 노원구4,서울특별시 노원구 상계동(상계10동우체국 부근),2019-09-29,05시,중상,남,36세,화물차,상해없음,남,41세,자전거,중상,차대차 - 기타,안전운전 의무 불이행,맑음,0,5
2019년 다발지,서울특별시 노원구4,서울특별시 노원구 상계동(상계10동우체국 부근),2019-11-22,09시,부상신고,여,65세,승용차,상해없음,여,60세,자전거,부상신고,차대차 - 측면충돌,안전운전 의무 불이행,맑음,0,5
2019년 다발지,서울특별시 노원구5,서울특별시 노원구 중계동(혜성여고 부근),2019-01-28,18시,경상,남,55세,자전거,상해없음,여,72세,보행자,경상,차대사람 - 횡단중,보행자 보호의무 위반,맑음,0,5
2019년 다발지,서울특별시 노원구5,서울특별시 노원구 중계동(혜성여고 부근),2019-06-04,15시,경상,남,70세,승용차,기타불명,남,13세,자전거,경상,차대차 - 측면충돌,안전운전 의무 불이행,맑음,0,5
2019년 다발지,서울특별시 노원구5,서울특별시 노원구 중계동(혜성여고 부근),2019-07-29,08시,부상신고,남,33세,승용차,상해없음,남,56세,자전거,부상신고,차대차 - 기타,안전운전 의무 불이행,맑음,0,5
2019년 다발지,서울특별시 노원구5,서울특별시 노원구 중계동(혜성여고 부근),2019-10-09,07시,중상,남,70세,자전거,중상,남,58세,화물차,상해없음,차대차 - 측면충돌,안전운전 의무 불이행,맑음,0,5
2019년 다발지,서울특별시 노원구5,서울특별시 노원구 중계동(혜성여고 부근),2019-12-27,12시,부상신고,여,60세,자전거,부상신고,남,61세,승용차,상해없음,차대차 - 측면충돌,기타,맑음,0,5
2019년 다발지,서울특별시 노원구6,서울특별시 노원구 중계동(상명여자중고등학교 부근),2019-04-26,09시,경상,여,77세,자전거,경상,남,66세,화물차,상해없음,차대차 - 기타,안전운전 의무 불이행,맑음,0,6
2019년 다발지,서울특별시 노원구6,서울특별시 노원구 중계동(상명여자중고등학교 부근),2019-06-27,16시,경상,남,66세,자전거,상해없음,남,16세,보행자,경상,차대사람 - 기타,안전운전 의무 불이행,흐림,0,6
2019년 다발지,서울특별시 노원구6,서울특별시 노원구 중계동(상명여자중고등학교 부근),2019-08-21,08시,경상,남,39세,승용차,상해없음,여,62세,자전거,경상,차대차 - 기타,기타,맑음,0,6
2019년 다발지,서울특별시 노원구6,서울특별시 노원구 중계동(상명여자중고등학교 부근),2019-10-04,07시,경상,남,57세,자전거,상해없음,여,59세,자전거,경상,차대차 - 측면충돌,안전운전 의무 불이행,맑음,0,6
2019년 다발지,서울특별시 노원구6,서울특별시 노원구 중계동(상명여자중고등학교 부근),2019-10-10,08시,경상,기타불명,불명,불명,기타불명,남,14세,자전거,경상,차대차 - 측면충돌,안전운전 의무 불이행,맑음,0,6
2019년 다발지,서울특별시 노원구7,서울특별시 노원구 상계동(상계초교입구 부근),2019-05-10,00시,경상,남,67세,승용차,상해없음,남,19세,자전거,경상,차대차 - 측면충돌,신호위반,맑음,0,5
2019년 다발지,서울특별시 노원구7,서울특별시 노원구 상계동(상계초교입구 부근),2019-06-12,13시,부상신고,남,50세,승합차,상해없음,여,22세,자전거,부상신고,차대차 - 기타,안전운전 의무 불이행,맑음,0,5
2019년 다발지,서울특별시 노원구7,서울특별시 노원구 상계동(상계초교입구 부근),2019-10-03,06시,경상,남,64세,자전거,경상,남,30세,승용차,상해없음,차대차 - 기타,신호위반,맑음,0,5
2019년 다발지,서울특별시 노원구7,서울특별시 노원구 상계동(상계초교입구 부근),2019-10-03,12시,경상,남,27세,자전거,경상,남,64세,승용차,상해없음,차대차 - 측면충돌,기타,맑음,0,5
2019년 다발지,서울특별시 노원구7,서울특별시 노원구 상계동(상계초교입구 부근),2019-10-09,19시,경상,남,49세,자전거,경상,여,37세,승용차,상해없음,차대차 - 기타,안전거리 미확보,맑음,0,5
2019년 다발지,서울특별시 노원구8,서울특별시 노원구 상계동(창동교 부근),2019-04-16,06시,경상,남,49세,자전거,상해없음,남,54세,자전거,경상,차대차 - 측면충돌,안전운전 의무 불이행,맑음,0,4
2019년 다발지,서울특별시 노원구8,서울특별시 노원구 상계동(창동교 부근),2019-08-02,00시,경상,남,56세,승용차,상해없음,남,42세,자전거,경상,차대차 - 기타,신호위반,흐림,0,4
2019년 다발지,서울특별시 노원구8,서울특별시 노원구 상계동(창동교 부근),2019-09-06,10시,부상신고,남,83세,자전거,부상신고,남,60세,화물차,상해없음,차대차 - 측면충돌,안전운전 의무 불이행,맑음,0,4
2019년 다발지,서울특별시 노원구8,서울특별시 노원구 상계동(창동교 부근),2019-11-09,14시,부상신고,남,56세,자전거,상해없음,남,10세,자전거,부상신고,차대차 - 측면충돌,안전거리 미확보,맑음,0,4
2019년 다발지,서울특별시 은평구1,서울특별시 은평구 역촌동(제일기사식당 부근),2019-01-03,11시,중상,남,49세,화물차,상해없음,남,76세,자전거,중상,차대차 - 측면충돌,교차로 통행방법 위반,맑음,0,11
2019년 다발지,서울특별시 은평구1,서울특별시 은평구 역촌동(제일기사식당 부근),2019-01-06,09시,부상신고,기타불명,불명,불명,기타불명,남,59세,자전거,부상신고,차대차 - 기타,안전운전 의무 불이행,맑음,0,11
2019년 다발지,서울특별시 은평구1,서울특별시 은평구 역촌동(제일기사식당 부근),2019-04-16,08시,중상,여,70세,승합차,상해없음,남,13세,자전거,중상,차대차 - 측면충돌,신호위반,맑음,0,11
2019년 다발지,서울특별시 은평구1,서울특별시 은평구 역촌동(제일기사식당 부근),2019-04-19,18시,중상,여,41세,승용차,상해없음,남,78세,자전거,중상,차대차 - 측면충돌,안전운전 의무 불이행,맑음,0,11
2019년 다발지,서울특별시 은평구1,서울특별시 은평구 역촌동(제일기사식당 부근),2019-05-09,16시,중상,여,57세,자전거,기타불명,남,35세,이륜차,중상,차대차 - 측면충돌,안전운전 의무 불이행,맑음,0,11
2019년 다발지,서울특별시 은평구1,서울특별시 은평구 역촌동(제일기사식당 부근),2019-06-08,15시,중상,남,82세,기타,상해없음,남,49세,자전거,중상,차대차 - 기타,안전운전 의무 불이행,맑음,0,11
2019년 다발지,서울특별시 은평구1,서울특별시 은평구 역촌동(제일기사식당 부근),2019-06-09,08시,경상,기타불명,불명,불명,기타불명,남,62세,자전거,경상,차대차 - 기타,안전운전 의무 불이행,맑음,0,11
2019년 다발지,서울특별시 은평구1,서울특별시 은평구 역촌동(제일기사식당 부근),2019-06-22,12시,경상,남,64세,승합차,상해없음,여,68세,자전거,경상,차대차 - 측면충돌,안전운전 의무 불이행,맑음,0,11
2019년 다발지,서울특별시 은평구1,서울특별시 은평구 역촌동(제일기사식당 부근),2019-10-10,16시,경상,남,51세,승용차,상해없음,남,13세,자전거,경상,차대차 - 기타,안전운전 의무 불이행,맑음,0,11
2019년 다발지,서울특별시 은평구1,서울특별시 은평구 역촌동(제일기사식당 부근),2019-11-27,10시,경상,남,68세,자전거,경상,여,63세,승용차,상해없음,차대차 - 측면충돌,교차로 통행방법 위반,맑음,0,11
2019년 다발지,서울특별시 은평구2,서울특별시 은평구 녹번동(은평구청 부근),2019-02-25,10시,중상,여,57세,승용차,상해없음,남,71세,자전거,중상,차대차 - 측면충돌,안전운전 의무 불이행,맑음,0,7
2019년 다발지,서울특별시 은평구2,서울특별시 은평구 녹번동(은평구청 부근),2019-06-05,09시,부상신고,남,18세,자전거,상해없음,여,37세,승용차,부상신고,차대차 - 측면충돌,신호위반,맑음,0,7
2019년 다발지,서울특별시 은평구2,서울특별시 은평구 녹번동(은평구청 부근),2019-06-13,22시,중상,남,56세,자전거,상해없음,남,61세,보행자,중상,차대사람 - 보도통행중,기타,맑음,0,7
2019년 다발지,서울특별시 은평구2,서울특별시 은평구 녹번동(은평구청 부근),2019-07-23,18시,부상신고,남,89세,자전거,부상신고,남,65세,승용차,상해없음,차대차 - 측면충돌,안전운전 의무 불이행,맑음,0,7
2019년 다발지,서울특별시 은평구2,서울특별시 은평구 녹번동(은평구청 부근),2019-07-24,15시,경상,남,66세,승용차,상해없음,남,9세,자전거,경상,차대차 - 측면충돌,안전운전 의무 불이행,맑음,0,7
2019년 다발지,서울특별시 은평구2,서울특별시 은평구 녹번동(은평구청 부근),2019-11-22,17시,경상,남,60세,승용차,상해없음,남,58세,자전거,경상,차대차 - 측면충돌,교차로 통행방법 위반,맑음,0,7
2019년 다발지,서울특별시 은평구3,서울특별시 은평구 역촌동(기아자동차 부근),2019-06-03,21시,경상,남,47세,승합차,상해없음,남,28세,자전거,경상,차대차 - 측면충돌,안전운전 의무 불이행,맑음,1,4
2019년 다발지,서울특별시 은평구3,서울특별시 은평구 역촌동(기아자동차 부근),2019-06-27,21시,경상,남,52세,승용차,상해없음,남,27세,자전거,경상,차대차 - 기타,기타,맑음,1,4
2019년 다발지,서울특별시 은평구3,서울특별시 은평구 역촌동(기아자동차 부근),2019-08-21,10시,중상,여,39세,승용차,상해없음,남,39세,자전거,중상,차대차 - 추돌,교차로 통행방법 위반,맑음,1,4
2019년 다발지,서울특별시 은평구3,서울특별시 은평구 역촌동(기아자동차 부근),2019-08-26,15시,사망,남,76세,자전거,사망,남,50세,화물차,상해없음,차대차 - 기타,기타,맑음,1,4
2019년 다발지,서울특별시 은평구3,서울특별시 은평구 역촌동(기아자동차 부근),2019-09-17,15시,경상,남,56세,승용차,상해없음,여,55세,자전거,경상,차대차 - 측면충돌,신호위반,맑음,1,4
2019년 다발지,서울특별시 은평구4,서울특별시 은평구 불광동(불광로28 부근),2019-02-27,18시,중상,남,60세,자전거,상해없음,여,5세,보행자,중상,차대사람 - 보도통행중,기타,맑음,0,5
2019년 다발지,서울특별시 은평구4,서울특별시 은평구 불광동(불광로28 부근),2019-08-12,20시,경상,남,50세,자전거,상해없음,남,46세,보행자,경상,차대사람 - 보도통행중,중앙선 침범,비,0,5
2019년 다발지,서울특별시 은평구4,서울특별시 은평구 불광동(불광로28 부근),2019-11-02,13시,경상,남,45세,승용차,상해없음,남,49세,자전거,경상,차대차 - 추돌,안전거리 미확보,맑음,0,5
2019년 다발지,서울특별시 은평구4,서울특별시 은평구 불광동(불광로28 부근),2019-11-14,06시,경상,남,44세,승합차,상해없음,남,51세,자전거,경상,차대차 - 측면충돌,안전운전 의무 불이행,맑음,0,5
2019년 다발지,서울특별시 은평구4,서울특별시 은평구 불광동(불광로28 부근),2019-12-16,22시,경상,남,38세,승용차,상해없음,남,12세,자전거,경상,차대차 - 기타,기타,맑음,0,5
2019년 다발지,서울특별시 은평구5,서울특별시 은평구 불광동(연천초교길연서로진입 부근),2019-03-28,07시,중상,남,58세,자전거,중상,남,43세,화물차,상해없음,차대차 - 기타,안전운전 의무 불이행,맑음,0,4
2019년 다발지,서울특별시 은평구5,서울특별시 은평구 불광동(연천초교길연서로진입 부근),2019-07-18,17시,중상,여,27세,승용차,상해없음,남,65세,자전거,중상,차대차 - 기타,안전운전 의무 불이행,맑음,0,4
2019년 다발지,서울특별시 은평구5,서울특별시 은평구 불광동(연천초교길연서로진입 부근),2019-08-10,14시,중상,남,74세,자전거,상해없음,여,59세,보행자,중상,차대사람 - 기타,보행자 보호의무 위반,맑음,0,4
2019년 다발지,서울특별시 은평구5,서울특별시 은평구 불광동(연천초교길연서로진입 부근),2019-11-30,15시,경상,남,84세,자전거,경상,남,46세,승합차,상해없음,차대차 - 기타,안전운전 의무 불이행,맑음,0,4
2019년 다발지,서울특별시 서대문구1,서울특별시 서대문구 홍제동(홍제초등교 부근),2019-01-08,17시,경상,남,13세,자전거,상해없음,여,59세,보행자,경상,차대사람 - 기타,안전운전 의무 불이행,맑음,1,5
2019년 다발지,서울특별시 서대문구1,서울특별시 서대문구 홍제동(홍제초등교 부근),2019-07-19,16시,중상,남,13세,자전거,중상,남,35세,자전거,경상,차대차 - 기타,안전운전 의무 불이행,맑음,1,5
2019년 다발지,서울특별시 서대문구1,서울특별시 서대문구 홍제동(홍제초등교 부근),2019-07-30,19시,사망,남,69세,자전거,사망,남,49세,화물차,상해없음,차대차 - 측면충돌,안전운전 의무 불이행,흐림,1,5
2019년 다발지,서울특별시 서대문구1,서울특별시 서대문구 홍제동(홍제초등교 부근),2019-11-26,07시,부상신고,남,54세,자전거,부상신고,남,76세,승용차,상해없음,차대차 - 측면충돌,안전운전 의무 불이행,맑음,1,5
2019년 다발지,서울특별시 서대문구1,서울특별시 서대문구 홍제동(홍제초등교 부근),2019-12-23,13시,부상신고,남,74세,자전거,부상신고,여,54세,승용차,상해없음,차대차 - 기타,기타,맑음,1,5
2019년 다발지,서울특별시 서대문구2,서울특별시 서대문구 홍은동(봉산빌딩 부근),2019-04-27,15시,부상신고,남,66세,자전거,부상신고,남,68세,승용차,상해없음,차대차 - 기타,기타,맑음,0,6
2019년 다발지,서울특별시 서대문구2,서울특별시 서대문구 홍은동(봉산빌딩 부근),2019-06-25,18시,중상,남,61세,승합차,상해없음,남,38세,자전거,중상,차대차 - 기타,안전운전 의무 불이행,맑음,0,6
2019년 다발지,서울특별시 서대문구2,서울특별시 서대문구 홍은동(봉산빌딩 부근),2019-07-21,15시,부상신고,남,77세,자전거,부상신고,남,59세,승합차,상해없음,차대차 - 측면충돌,안전운전 의무 불이행,맑음,0,6
2019년 다발지,서울특별시 서대문구2,서울특별시 서대문구 홍은동(봉산빌딩 부근),2019-07-23,17시,부상신고,남,79세,자전거,부상신고,기타불명,불명,불명,기타불명,차대차 - 기타,기타,맑음,0,6
2019년 다발지,서울특별시 서대문구2,서울특별시 서대문구 홍은동(봉산빌딩 부근),2019-09-20,12시,중상,남,67세,이륜차,상해없음,남,69세,자전거,중상,차대차 - 측면충돌,신호위반,맑음,0,6
2019년 다발지,서울특별시 서대문구3,서울특별시 서대문구 홍은동(충암스포츠센타 부근),2019-03-21,08시,경상,남,45세,승용차,상해없음,남,15세,자전거,경상,차대차 - 기타,신호위반,맑음,0,4
2019년 다발지,서울특별시 서대문구3,서울특별시 서대문구 홍은동(충암스포츠센타 부근),2019-05-24,13시,중상,남,33세,자전거,중상,남,21세,승용차,상해없음,차대차 - 측면충돌,신호위반,맑음,0,4
2019년 다발지,서울특별시 서대문구3,서울특별시 서대문구 홍은동(충암스포츠센타 부근),2019-08-19,22시,중상,남,28세,승용차,상해없음,여,47세,자전거,중상,차대차 - 측면충돌,안전운전 의무 불이행,맑음,0,4
2019년 다발지,서울특별시 서대문구3,서울특별시 서대문구 홍은동(충암스포츠센타 부근),2019-11-03,15시,부상신고,남,12세,자전거,부상신고,남,52세,승용차,상해없음,차대차 - 정면충돌,안전운전 의무 불이행,맑음,0,4
2019년 다발지,서울특별시 서대문구4,서울특별시 서대문구 남가좌동(내부순환로홍제천변길 부근),2019-06-18,11시,중상,남,41세,화물차,상해없음,남,65세,자전거,중상,차대차 - 측면충돌,안전운전 의무 불이행,비,0,4
2019년 다발지,서울특별시 서대문구4,서울특별시 서대문구 남가좌동(내부순환로홍제천변길 부근),2019-08-13,15시,부상신고,남,82세,자전거,부상신고,남,54세,승용차,상해없음,차대차 - 기타,안전운전 의무 불이행,맑음,0,4
2019년 다발지,서울특별시 서대문구4,서울특별시 서대문구 남가좌동(내부순환로홍제천변길 부근),2019-09-15,10시,부상신고,남,13세,자전거,부상신고,남,53세,자전거,상해없음,차대차 - 추돌,안전운전 의무 불이행,맑음,0,4
2019년 다발지,서울특별시 서대문구4,서울특별시 서대문구 남가좌동(내부순환로홍제천변길 부근),2019-09-17,05시,부상신고,여,69세,자전거,부상신고,기타불명,불명,불명,기타불명,차대차 - 기타,안전운전 의무 불이행,맑음,0,4
2019년 다발지,서울특별시 마포구1,서울특별시 마포구 망원동(털보카센타 부근),2019-03-05,12시,중상,여,57세,승합차,상해없음,여,67세,자전거,중상,차대차 - 기타,안전운전 의무 불이행,맑음,0,7
2019년 다발지,서울특별시 마포구1,서울특별시 마포구 망원동(털보카센타 부근),2019-04-04,21시,부상신고,여,64세,자전거,상해없음,여,38세,보행자,부상신고,차대사람 - 횡단중,신호위반,맑음,0,7
2019년 다발지,서울특별시 마포구1,서울특별시 마포구 망원동(털보카센타 부근),2019-06-06,05시,중상,여,51세,승용차,상해없음,남,67세,자전거,중상,차대차 - 추돌,안전운전 의무 불이행,맑음,0,7
2019년 다발지,서울특별시 마포구1,서울특별시 마포구 망원동(털보카센타 부근),2019-09-02,07시,경상,남,53세,화물차,상해없음,남,66세,자전거,경상,차대차 - 기타,안전운전 의무 불이행,맑음,0,7
2019년 다발지,서울특별시 마포구1,서울특별시 마포구 망원동(털보카센타 부근),2019-10-29,08시,중상,남,58세,자전거,중상,남,70세,화물차,상해없음,차대차 - 기타,안전운전 의무 불이행,맑음,0,7
2019년 다발지,서울특별시 마포구1,서울특별시 마포구 망원동(털보카센타 부근),2019-11-02,16시,경상,남,81세,자전거,경상,여,40세,승용차,상해없음,차대차 - 측면충돌,안전운전 의무 불이행,맑음,0,7
2019년 다발지,서울특별시 마포구1,서울특별시 마포구 망원동(털보카센타 부근),2019-11-23,20시,부상신고,남,7세,자전거,기타불명,여,23세,보행자,부상신고,차대사람 - 기타,안전운전 의무 불이행,맑음,0,7
2019년 다발지,서울특별시 마포구2,서울특별시 마포구 공덕동(롯데캐슬프레지던트오 부근),2019-04-27,17시,경상,남,59세,승용차,상해없음,남,26세,자전거,경상,차대차 - 기타,교차로 통행방법 위반,맑음,0,5
2019년 다발지,서울특별시 마포구2,서울특별시 마포구 공덕동(롯데캐슬프레지던트오 부근),2019-05-13,21시,경상,남,27세,승용차,상해없음,남,37세,자전거,경상,차대차 - 측면충돌,안전운전 의무 불이행,맑음,0,5
2019년 다발지,서울특별시 마포구2,서울특별시 마포구 공덕동(롯데캐슬프레지던트오 부근),2019-05-26,23시,경상,남,54세,승용차,상해없음,여,20세,자전거,경상,차대차 - 측면충돌,교차로 통행방법 위반,맑음,0,5
2019년 다발지,서울특별시 마포구2,서울특별시 마포구 공덕동(롯데캐슬프레지던트오 부근),2019-06-07,22시,경상,남,64세,승용차,상해없음,남,26세,자전거,경상,차대차 - 기타,안전운전 의무 불이행,맑음,0,5
2019년 다발지,서울특별시 마포구2,서울특별시 마포구 공덕동(롯데캐슬프레지던트오 부근),2019-11-05,07시,경상,남,54세,승용차,상해없음,남,31세,자전거,경상,차대차 - 기타,안전운전 의무 불이행,맑음,0,5
2019년 다발지,서울특별시 양천구1,서울특별시 양천구 신월동(신월사거리 부근),2019-03-22,08시,중상,남,65세,승용차,기타불명,남,20세,자전거,중상,차대차 - 측면충돌,안전운전 의무 불이행,맑음,0,5
2019년 다발지,서울특별시 양천구1,서울특별시 양천구 신월동(신월사거리 부근),2019-07-16,12시,부상신고,남,67세,자전거,부상신고,남,60세,화물차,상해없음,차대차 - 기타,안전운전 의무 불이행,맑음,0,5
2019년 다발지,서울특별시 양천구1,서울특별시 양천구 신월동(신월사거리 부근),2019-09-27,13시,중상,남,20세,자전거,상해없음,여,68세,보행자,중상,차대사람 - 차도통행중,안전운전 의무 불이행,맑음,0,5
2019년 다발지,서울특별시 양천구1,서울특별시 양천구 신월동(신월사거리 부근),2019-10-21,17시,경상,남,57세,자전거,경상,남,53세,승용차,상해없음,차대차 - 기타,안전운전 의무 불이행,맑음,0,5
2019년 다발지,서울특별시 양천구1,서울특별시 양천구 신월동(신월사거리 부근),2019-10-26,10시,경상,남,53세,승용차,상해없음,남,76세,자전거,경상,차대차 - 기타,안전운전 의무 불이행,맑음,0,5
2019년 다발지,서울특별시 강서구1,서울특별시 강서구 화곡동(동서파크빌라 부근),2019-01-04,15시,경상,남,76세,자전거,경상,남,65세,화물차,상해없음,차대차 - 기타,안전운전 의무 불이행,맑음,0,9
2019년 다발지,서울특별시 강서구1,서울특별시 강서구 화곡동(동서파크빌라 부근),2019-02-07,05시,경상,기타불명,불명,불명,기타불명,남,64세,자전거,경상,차대차 - 측면충돌,신호위반,맑음,0,9
2019년 다발지,서울특별시 강서구1,서울특별시 강서구 화곡동(동서파크빌라 부근),2019-02-23,04시,경상,남,22세,자전거,경상,남,47세,화물차,상해없음,차대차 - 기타,중앙선 침범,흐림,0,9
2019년 다발지,서울특별시 강서구1,서울특별시 강서구 화곡동(동서파크빌라 부근),2019-05-21,13시,경상,남,46세,자전거,경상,남,73세,승용차,상해없음,차대차 - 기타,교차로 통행방법 위반,맑음,0,9
2019년 다발지,서울특별시 강서구1,서울특별시 강서구 화곡동(동서파크빌라 부근),2019-06-01,22시,경상,여,60세,자전거,경상,남,63세,승용차,상해없음,차대차 - 측면충돌,안전운전 의무 불이행,맑음,0,9
2019년 다발지,서울특별시 강서구1,서울특별시 강서구 화곡동(동서파크빌라 부근),2019-06-08,23시,경상,기타불명,불명,원동기장치자전거,기타불명,여,53세,자전거,경상,차대차 - 기타,안전운전 의무 불이행,맑음,0,9
2019년 다발지,서울특별시 강서구1,서울특별시 강서구 화곡동(동서파크빌라 부근),2019-08-08,21시,경상,남,73세,자전거,상해없음,남,27세,보행자,경상,차대사람 - 횡단중,보행자 보호의무 위반,맑음,0,9
2019년 다발지,서울특별시 강서구1,서울특별시 강서구 화곡동(동서파크빌라 부근),2019-10-08,20시,경상,남,40세,자전거,경상,남,55세,승용차,상해없음,차대차 - 측면충돌,안전운전 의무 불이행,맑음,0,9
2019년 다발지,서울특별시 강서구1,서울특별시 강서구 화곡동(동서파크빌라 부근),2019-10-11,01시,부상신고,남,55세,자전거,부상신고,남,30세,이륜차,상해없음,차대차 - 기타,안전운전 의무 불이행,맑음,0,9
2019년 다발지,서울특별시 강서구2,서울특별시 강서구 등촌동(강서구청입구 부근),2019-03-20,14시,중상,남,70세,승용차,상해없음,여,64세,자전거,중상,차대차 - 측면충돌,안전운전 의무 불이행,비,0,5