다발지구분,다발지시군구,지점명,발생일,발생시간대,사고내용,가해자성별,가해자연령,가해자차종,가해자신체상해정도,피해자성별,피해자연령,피해자차종,피해자신체상해정도,사고유형,법규위반사항,기상상태,사망자수,부상자수
2019년 다발지,서울특별시 송파구6,서울특별시 송파구 잠실동(신천역 부근),2019-02-01,14시,부상신고,남,13세,자전거,부상신고,여,41세,승용차,상해없음,차대차 - 측면충돌,기타,맑음,0,8
2019년 다발지,서울특별시 송파구6,서울특별시 송파구 잠실동(신천역 부근),2019-03-22,21시,부상신고,여,38세,승용차,상해없음,남,10세,자전거,부상신고,차대차 - 측면충돌,안전운전 의무 불이행,맑음,0,8
2019년 다발지,서울특별시 송파구6,서울특별시 송파구 잠실동(신천역 부근),2019-05-03,23시,중상,남,29세,자전거,중상,남,56세,승용차,상해없음,차대차 - 측면충돌,안전운전 의무 불이행,맑음,0,8
2019년 다발지,서울특별시 송파구6,서울특별시 송파구 잠실동(신천역 부근),2019-06-28,22시,경상,남,13세,자전거,상해없음,남,6세,보행자,경상,차대사람 - 기타,보행자 보호의무 위반,맑음,0,8
2019년 다발지,서울특별시 송파구6,서울특별시 송파구 잠실동(신천역 부근),2019-08-08,11시,경상,남,18세,자전거,상해없음,여,49세,보행자,경상,차대사람 - 보도통행중,기타,맑음,0,8
2019년 다발지,서울특별시 송파구6,서울특별시 송파구 잠실동(신천역 부근),2019-10-21,15시,경상,남,73세,승용차,상해없음,남,12세,자전거,경상,차대차 - 기타,안전운전 의무 불이행,맑음,0,8
2019년 다발지,서울특별시 송파구6,서울특별시 송파구 잠실동(신천역 부근),2019-12-26,20시,경상,남,33세,자전거,상해없음,여,54세,보행자,경상,차대사람 - 기타,안전운전 의무 불이행,맑음,0,8
2019년 다발지,서울특별시 송파구7,서울특별시 송파구 잠실동(잠실역 부근),2019-03-30,09시,경상,남,23세,자전거,상해없음,여,34세,보행자,경상,차대사람 - 보도통행중,안전운전 의무 불이행,맑음,0,7
2019년 다발지,서울특별시 송파구7,서울특별시 송파구 잠실동(잠실역 부근),2019-05-29,07시,경상,남,62세,승합차,상해없음,여,38세,자전거,경상,차대차 - 측면충돌,안전운전 의무 불이행,맑음,0,7
2019년 다발지,서울특별시 송파구7,서울특별시 송파구 잠실동(잠실역 부근),2019-07-04,06시,경상,남,62세,자전거,경상,남,49세,승합차,상해없음,차대차 - 측면충돌,안전거리 미확보,맑음,0,7
2019년 다발지,서울특별시 송파구7,서울특별시 송파구 잠실동(잠실역 부근),2019-07-10,13시,중상,남,67세,승용차,상해없음,남,14세,자전거,중상,차대차 - 측면충돌,안전운전 의무 불이행,맑음,0,7
2019년 다발지,서울특별시 송파구7,서울특별시 송파구 잠실동(잠실역 부근),2019-09-25,15시,경상,기타불명,불명,자전거,기타불명,여,71세,보행자,경상,차대사람 - 보도통행중,안전운전 의무 불이행,맑음,0,7
2019년 다발지,서울특별시 송파구7,서울특별시 송파구 잠실동(잠실역 부근),2019-10-27,15시,경상,남,76세,승용차,상해없음,여,12세,자전거,경상,차대차 - 측면충돌,안전운전 의무 불이행,맑음,0,7
2019년 다발지,서울특별시 송파구7,서울특별시 송파구 잠실동(잠실역 부근),2019-11-03,14시,중상,여,18세,자전거,중상,남,31세,승용차,상해없음,차대차 - 측면충돌,안전운전 의무 불이행,맑음,0,7
2019년 다발지,서울특별시 송파구8,서울특별시 송파구 송파동(송파사거리 부근),2019-01-27,01시,경상,남,50세,자전거,경상,없음,없음,없음,없음,차량단독 - 기타,안전운전 의무 불이행,맑음,0,7
2019년 다발지,서울특별시 송파구8,서울특별시 송파구 송파동(송파사거리 부근),2019-03-08,11시,중상,남,68세,자전거,상해없음,여,81세,보행자,중상,차대사람 - 횡단중,보행자 보호의무 위반,맑음,0,7
2019년 다발지,서울특별시 송파구8,서울특별시 송파구 송파동(송파사거리 부근),2019-04-03,17시,경상,남,59세,자전거,경상,없음,없음,없음,없음,차량단독 - 기타,안전운전 의무 불이행,맑음,0,7
2019년 다발지,서울특별시 송파구8,서울특별시 송파구 송파동(송파사거리 부근),2019-05-09,00시,경상,남,61세,자전거,경상,남,66세,승용차,상해없음,차대차 - 측면충돌,신호위반,맑음,0,7
2019년 다발지,서울특별시 송파구8,서울특별시 송파구 송파동(송파사거리 부근),2019-09-27,20시,경상,여,33세,승용차,상해없음,남,23세,자전거,경상,차대차 - 측면충돌,기타,맑음,0,7
2019년 다발지,서울특별시 송파구8,서울특별시 송파구 송파동(송파사거리 부근),2019-10-15,10시,중상,남,45세,승용차,상해없음,여,62세,자전거,중상,차대차 - 기타,안전운전 의무 불이행,맑음,0,7
2019년 다발지,서울특별시 송파구8,서울특별시 송파구 송파동(송파사거리 부근),2019-11-11,18시,경상,여,33세,승용차,상해없음,남,22세,자전거,경상,차대차 - 측면충돌,안전운전 의무 불이행,맑음,0,7
2019년 다발지,서울특별시 송파구9,서울특별시 송파구 잠실동(잠실갤러리아후문 부근),2019-04-12,18시,경상,여,60세,승용차,상해없음,여,46세,자전거,경상,차대차 - 기타,안전운전 의무 불이행,맑음,0,8
2019년 다발지,서울특별시 송파구9,서울특별시 송파구 잠실동(잠실갤러리아후문 부근),2019-04-13,15시,경상,남,63세,승용차,상해없음,남,49세,자전거,경상,차대차 - 기타,안전운전 의무 불이행,맑음,0,8
2019년 다발지,서울특별시 송파구9,서울특별시 송파구 잠실동(잠실갤러리아후문 부근),2019-04-26,11시,경상,여,27세,자전거,경상,기타불명,불명,불명,기타불명,차대차 - 측면충돌,안전운전 의무 불이행,맑음,0,8
2019년 다발지,서울특별시 송파구9,서울특별시 송파구 잠실동(잠실갤러리아후문 부근),2019-07-31,07시,중상,남,30세,개인형이동수단(PM),상해없음,남,68세,자전거,중상,차대차 - 측면충돌,기타,비,0,8
2019년 다발지,서울특별시 송파구9,서울특별시 송파구 잠실동(잠실갤러리아후문 부근),2019-11-11,22시,경상,남,22세,이륜차,경상,남,14세,자전거,부상신고,차대차 - 측면충돌,신호위반,맑음,0,8
2019년 다발지,서울특별시 송파구9,서울특별시 송파구 잠실동(잠실갤러리아후문 부근),2019-11-15,18시,부상신고,남,72세,자전거,부상신고,여,40세,승용차,상해없음,차대차 - 측면충돌,안전운전 의무 불이행,맑음,0,8
2019년 다발지,서울특별시 송파구9,서울특별시 송파구 잠실동(잠실갤러리아후문 부근),2019-12-27,11시,중상,여,41세,승용차,상해없음,남,68세,자전거,중상,차대차 - 측면충돌,신호위반,맑음,0,8
2019년 다발지,서울특별시 송파구10,서울특별시 송파구 방이동(송파구청 부근),2019-02-25,13시,경상,남,55세,승용차,상해없음,여,54세,자전거,경상,차대차 - 측면충돌,신호위반,맑음,0,7
2019년 다발지,서울특별시 송파구10,서울특별시 송파구 방이동(송파구청 부근),2019-03-23,15시,경상,남,14세,자전거,경상,남,67세,승합차,상해없음,차대차 - 기타,안전운전 의무 불이행,맑음,0,7
2019년 다발지,서울특별시 송파구10,서울특별시 송파구 방이동(송파구청 부근),2019-04-12,14시,경상,남,53세,승용차,상해없음,남,78세,자전거,경상,차대차 - 측면충돌,신호위반,맑음,0,7
2019년 다발지,서울특별시 송파구10,서울특별시 송파구 방이동(송파구청 부근),2019-07-29,12시,경상,여,22세,자전거,상해없음,여,38세,보행자,경상,차대사람 - 횡단중,보행자 보호의무 위반,맑음,0,7
2019년 다발지,서울특별시 송파구10,서울특별시 송파구 방이동(송파구청 부근),2019-10-01,08시,경상,남,48세,승용차,상해없음,남,46세,자전거,경상,차대차 - 추돌,신호위반,맑음,0,7
2019년 다발지,서울특별시 송파구10,서울특별시 송파구 방이동(송파구청 부근),2019-11-07,07시,경상,여,52세,자전거,경상,남,45세,승용차,상해없음,차대차 - 정면충돌,신호위반,맑음,0,7
2019년 다발지,서울특별시 송파구10,서울특별시 송파구 방이동(송파구청 부근),2019-12-10,07시,경상,남,59세,승용차,기타불명,남,21세,자전거,경상,차대차 - 측면충돌,신호위반,비,0,7
2019년 다발지,서울특별시 송파구11,서울특별시 송파구 삼전동(석촌호수서호 부근),2019-04-09,09시,경상,여,45세,승용차,상해없음,여,38세,자전거,경상,차대차 - 측면충돌,안전운전 의무 불이행,맑음,0,7
2019년 다발지,서울특별시 송파구11,서울특별시 송파구 삼전동(석촌호수서호 부근),2019-04-10,20시,경상,여,72세,승용차,상해없음,남,77세,자전거,경상,차대차 - 정면충돌,안전운전 의무 불이행,기타/불명,0,7
2019년 다발지,서울특별시 송파구11,서울특별시 송파구 삼전동(석촌호수서호 부근),2019-04-11,14시,경상,남,53세,승용차,상해없음,여,39세,자전거,경상,차대차 - 측면충돌,안전운전 의무 불이행,맑음,0,7
2019년 다발지,서울특별시 송파구11,서울특별시 송파구 삼전동(석촌호수서호 부근),2019-05-30,10시,경상,여,26세,자전거,경상,여,61세,승용차,상해없음,차대차 - 측면충돌,안전운전 의무 불이행,맑음,0,7
2019년 다발지,서울특별시 송파구11,서울특별시 송파구 삼전동(석촌호수서호 부근),2019-06-12,17시,부상신고,남,45세,승합차,상해없음,남,20세,자전거,부상신고,차대차 - 측면충돌,안전운전 의무 불이행,맑음,0,7
2019년 다발지,서울특별시 송파구11,서울특별시 송파구 삼전동(석촌호수서호 부근),2019-07-03,08시,경상,여,69세,자전거,경상,남,40세,승용차,상해없음,차대차 - 측면충돌,안전운전 의무 불이행,맑음,0,7
2019년 다발지,서울특별시 송파구11,서울특별시 송파구 삼전동(석촌호수서호 부근),2019-09-16,23시,부상신고,남,49세,이륜차,상해없음,남,16세,자전거,부상신고,차대차 - 추돌,안전운전 의무 불이행,맑음,0,7
2019년 다발지,서울특별시 송파구12,서울특별시 송파구 삼전동(송파구민회관 부근),2019-03-27,00시,중상,남,60세,자전거,중상,남,68세,승용차,상해없음,차대차 - 측면충돌,중앙선 침범,맑음,0,6
2019년 다발지,서울특별시 송파구12,서울특별시 송파구 삼전동(송파구민회관 부근),2019-06-17,21시,경상,여,36세,승용차,상해없음,남,12세,자전거,경상,차대차 - 기타,교차로 통행방법 위반,맑음,0,6
2019년 다발지,서울특별시 송파구12,서울특별시 송파구 삼전동(송파구민회관 부근),2019-08-21,13시,부상신고,남,79세,자전거,부상신고,기타불명,불명,불명,기타불명,차대차 - 기타,신호위반,맑음,0,6
2019년 다발지,서울특별시 송파구12,서울특별시 송파구 삼전동(송파구민회관 부근),2019-10-10,05시,중상,남,60세,자전거,중상,남,67세,승용차,상해없음,차대차 - 측면충돌,안전운전 의무 불이행,맑음,0,6
2019년 다발지,서울특별시 송파구12,서울특별시 송파구 삼전동(송파구민회관 부근),2019-10-14,14시,부상신고,남,61세,승용차,상해없음,남,11세,자전거,부상신고,차대차 - 측면충돌,신호위반,맑음,0,6
2019년 다발지,서울특별시 송파구12,서울특별시 송파구 삼전동(송파구민회관 부근),2019-11-17,10시,경상,남,57세,자전거,경상,남,34세,승용차,상해없음,차대차 - 측면충돌,안전운전 의무 불이행,맑음,0,6
2019년 다발지,서울특별시 송파구13,서울특별시 송파구 마천동(성내2교남단 부근),2019-03-08,12시,중상,남,45세,승용차,상해없음,여,27세,자전거,중상,차대차 - 정면충돌,안전운전 의무 불이행,맑음,0,7
2019년 다발지,서울특별시 송파구13,서울특별시 송파구 마천동(성내2교남단 부근),2019-03-19,11시,경상,남,55세,자전거,경상,없음,없음,없음,없음,차량단독 - 기타,안전운전 의무 불이행,맑음,0,7
2019년 다발지,서울특별시 송파구13,서울특별시 송파구 마천동(성내2교남단 부근),2019-05-02,20시,경상,남,14세,자전거,상해없음,남,58세,승용차,상해없음,차대차 - 측면충돌,중앙선 침범,맑음,0,7
2019년 다발지,서울특별시 송파구13,서울특별시 송파구 마천동(성내2교남단 부근),2019-07-12,14시,경상,남,81세,자전거,경상,여,65세,승용차,상해없음,차대차 - 측면충돌,안전거리 미확보,맑음,0,7
2019년 다발지,서울특별시 송파구13,서울특별시 송파구 마천동(성내2교남단 부근),2019-08-17,20시,경상,남,52세,승용차,상해없음,남,35세,자전거,경상,차대차 - 기타,안전운전 의무 불이행,맑음,0,7
2019년 다발지,서울특별시 송파구13,서울특별시 송파구 마천동(성내2교남단 부근),2019-08-23,09시,경상,여,64세,자전거,경상,남,41세,승용차,상해없음,차대차 - 측면충돌,중앙선 침범,맑음,0,7
2019년 다발지,서울특별시 송파구14,서울특별시 송파구 신천동(올림픽대로일반국도3호 부근),2019-04-15,14시,부상신고,남,44세,자전거,상해없음,여,64세,자전거,부상신고,차대차 - 측면충돌,안전운전 의무 불이행,맑음,0,7
2019년 다발지,서울특별시 송파구14,서울특별시 송파구 신천동(올림픽대로일반국도3호 부근),2019-06-29,18시,경상,남,14세,자전거,상해없음,남,50세,자전거,경상,차대차 - 측면충돌,안전운전 의무 불이행,맑음,0,7
2019년 다발지,서울특별시 송파구14,서울특별시 송파구 신천동(올림픽대로일반국도3호 부근),2019-07-04,21시,경상,남,62세,자전거,경상,남,48세,자전거,상해없음,차대차 - 측면충돌,안전운전 의무 불이행,맑음,0,7
2019년 다발지,서울특별시 송파구14,서울특별시 송파구 신천동(올림픽대로일반국도3호 부근),2019-07-12,18시,중상,남,13세,자전거,중상,여,59세,자전거,경상,차대차 - 측면충돌,안전운전 의무 불이행,맑음,0,7
2019년 다발지,서울특별시 송파구14,서울특별시 송파구 신천동(올림픽대로일반국도3호 부근),2019-10-03,14시,경상,남,26세,자전거,경상,남,6세,보행자,상해없음,차대사람 - 기타,안전운전 의무 불이행,맑음,0,7
2019년 다발지,서울특별시 송파구14,서울특별시 송파구 신천동(올림픽대로일반국도3호 부근),2019-10-13,14시,경상,남,26세,자전거,상해없음,남,37세,자전거,경상,차대차 - 측면충돌,안전운전 의무 불이행,맑음,0,7
2019년 다발지,서울특별시 송파구15,서울특별시 송파구 송파동(방이사거리 부근),2019-04-01,17시,경상,남,14세,자전거,경상,남,52세,승용차,상해없음,차대차 - 측면충돌,중앙선 침범,맑음,0,6
2019년 다발지,서울특별시 송파구15,서울특별시 송파구 송파동(방이사거리 부근),2019-05-16,18시,경상,남,46세,승용차,상해없음,여,55세,자전거,경상,차대차 - 측면충돌,안전운전 의무 불이행,맑음,0,6
2019년 다발지,서울특별시 송파구15,서울특별시 송파구 송파동(방이사거리 부근),2019-05-18,14시,경상,남,75세,자전거,경상,남,17세,이륜차,상해없음,차대차 - 측면충돌,안전운전 의무 불이행,맑음,0,6
2019년 다발지,서울특별시 송파구15,서울특별시 송파구 송파동(방이사거리 부근),2019-06-23,20시,부상신고,남,52세,자전거,부상신고,여,25세,승용차,상해없음,차대차 - 측면충돌,기타,맑음,0,6
2019년 다발지,서울특별시 송파구15,서울특별시 송파구 송파동(방이사거리 부근),2019-10-26,17시,경상,남,66세,승합차,상해없음,남,57세,자전거,경상,차대차 - 측면충돌,안전운전 의무 불이행,맑음,0,6
2019년 다발지,서울특별시 송파구15,서울특별시 송파구 송파동(방이사거리 부근),2019-12-29,23시,중상,남,38세,이륜차,상해없음,여,59세,자전거,중상,차대차 - 기타,안전운전 의무 불이행,맑음,0,6
2019년 다발지,서울특별시 송파구16,서울특별시 송파구 방이동(올림픽공원 부근),2019-01-17,05시,중상,여,49세,승용차,상해없음,남,60세,자전거,중상,차대차 - 추돌,안전거리 미확보,맑음,0,5
2019년 다발지,서울특별시 송파구16,서울특별시 송파구 방이동(올림픽공원 부근),2019-04-10,11시,중상,남,63세,원동기장치자전거,상해없음,여,62세,자전거,중상,차대차 - 측면충돌,안전운전 의무 불이행,비,0,5
2019년 다발지,서울특별시 송파구16,서울특별시 송파구 방이동(올림픽공원 부근),2019-08-05,09시,경상,남,16세,자전거,경상,남,47세,승용차,상해없음,차대차 - 측면충돌,중앙선 침범,맑음,0,5
2019년 다발지,서울특별시 송파구16,서울특별시 송파구 방이동(올림픽공원 부근),2019-09-13,14시,경상,남,58세,승용차,상해없음,남,68세,자전거,경상,차대차 - 측면충돌,안전운전 의무 불이행,맑음,0,5
2019년 다발지,서울특별시 송파구16,서울특별시 송파구 방이동(올림픽공원 부근),2019-12-19,18시,경상,남,38세,승용차,상해없음,남,38세,자전거,경상,차대차 - 측면충돌,안전운전 의무 불이행,맑음,0,5
2019년 다발지,서울특별시 송파구17,서울특별시 송파구 석촌동(석촌호수남석촌사거리 부근),2019-05-18,13시,경상,남,62세,승용차,상해없음,남,28세,자전거,경상,차대차 - 기타,안전운전 의무 불이행,맑음,0,5
2019년 다발지,서울특별시 송파구17,서울특별시 송파구 석촌동(석촌호수남석촌사거리 부근),2019-06-15,13시,중상,남,36세,승용차,상해없음,남,24세,자전거,중상,차대차 - 기타,안전운전 의무 불이행,맑음,0,5
2019년 다발지,서울특별시 송파구17,서울특별시 송파구 석촌동(석촌호수남석촌사거리 부근),2019-06-28,20시,경상,남,41세,승용차,상해없음,남,44세,자전거,경상,차대차 - 기타,안전운전 의무 불이행,맑음,0,5
2019년 다발지,서울특별시 송파구17,서울특별시 송파구 석촌동(석촌호수남석촌사거리 부근),2019-11-28,16시,중상,남,24세,이륜차,상해없음,여,44세,자전거,중상,차대차 - 측면충돌,신호위반,맑음,0,5
2019년 다발지,서울특별시 송파구17,서울특별시 송파구 석촌동(석촌호수남석촌사거리 부근),2019-12-25,20시,부상신고,남,40세,자전거,부상신고,기타불명,불명,불명,기타불명,차대차 - 기타,안전운전 의무 불이행,흐림,0,5
2019년 다발지,서울특별시 송파구18,서울특별시 송파구 가락동(상아아파트 부근),2019-05-10,18시,중상,남,72세,자전거,중상,남,58세,이륜차,상해없음,차대차 - 측면충돌,안전운전 의무 불이행,맑음,0,5
2019년 다발지,서울특별시 송파구18,서울특별시 송파구 가락동(상아아파트 부근),2019-09-16,14시,경상,여,46세,승용차,상해없음,남,69세,자전거,경상,차대차 - 측면충돌,안전운전 의무 불이행,맑음,0,5
2019년 다발지,서울특별시 송파구18,서울특별시 송파구 가락동(상아아파트 부근),2019-10-04,09시,경상,여,62세,승용차,상해없음,여,25세,자전거,경상,차대차 - 측면충돌,안전운전 의무 불이행,맑음,0,5
2019년 다발지,서울특별시 송파구18,서울특별시 송파구 가락동(상아아파트 부근),2019-11-25,11시,경상,남,64세,승용차,상해없음,남,60세,자전거,경상,차대차 - 측면충돌,안전운전 의무 불이행,맑음,0,5
2019년 다발지,서울특별시 송파구18,서울특별시 송파구 가락동(상아아파트 부근),2019-12-10,11시,경상,남,65세,자전거,경상,남,51세,화물차,상해없음,차대차 - 측면충돌,안전운전 의무 불이행,흐림,0,5
2019년 다발지,서울특별시 송파구19,서울특별시 송파구 거여동(거여역거여사거리 부근),2019-03-22,16시,경상,남,15세,자전거,경상,여,36세,승용차,상해없음,차대차 - 측면충돌,안전운전 의무 불이행,맑음,0,5
2019년 다발지,서울특별시 송파구19,서울특별시 송파구 거여동(거여역거여사거리 부근),2019-05-21,10시,경상,여,51세,승용차,상해없음,여,42세,자전거,경상,차대차 - 측면충돌,안전운전 의무 불이행,맑음,0,5
2019년 다발지,서울특별시 송파구19,서울특별시 송파구 거여동(거여역거여사거리 부근),2019-06-04,12시,부상신고,여,22세,자전거,부상신고,여,70세,승용차,상해없음,차대차 - 측면충돌,안전운전 의무 불이행,맑음,0,5
2019년 다발지,서울특별시 송파구19,서울특별시 송파구 거여동(거여역거여사거리 부근),2019-07-14,10시,경상,남,50세,승용차,상해없음,여,26세,자전거,경상,차대차 - 추돌,기타,맑음,0,5
2019년 다발지,서울특별시 송파구19,서울특별시 송파구 거여동(거여역거여사거리 부근),2019-08-16,11시,부상신고,여,59세,자전거,부상신고,남,58세,화물차,기타불명,차대차 - 기타,안전운전 의무 불이행,맑음,0,5
2019년 다발지,서울특별시 송파구20,서울특별시 송파구 잠실동(청담IC4 부근),2019-09-17,19시,중상,남,32세,자전거,상해없음,여,57세,자전거,중상,차대차 - 측면충돌,안전운전 의무 불이행,맑음,0,6
2019년 다발지,서울특별시 송파구20,서울특별시 송파구 잠실동(청담IC4 부근),2019-10-19,15시,부상신고,남,14세,자전거,상해없음,남,72세,자전거,부상신고,차대차 - 측면충돌,안전운전 의무 불이행,맑음,0,6
2019년 다발지,서울특별시 송파구20,서울특별시 송파구 잠실동(청담IC4 부근),2019-10-24,16시,경상,여,25세,자전거,경상,없음,없음,없음,없음,차량단독 - 기타,안전운전 의무 불이행,맑음,0,6
2019년 다발지,서울특별시 송파구20,서울특별시 송파구 잠실동(청담IC4 부근),2019-11-10,15시,중상,남,11세,자전거,부상신고,남,44세,자전거,중상,차대차 - 측면충돌,안전운전 의무 불이행,맑음,0,6
2019년 다발지,서울특별시 송파구21,서울특별시 송파구 잠실동(종합운동장 부근),2019-06-04,18시,경상,남,73세,승용차,상해없음,남,28세,자전거,경상,차대차 - 측면충돌,안전운전 의무 불이행,맑음,0,4
2019년 다발지,서울특별시 송파구21,서울특별시 송파구 잠실동(종합운동장 부근),2019-07-30,14시,중상,남,77세,승용차,상해없음,남,19세,자전거,중상,차대차 - 측면충돌,안전운전 의무 불이행,맑음,0,4
2019년 다발지,서울특별시 송파구21,서울특별시 송파구 잠실동(종합운동장 부근),2019-08-16,21시,중상,남,60세,승용차,상해없음,여,70세,자전거,중상,차대차 - 측면충돌,안전운전 의무 불이행,맑음,0,4
2019년 다발지,서울특별시 송파구21,서울특별시 송파구 잠실동(종합운동장 부근),2019-11-07,16시,경상,남,82세,승용차,상해없음,여,15세,자전거,경상,차대차 - 기타,신호위반,맑음,0,4
2019년 다발지,서울특별시 강동구1,서울특별시 강동구 성내동(강동성심병원 부근),2019-03-26,14시,경상,여,42세,승용차,상해없음,여,63세,자전거,경상,차대차 - 측면충돌,신호위반,맑음,0,8
2019년 다발지,서울특별시 강동구1,서울특별시 강동구 성내동(강동성심병원 부근),2019-03-26,17시,경상,남,22세,자전거,상해없음,남,3세,보행자,경상,차대사람 - 횡단중,안전운전 의무 불이행,맑음,0,8
2019년 다발지,서울특별시 강동구1,서울특별시 강동구 성내동(강동성심병원 부근),2019-04-26,07시,부상신고,여,65세,자전거,부상신고,남,47세,승용차,상해없음,차대차 - 정면충돌,안전운전 의무 불이행,비,0,8
2019년 다발지,서울특별시 강동구1,서울특별시 강동구 성내동(강동성심병원 부근),2019-05-08,10시,경상,남,50세,화물차,상해없음,남,66세,자전거,경상,차대차 - 측면충돌,기타,맑음,0,8
2019년 다발지,서울특별시 강동구1,서울특별시 강동구 성내동(강동성심병원 부근),2019-05-23,13시,중상,남,25세,승용차,상해없음,남,44세,자전거,중상,차대차 - 기타,안전운전 의무 불이행,맑음,0,8
2019년 다발지,서울특별시 강동구1,서울특별시 강동구 성내동(강동성심병원 부근),2019-07-09,10시,경상,여,45세,승용차,상해없음,남,59세,자전거,경상,차대차 - 측면충돌,안전운전 의무 불이행,맑음,0,8
2019년 다발지,서울특별시 강동구1,서울특별시 강동구 성내동(강동성심병원 부근),2019-10-13,06시,경상,남,23세,자전거,경상,남,39세,자전거,상해없음,차대차 - 기타,기타,맑음,0,8
2019년 다발지,서울특별시 강동구1,서울특별시 강동구 성내동(강동성심병원 부근),2019-12-24,17시,부상신고,남,43세,승용차,상해없음,여,57세,자전거,부상신고,차대차 - 추돌,안전운전 의무 불이행,맑음,0,8
2019년 다발지,서울특별시 강동구2,서울특별시 강동구 성내동(성내초등교 부근),2019-02-09,19시,중상,여,41세,승용차,상해없음,여,48세,자전거,중상,차대차 - 정면충돌,안전운전 의무 불이행,맑음,0,6
2019년 다발지,서울특별시 강동구2,서울특별시 강동구 성내동(성내초등교 부근),2019-05-01,16시,중상,남,34세,승용차,상해없음,여,70세,자전거,중상,차대차 - 기타,안전운전 의무 불이행,맑음,0,6
2019년 다발지,서울특별시 강동구2,서울특별시 강동구 성내동(성내초등교 부근),2019-06-21,08시,경상,여,25세,자전거,상해없음,여,23세,보행자,경상,차대사람 - 보도통행중,기타,맑음,0,6
2019년 다발지,서울특별시 강동구2,서울특별시 강동구 성내동(성내초등교 부근),2019-08-24,14시,부상신고,남,50세,자전거,부상신고,남,19세,자전거,부상신고,차대차 - 측면충돌,안전운전 의무 불이행,맑음,0,6
2019년 다발지,서울특별시 강동구2,서울특별시 강동구 성내동(성내초등교 부근),2019-11-12,19시,중상,여,60세,승용차,상해없음,여,34세,자전거,중상,차대차 - 측면충돌,안전운전 의무 불이행,맑음,0,6
2019년 다발지,서울특별시 강동구3,서울특별시 강동구 둔촌동(둔촌사거리 부근),2019-03-11,16시,경상,여,62세,승용차,상해없음,남,42세,자전거,경상,차대차 - 기타,안전운전 의무 불이행,맑음,0,5
2019년 다발지,서울특별시 강동구3,서울특별시 강동구 둔촌동(둔촌사거리 부근),2019-05-08,17시,경상,여,20세,자전거,경상,여,52세,승용차,상해없음,차대차 - 측면충돌,기타,맑음,0,5
2019년 다발지,서울특별시 강동구3,서울특별시 강동구 둔촌동(둔촌사거리 부근),2019-06-14,18시,부상신고,남,47세,자전거,부상신고,남,23세,원동기장치자전거,상해없음,차대차 - 기타,안전운전 의무 불이행,맑음,0,5
2019년 다발지,서울특별시 강동구3,서울특별시 강동구 둔촌동(둔촌사거리 부근),2019-09-14,14시,부상신고,남,15세,자전거,부상신고,남,67세,승용차,상해없음,차대차 - 측면충돌,안전운전 의무 불이행,맑음,0,5
2019년 다발지,서울특별시 강동구3,서울특별시 강동구 둔촌동(둔촌사거리 부근),2019-11-29,15시,중상,남,14세,자전거,상해없음,여,68세,보행자,중상,차대사람 - 보도통행중,기타,맑음,0,5
2019년 다발지,서울특별시 강동구4,서울특별시 강동구 천호동(천호시장 부근),2019-05-05,15시,사망,남,76세,승용차,상해없음,남,61세,자전거,사망,차대차 - 추돌,기타,맑음,1,3
2019년 다발지,서울특별시 강동구4,서울특별시 강동구 천호동(천호시장 부근),2019-10-16,02시,경상,남,63세,승용차,상해없음,남,54세,자전거,경상,차대차 - 측면충돌,안전운전 의무 불이행,맑음,1,3
2019년 다발지,서울특별시 강동구4,서울특별시 강동구 천호동(천호시장 부근),2019-12-05,07시,경상,남,44세,화물차,상해없음,여,62세,자전거,경상,차대차 - 측면충돌,안전운전 의무 불이행,맑음,1,3
2019년 다발지,서울특별시 강동구4,서울특별시 강동구 천호동(천호시장 부근),2019-12-11,19시,경상,남,59세,승용차,상해없음,남,62세,자전거,경상,차대차 - 측면충돌,신호위반,맑음,1,3
2019년 다발지,서울특별시 강동구5,서울특별시 강동구 천호동(구강사 부근),2019-06-16,12시,중상,남,14세,자전거,상해없음,남,22세,이륜차,중상,차대차 - 추돌,안전거리 미확보,맑음,0,4
2019년 다발지,서울특별시 강동구5,서울특별시 강동구 천호동(구강사 부근),2019-06-18,15시,경상,여,63세,자전거,경상,남,50세,원동기장치자전거,상해없음,차대차 - 기타,안전운전 의무 불이행,비,0,4
2019년 다발지,서울특별시 강동구5,서울특별시 강동구 천호동(구강사 부근),2019-07-01,14시,경상,남,22세,자전거,상해없음,남,63세,이륜차,경상,차대차 - 기타,안전거리 미확보,맑음,0,4
2019년 다발지,서울특별시 강동구5,서울특별시 강동구 천호동(구강사 부근),2019-07-30,07시,중상,남,46세,승용차,상해없음,남,47세,자전거,중상,차대차 - 측면충돌,안전운전 의무 불이행,맑음,0,4
2019년 다발지,서울특별시 강동구6,서울특별시 강동구 둔촌동(둔촌고교입구 부근),2019-01-17,08시,경상,남,25세,자전거,경상,여,37세,승용차,기타불명,차대차 - 기타,안전운전 의무 불이행,맑음,0,4
2019년 다발지,서울특별시 강동구6,서울특별시 강동구 둔촌동(둔촌고교입구 부근),2019-04-18,16시,중상,남,26세,승용차,상해없음,남,18세,자전거,중상,차대차 - 측면충돌,신호위반,맑음,0,4
2019년 다발지,서울특별시 강동구6,서울특별시 강동구 둔촌동(둔촌고교입구 부근),2019-10-23,18시,경상,남,23세,자전거,상해없음,남,23세,이륜차,경상,차대차 - 측면충돌,안전운전 의무 불이행,맑음,0,4