다발지구분,다발지시군구,지점명,발생일,발생시간대,사고내용,가해자성별,가해자연령,가해자차종,가해자신체상해정도,피해자성별,피해자연령,피해자차종,피해자신체상해정도,사고유형,법규위반사항,기상상태,사망자수,부상자수
2019년 다발지,대구광역시 달서구12,대구광역시 달서구 송현동(머슴타이어 부근),2019-09-29,14시,경상,여,53세,승용차,상해없음,남,13세,자전거,경상,차대차 - 측면충돌,안전운전 의무 불이행,맑음,0,4
2019년 다발지,대구광역시 달서구13,대구광역시 달서구 장기동(성서IC입구 부근),2019-02-16,19시,경상,남,35세,승용차,상해없음,남,45세,자전거,경상,차대차 - 측면충돌,안전운전 의무 불이행,흐림,0,4
2019년 다발지,대구광역시 달서구13,대구광역시 달서구 장기동(성서IC입구 부근),2019-03-07,07시,경상,남,45세,승용차,상해없음,남,56세,자전거,경상,차대차 - 측면충돌,신호위반,맑음,0,4
2019년 다발지,대구광역시 달서구13,대구광역시 달서구 장기동(성서IC입구 부근),2019-08-19,21시,중상,남,49세,승용차,상해없음,남,18세,자전거,중상,차대차 - 기타,안전운전 의무 불이행,맑음,0,4
2019년 다발지,대구광역시 달서구13,대구광역시 달서구 장기동(성서IC입구 부근),2019-11-07,23시,중상,남,54세,승용차,상해없음,남,58세,자전거,중상,차대차 - 기타,안전운전 의무 불이행,맑음,0,4
2019년 다발지,대구광역시 달서구14,대구광역시 달서구 상인동(학산남네거리 부근),2019-02-02,13시,경상,남,69세,승용차,상해없음,남,16세,자전거,경상,차대차 - 기타,안전운전 의무 불이행,맑음,0,4
2019년 다발지,대구광역시 달서구14,대구광역시 달서구 상인동(학산남네거리 부근),2019-03-09,15시,부상신고,남,76세,자전거,부상신고,여,48세,승용차,상해없음,차대차 - 측면충돌,안전운전 의무 불이행,맑음,0,4
2019년 다발지,대구광역시 달서구14,대구광역시 달서구 상인동(학산남네거리 부근),2019-03-23,08시,중상,남,18세,자전거,상해없음,여,59세,자전거,중상,차대차 - 기타,안전운전 의무 불이행,맑음,0,4
2019년 다발지,대구광역시 달서구14,대구광역시 달서구 상인동(학산남네거리 부근),2019-12-04,10시,중상,남,66세,승용차,상해없음,남,77세,자전거,중상,차대차 - 측면충돌,안전운전 의무 불이행,맑음,0,4
2019년 다발지,대구광역시 달서구15,대구광역시 달서구 상인동(월배로175 부근),2019-02-02,17시,경상,여,59세,자전거,경상,남,24세,이륜차,상해없음,차대차 - 측면충돌,기타,맑음,0,4
2019년 다발지,대구광역시 달서구15,대구광역시 달서구 상인동(월배로175 부근),2019-04-01,07시,중상,여,23세,승용차,상해없음,여,17세,자전거,중상,차대차 - 측면충돌,안전운전 의무 불이행,맑음,0,4
2019년 다발지,대구광역시 달서구15,대구광역시 달서구 상인동(월배로175 부근),2019-06-23,18시,경상,남,16세,자전거,경상,남,60세,승용차,상해없음,차대차 - 기타,신호위반,맑음,0,4
2019년 다발지,대구광역시 달서구15,대구광역시 달서구 상인동(월배로175 부근),2019-11-14,08시,경상,남,53세,승용차,상해없음,남,37세,자전거,경상,차대차 - 기타,안전운전 의무 불이행,맑음,0,4
2019년 다발지,대구광역시 달서구16,대구광역시 달서구 성당동(두리봉네거리 부근),2019-02-26,16시,경상,남,71세,승용차,상해없음,남,62세,자전거,경상,차대차 - 기타,안전운전 의무 불이행,맑음,0,4
2019년 다발지,대구광역시 달서구16,대구광역시 달서구 성당동(두리봉네거리 부근),2019-05-24,18시,부상신고,기타불명,불명,이륜차,기타불명,남,36세,자전거,부상신고,차대차 - 측면충돌,안전운전 의무 불이행,맑음,0,4
2019년 다발지,대구광역시 달서구16,대구광역시 달서구 성당동(두리봉네거리 부근),2019-07-28,15시,경상,남,30세,승용차,상해없음,남,85세,자전거,경상,차대차 - 측면충돌,신호위반,맑음,0,4
2019년 다발지,대구광역시 달서구16,대구광역시 달서구 성당동(두리봉네거리 부근),2019-11-11,10시,경상,남,65세,화물차,상해없음,여,55세,자전거,경상,차대차 - 측면충돌,안전운전 의무 불이행,맑음,0,4
2019년 다발지,대구광역시 달서구17,대구광역시 달서구 대천동(진천로120 부근),2019-03-29,09시,경상,남,46세,승용차,상해없음,여,28세,자전거,경상,차대차 - 측면충돌,안전운전 의무 불이행,맑음,0,4
2019년 다발지,대구광역시 달서구17,대구광역시 달서구 대천동(진천로120 부근),2019-10-25,07시,경상,여,41세,승용차,상해없음,남,17세,자전거,경상,차대차 - 측면충돌,신호위반,맑음,0,4
2019년 다발지,대구광역시 달서구17,대구광역시 달서구 대천동(진천로120 부근),2019-10-27,15시,경상,남,27세,승용차,상해없음,남,11세,자전거,경상,차대차 - 측면충돌,안전운전 의무 불이행,맑음,0,4
2019년 다발지,대구광역시 달서구17,대구광역시 달서구 대천동(진천로120 부근),2019-12-15,13시,부상신고,남,13세,자전거,부상신고,여,51세,승용차,상해없음,차대차 - 측면충돌,안전운전 의무 불이행,맑음,0,4
2019년 다발지,대구광역시 달서구18,대구광역시 달서구 진천동(진천청구타운건너 부근),2019-02-20,18시,부상신고,남,10세,자전거,부상신고,남,34세,승용차,상해없음,차대차 - 측면충돌,중앙선 침범,맑음,0,4
2019년 다발지,대구광역시 달서구18,대구광역시 달서구 진천동(진천청구타운건너 부근),2019-07-30,12시,경상,여,58세,승용차,상해없음,남,17세,자전거,경상,차대차 - 측면충돌,안전운전 의무 불이행,맑음,0,4
2019년 다발지,대구광역시 달서구18,대구광역시 달서구 진천동(진천청구타운건너 부근),2019-09-11,17시,부상신고,남,19세,자전거,부상신고,남,52세,승용차,상해없음,차대차 - 기타,교차로 통행방법 위반,맑음,0,4
2019년 다발지,대구광역시 달서구18,대구광역시 달서구 진천동(진천청구타운건너 부근),2019-09-11,22시,경상,여,31세,승용차,상해없음,남,66세,자전거,경상,차대차 - 기타,안전운전 의무 불이행,맑음,0,4
2019년 다발지,광주광역시 동구1,광주광역시 동구 동명동(계림오거리 부근),2019-02-21,00시,경상,남,27세,승용차,상해없음,여,55세,자전거,경상,차대차 - 측면충돌,안전운전 의무 불이행,맑음,0,5
2019년 다발지,광주광역시 동구1,광주광역시 동구 동명동(계림오거리 부근),2019-07-10,07시,중상,남,80세,자전거,중상,여,60세,승용차,기타불명,차대차 - 측면충돌,안전운전 의무 불이행,맑음,0,5
2019년 다발지,광주광역시 동구1,광주광역시 동구 동명동(계림오거리 부근),2019-08-30,14시,경상,남,71세,자전거,상해없음,여,89세,보행자,경상,차대사람 - 기타,안전운전 의무 불이행,맑음,0,5
2019년 다발지,광주광역시 동구1,광주광역시 동구 동명동(계림오거리 부근),2019-10-10,12시,경상,여,72세,자전거,상해없음,여,58세,보행자,경상,차대사람 - 기타,안전운전 의무 불이행,맑음,0,5
2019년 다발지,광주광역시 동구1,광주광역시 동구 동명동(계림오거리 부근),2019-11-20,18시,중상,남,65세,자전거,중상,남,49세,승용차,상해없음,차대차 - 측면충돌,안전운전 의무 불이행,맑음,0,5
2019년 다발지,광주광역시 북구1,광주광역시 북구 신안동(신안사거리 부근),2019-03-07,14시,경상,남,82세,자전거,경상,남,37세,승용차,상해없음,차대차 - 측면충돌,안전거리 미확보,맑음,0,4
2019년 다발지,광주광역시 북구1,광주광역시 북구 신안동(신안사거리 부근),2019-03-09,02시,경상,남,58세,승용차,상해없음,남,21세,자전거,경상,차대차 - 기타,신호위반,맑음,0,4
2019년 다발지,광주광역시 북구1,광주광역시 북구 신안동(신안사거리 부근),2019-05-29,16시,경상,남,37세,승용차,상해없음,여,54세,자전거,경상,차대차 - 측면충돌,안전운전 의무 불이행,맑음,0,4
2019년 다발지,광주광역시 북구1,광주광역시 북구 신안동(신안사거리 부근),2019-08-17,10시,경상,남,40세,화물차,상해없음,여,23세,자전거,경상,차대차 - 측면충돌,안전운전 의무 불이행,맑음,0,4
2019년 다발지,광주광역시 광산구1,광주광역시 광산구 송정동(광주열린병원 부근),2019-01-01,19시,경상,남,27세,승용차,상해없음,남,67세,자전거,경상,차대차 - 기타,안전운전 의무 불이행,맑음,0,5
2019년 다발지,광주광역시 광산구1,광주광역시 광산구 송정동(광주열린병원 부근),2019-03-21,09시,경상,여,74세,자전거,경상,여,53세,승용차,상해없음,차대차 - 측면충돌,기타,맑음,0,5
2019년 다발지,광주광역시 광산구1,광주광역시 광산구 송정동(광주열린병원 부근),2019-04-23,09시,경상,남,29세,승용차,상해없음,남,78세,자전거,경상,차대차 - 기타,안전운전 의무 불이행,맑음,0,5
2019년 다발지,광주광역시 광산구1,광주광역시 광산구 송정동(광주열린병원 부근),2019-07-25,10시,경상,남,35세,승용차,상해없음,여,47세,자전거,경상,차대차 - 기타,안전운전 의무 불이행,맑음,0,5
2019년 다발지,광주광역시 광산구1,광주광역시 광산구 송정동(광주열린병원 부근),2019-10-25,13시,중상,남,66세,승용차,상해없음,여,77세,자전거,중상,차대차 - 측면충돌,안전운전 의무 불이행,맑음,0,5
2019년 다발지,광주광역시 광산구2,광주광역시 광산구 월계동(월계로11732 부근),2019-06-18,19시,경상,남,25세,승용차,상해없음,남,29세,자전거,경상,차대차 - 기타,신호위반,맑음,0,5
2019년 다발지,광주광역시 광산구2,광주광역시 광산구 월계동(월계로11732 부근),2019-06-19,08시,중상,여,61세,승용차,상해없음,남,75세,자전거,중상,차대차 - 기타,안전운전 의무 불이행,맑음,0,5
2019년 다발지,광주광역시 광산구2,광주광역시 광산구 월계동(월계로11732 부근),2019-08-26,20시,경상,여,24세,자전거,경상,여,13세,자전거,경상,차대차 - 기타,안전운전 의무 불이행,맑음,0,5
2019년 다발지,광주광역시 광산구2,광주광역시 광산구 월계동(월계로11732 부근),2019-11-21,20시,부상신고,남,11세,자전거,부상신고,여,50세,승용차,상해없음,차대차 - 측면충돌,중앙선 침범,맑음,0,5
2019년 다발지,대전광역시 동구1,대전광역시 동구 성남동(성남네거리 부근),2019-02-02,15시,경상,남,60세,승용차,상해없음,남,76세,자전거,경상,차대차 - 기타,안전운전 의무 불이행,맑음,0,7
2019년 다발지,대전광역시 동구1,대전광역시 동구 성남동(성남네거리 부근),2019-03-26,15시,중상,남,63세,승용차,상해없음,남,82세,자전거,중상,차대차 - 측면충돌,안전운전 의무 불이행,맑음,0,7
2019년 다발지,대전광역시 동구1,대전광역시 동구 성남동(성남네거리 부근),2019-04-04,19시,경상,남,63세,승용차,상해없음,남,12세,자전거,경상,차대차 - 정면충돌,신호위반,맑음,0,7
2019년 다발지,대전광역시 동구1,대전광역시 동구 성남동(성남네거리 부근),2019-05-09,13시,경상,남,30세,승용차,상해없음,남,77세,자전거,경상,차대차 - 측면충돌,안전운전 의무 불이행,맑음,0,7
2019년 다발지,대전광역시 동구1,대전광역시 동구 성남동(성남네거리 부근),2019-05-31,17시,경상,남,47세,자전거,상해없음,여,36세,보행자,경상,차대사람 - 기타,기타,맑음,0,7
2019년 다발지,대전광역시 동구1,대전광역시 동구 성남동(성남네거리 부근),2019-07-30,07시,경상,여,49세,승용차,상해없음,남,22세,자전거,경상,차대차 - 기타,안전운전 의무 불이행,맑음,0,7
2019년 다발지,대전광역시 동구1,대전광역시 동구 성남동(성남네거리 부근),2019-11-23,07시,경상,남,54세,화물차,상해없음,남,77세,자전거,경상,차대차 - 기타,안전운전 의무 불이행,맑음,0,7
2019년 다발지,대전광역시 동구2,대전광역시 동구 가양동(동부네거리 부근),2019-03-18,09시,중상,여,56세,승용차,상해없음,남,62세,자전거,중상,차대차 - 기타,안전운전 의무 불이행,맑음,0,6
2019년 다발지,대전광역시 동구2,대전광역시 동구 가양동(동부네거리 부근),2019-05-08,19시,경상,남,34세,이륜차,상해없음,남,44세,자전거,경상,차대차 - 측면충돌,안전운전 의무 불이행,맑음,0,6
2019년 다발지,대전광역시 동구2,대전광역시 동구 가양동(동부네거리 부근),2019-08-16,07시,중상,여,53세,승용차,상해없음,남,69세,자전거,중상,차대차 - 기타,안전운전 의무 불이행,맑음,0,6
2019년 다발지,대전광역시 동구2,대전광역시 동구 가양동(동부네거리 부근),2019-10-15,17시,경상,남,87세,자전거,경상,남,41세,승용차,상해없음,차대차 - 기타,안전운전 의무 불이행,맑음,0,6
2019년 다발지,대전광역시 동구2,대전광역시 동구 가양동(동부네거리 부근),2019-10-28,17시,경상,남,61세,자전거,경상,남,33세,승용차,상해없음,차대차 - 측면충돌,안전운전 의무 불이행,맑음,0,6
2019년 다발지,대전광역시 동구2,대전광역시 동구 가양동(동부네거리 부근),2019-10-30,13시,경상,남,70세,자전거,경상,여,29세,승용차,상해없음,차대차 - 정면충돌,안전운전 의무 불이행,맑음,0,6
2019년 다발지,대전광역시 동구3,대전광역시 동구 인동(대흥로204 부근),2019-03-09,11시,경상,남,60세,자전거,경상,여,63세,승용차,상해없음,차대차 - 측면충돌,신호위반,맑음,0,5
2019년 다발지,대전광역시 동구3,대전광역시 동구 인동(대흥로204 부근),2019-05-08,06시,중상,기타불명,불명,불명,기타불명,여,76세,자전거,중상,차대차 - 기타,안전운전 의무 불이행,맑음,0,5
2019년 다발지,대전광역시 동구3,대전광역시 동구 인동(대흥로204 부근),2019-05-22,11시,경상,남,63세,사륜오토바이(ATV),상해없음,여,75세,자전거,경상,차대차 - 측면충돌,안전운전 의무 불이행,맑음,0,5
2019년 다발지,대전광역시 동구3,대전광역시 동구 인동(대흥로204 부근),2019-08-28,19시,중상,여,36세,승용차,상해없음,여,72세,자전거,중상,차대차 - 기타,안전운전 의무 불이행,맑음,0,5
2019년 다발지,대전광역시 동구3,대전광역시 동구 인동(대흥로204 부근),2019-11-11,07시,경상,여,59세,승용차,상해없음,남,17세,자전거,경상,차대차 - 기타,신호위반,맑음,0,5
2019년 다발지,대전광역시 중구1,대전광역시 중구 오류동(오류사거리 부근),2019-02-24,12시,중상,남,79세,자전거,중상,남,41세,승용차,상해없음,차대차 - 추돌,안전운전 의무 불이행,맑음,0,9
2019년 다발지,대전광역시 중구1,대전광역시 중구 오류동(오류사거리 부근),2019-07-01,17시,경상,남,57세,승용차,상해없음,남,82세,자전거,경상,차대차 - 기타,신호위반,맑음,0,9
2019년 다발지,대전광역시 중구1,대전광역시 중구 오류동(오류사거리 부근),2019-09-14,14시,부상신고,남,62세,자전거,부상신고,남,69세,승용차,상해없음,차대차 - 측면충돌,안전운전 의무 불이행,맑음,0,9
2019년 다발지,대전광역시 중구1,대전광역시 중구 오류동(오류사거리 부근),2019-09-26,10시,경상,남,72세,승용차,상해없음,남,73세,자전거,경상,차대차 - 측면충돌,안전운전 의무 불이행,맑음,0,9
2019년 다발지,대전광역시 중구1,대전광역시 중구 오류동(오류사거리 부근),2019-12-07,13시,부상신고,남,77세,자전거,상해없음,남,43세,승용차,부상신고,차대차 - 측면충돌,기타,맑음,0,9
2019년 다발지,대전광역시 중구2,대전광역시 중구 태평동(태평오거리 부근),2019-02-11,13시,중상,여,62세,승용차,상해없음,남,68세,자전거,중상,차대차 - 측면충돌,교차로 통행방법 위반,맑음,1,4
2019년 다발지,대전광역시 중구2,대전광역시 중구 태평동(태평오거리 부근),2019-03-13,09시,사망,남,83세,자전거,사망,남,47세,승합차,상해없음,차대차 - 측면충돌,중앙선 침범,맑음,1,4
2019년 다발지,대전광역시 중구2,대전광역시 중구 태평동(태평오거리 부근),2019-04-02,13시,부상신고,남,79세,자전거,부상신고,남,56세,승용차,상해없음,차대차 - 측면충돌,안전운전 의무 불이행,맑음,1,4
2019년 다발지,대전광역시 중구2,대전광역시 중구 태평동(태평오거리 부근),2019-09-01,13시,경상,남,59세,자전거,경상,남,70세,승용차,상해없음,차대차 - 측면충돌,안전운전 의무 불이행,맑음,1,4
2019년 다발지,대전광역시 중구3,대전광역시 중구 용두동(계룡로815 부근),2019-04-23,19시,경상,남,40세,승용차,상해없음,남,24세,자전거,경상,차대차 - 기타,안전운전 의무 불이행,맑음,0,5
2019년 다발지,대전광역시 중구3,대전광역시 중구 용두동(계룡로815 부근),2019-05-02,12시,중상,여,33세,승용차,상해없음,남,65세,자전거,중상,차대차 - 측면충돌,안전운전 의무 불이행,맑음,0,5
2019년 다발지,대전광역시 중구3,대전광역시 중구 용두동(계룡로815 부근),2019-05-04,10시,부상신고,여,74세,자전거,부상신고,남,25세,승합차,상해없음,차대차 - 기타,안전운전 의무 불이행,맑음,0,5
2019년 다발지,대전광역시 중구3,대전광역시 중구 용두동(계룡로815 부근),2019-10-15,20시,중상,남,23세,자전거,상해없음,여,77세,보행자,중상,차대사람 - 횡단중,신호위반,맑음,0,5
2019년 다발지,대전광역시 서구1,대전광역시 서구 갈마동(갈마삼거리 부근),2019-02-02,04시,경상,남,33세,승용차,상해없음,남,21세,자전거,경상,차대차 - 기타,안전운전 의무 불이행,맑음,0,6
2019년 다발지,대전광역시 서구1,대전광역시 서구 갈마동(갈마삼거리 부근),2019-03-13,08시,중상,남,49세,승용차,상해없음,남,48세,자전거,중상,차대차 - 측면충돌,안전운전 의무 불이행,맑음,0,6
2019년 다발지,대전광역시 서구1,대전광역시 서구 갈마동(갈마삼거리 부근),2019-04-16,20시,중상,남,12세,자전거,중상,남,71세,승용차,상해없음,차대차 - 기타,기타,맑음,0,6
2019년 다발지,대전광역시 서구1,대전광역시 서구 갈마동(갈마삼거리 부근),2019-05-07,12시,중상,남,33세,승용차,상해없음,남,106세,자전거,중상,차대차 - 기타,기타,맑음,0,6
2019년 다발지,대전광역시 서구1,대전광역시 서구 갈마동(갈마삼거리 부근),2019-07-31,06시,경상,남,36세,승용차,상해없음,여,36세,자전거,경상,차대차 - 기타,안전운전 의무 불이행,맑음,0,6
2019년 다발지,대전광역시 서구1,대전광역시 서구 갈마동(갈마삼거리 부근),2019-08-08,22시,경상,남,31세,이륜차,상해없음,남,19세,자전거,경상,차대차 - 측면충돌,교차로 통행방법 위반,맑음,0,6
2019년 다발지,대전광역시 서구2,대전광역시 서구 월평동(월평네거리 부근),2019-02-09,20시,경상,남,28세,승용차,상해없음,남,19세,자전거,경상,차대차 - 기타,안전운전 의무 불이행,맑음,0,6
2019년 다발지,대전광역시 서구2,대전광역시 서구 월평동(월평네거리 부근),2019-02-16,18시,경상,남,48세,화물차,상해없음,여,21세,자전거,경상,차대차 - 기타,교차로 통행방법 위반,맑음,0,6
2019년 다발지,대전광역시 서구2,대전광역시 서구 월평동(월평네거리 부근),2019-02-18,16시,경상,남,36세,승용차,상해없음,남,65세,자전거,경상,차대차 - 측면충돌,신호위반,맑음,0,6
2019년 다발지,대전광역시 서구2,대전광역시 서구 월평동(월평네거리 부근),2019-04-05,19시,경상,남,17세,이륜차,상해없음,남,14세,자전거,경상,차대차 - 측면충돌,안전운전 의무 불이행,맑음,0,6
2019년 다발지,대전광역시 서구2,대전광역시 서구 월평동(월평네거리 부근),2019-04-29,11시,경상,여,52세,승용차,상해없음,남,25세,자전거,경상,차대차 - 기타,신호위반,비,0,6
2019년 다발지,대전광역시 서구2,대전광역시 서구 월평동(월평네거리 부근),2019-09-04,21시,경상,남,34세,승용차,상해없음,남,59세,자전거,경상,차대차 - 기타,안전운전 의무 불이행,맑음,0,6
2019년 다발지,대전광역시 서구3,대전광역시 서구 탄방동(삼천교사거리 부근),2019-05-05,04시,중상,남,91세,자전거,중상,여,60세,승용차,상해없음,차대차 - 측면충돌,신호위반,맑음,0,5
2019년 다발지,대전광역시 서구3,대전광역시 서구 탄방동(삼천교사거리 부근),2019-06-13,07시,중상,남,39세,승용차,상해없음,남,50세,자전거,중상,차대차 - 측면충돌,안전운전 의무 불이행,맑음,0,5
2019년 다발지,대전광역시 서구3,대전광역시 서구 탄방동(삼천교사거리 부근),2019-09-28,10시,중상,남,61세,건설기계,상해없음,여,28세,자전거,중상,차대차 - 측면충돌,안전운전 의무 불이행,맑음,0,5
2019년 다발지,대전광역시 서구3,대전광역시 서구 탄방동(삼천교사거리 부근),2019-10-10,22시,중상,여,50세,승용차,상해없음,남,58세,자전거,중상,차대차 - 기타,안전운전 의무 불이행,맑음,0,5
2019년 다발지,대전광역시 서구3,대전광역시 서구 탄방동(삼천교사거리 부근),2019-10-30,16시,경상,남,60세,승용차,상해없음,남,14세,자전거,경상,차대차 - 측면충돌,안전운전 의무 불이행,맑음,0,5
2019년 다발지,대전광역시 서구4,대전광역시 서구 도마동(도마네거리 부근),2019-05-24,15시,경상,남,31세,승용차,상해없음,여,50세,자전거,경상,차대차 - 기타,안전운전 의무 불이행,맑음,0,4
2019년 다발지,대전광역시 서구4,대전광역시 서구 도마동(도마네거리 부근),2019-05-27,12시,경상,남,70세,자전거,경상,남,57세,승용차,상해없음,차대차 - 측면충돌,안전운전 의무 불이행,맑음,0,4
2019년 다발지,대전광역시 서구4,대전광역시 서구 도마동(도마네거리 부근),2019-08-08,05시,중상,남,82세,자전거,중상,남,22세,승용차,기타불명,차대차 - 측면충돌,기타,맑음,0,4
2019년 다발지,대전광역시 서구4,대전광역시 서구 도마동(도마네거리 부근),2019-11-16,10시,경상,남,52세,승용차,상해없음,남,77세,자전거,경상,차대차 - 측면충돌,안전운전 의무 불이행,맑음,0,4
2019년 다발지,대전광역시 서구5,대전광역시 서구 만년동(둔산동1514 부근),2019-01-06,15시,경상,남,32세,승용차,상해없음,남,59세,자전거,경상,차대차 - 기타,안전운전 의무 불이행,맑음,0,4
2019년 다발지,대전광역시 서구5,대전광역시 서구 만년동(둔산동1514 부근),2019-05-14,12시,경상,남,42세,승용차,상해없음,여,36세,자전거,경상,차대차 - 측면충돌,안전운전 의무 불이행,맑음,0,4
2019년 다발지,대전광역시 서구5,대전광역시 서구 만년동(둔산동1514 부근),2019-10-18,09시,경상,여,24세,자전거,상해없음,여,13세,보행자,경상,차대사람 - 기타,안전운전 의무 불이행,맑음,0,4
2019년 다발지,대전광역시 서구5,대전광역시 서구 만년동(둔산동1514 부근),2019-10-22,23시,경상,남,60세,승용차,상해없음,여,27세,자전거,경상,차대차 - 기타,신호위반,맑음,0,4
2019년 다발지,대전광역시 유성구1,대전광역시 유성구 봉명동(계룡로111 부근),2019-06-18,09시,경상,남,69세,화물차,상해없음,남,67세,자전거,경상,차대차 - 측면충돌,안전운전 의무 불이행,맑음,0,6
2019년 다발지,대전광역시 유성구1,대전광역시 유성구 봉명동(계룡로111 부근),2019-07-02,17시,경상,남,47세,승용차,상해없음,남,55세,자전거,경상,차대차 - 측면충돌,안전운전 의무 불이행,맑음,0,6
2019년 다발지,대전광역시 유성구1,대전광역시 유성구 봉명동(계룡로111 부근),2019-08-06,08시,경상,남,67세,승용차,상해없음,남,77세,자전거,경상,차대차 - 추돌,안전운전 의무 불이행,맑음,0,6
2019년 다발지,대전광역시 유성구1,대전광역시 유성구 봉명동(계룡로111 부근),2019-08-20,13시,경상,남,64세,승용차,상해없음,여,57세,자전거,경상,차대차 - 기타,안전운전 의무 불이행,맑음,0,6
2019년 다발지,대전광역시 유성구1,대전광역시 유성구 봉명동(계룡로111 부근),2019-08-21,15시,경상,남,61세,자전거,경상,여,26세,승용차,상해없음,차대차 - 측면충돌,신호위반,맑음,0,6
2019년 다발지,대전광역시 유성구1,대전광역시 유성구 봉명동(계룡로111 부근),2019-10-14,11시,중상,남,59세,승합차,상해없음,여,46세,자전거,중상,차대차 - 기타,안전운전 의무 불이행,맑음,0,6
2019년 다발지,대전광역시 유성구2,대전광역시 유성구 장대동(궁동네거리 부근),2019-09-27,19시,경상,남,63세,승용차,상해없음,여,24세,자전거,경상,차대차 - 측면충돌,안전운전 의무 불이행,맑음,0,5
2019년 다발지,대전광역시 유성구2,대전광역시 유성구 장대동(궁동네거리 부근),2019-10-06,11시,중상,남,27세,승용차,상해없음,남,85세,자전거,중상,차대차 - 측면충돌,안전운전 의무 불이행,맑음,0,5
2019년 다발지,대전광역시 유성구2,대전광역시 유성구 장대동(궁동네거리 부근),2019-10-12,19시,중상,남,31세,승용차,상해없음,여,65세,자전거,중상,차대차 - 측면충돌,안전운전 의무 불이행,맑음,0,5
2019년 다발지,대전광역시 유성구2,대전광역시 유성구 장대동(궁동네거리 부근),2019-10-18,11시,중상,남,74세,자전거,중상,남,43세,화물차,상해없음,차대차 - 측면충돌,안전운전 의무 불이행,맑음,0,5
2019년 다발지,대전광역시 유성구2,대전광역시 유성구 장대동(궁동네거리 부근),2019-12-03,23시,경상,여,28세,승용차,상해없음,남,23세,자전거,경상,차대차 - 측면충돌,안전운전 의무 불이행,맑음,0,5
2019년 다발지,대전광역시 유성구3,대전광역시 유성구 장대동(장대네거리 부근),2019-02-11,21시,중상,여,51세,자전거,상해없음,남,35세,이륜차,중상,차대차 - 측면충돌,중앙선 침범,맑음,0,4
2019년 다발지,대전광역시 유성구3,대전광역시 유성구 장대동(장대네거리 부근),2019-03-09,19시,경상,여,61세,자전거,경상,남,46세,승용차,상해없음,차대차 - 기타,중앙선 침범,맑음,0,4
2019년 다발지,대전광역시 유성구3,대전광역시 유성구 장대동(장대네거리 부근),2019-03-29,07시,중상,여,50세,승용차,상해없음,남,86세,자전거,중상,차대차 - 추돌,기타,맑음,0,4
2019년 다발지,대전광역시 유성구3,대전광역시 유성구 장대동(장대네거리 부근),2019-10-08,11시,경상,남,68세,자전거,경상,남,34세,승용차,상해없음,차대차 - 측면충돌,중앙선 침범,맑음,0,4
2019년 다발지,대전광역시 유성구4,대전광역시 유성구 봉명동(봉명동49640 부근),2019-01-13,13시,중상,남,50세,화물차,상해없음,남,73세,자전거,중상,차대차 - 측면충돌,안전운전 의무 불이행,맑음,0,4
2019년 다발지,대전광역시 유성구4,대전광역시 유성구 봉명동(봉명동49640 부근),2019-05-26,15시,경상,남,13세,자전거,상해없음,남,12세,자전거,경상,차대차 - 기타,안전운전 의무 불이행,맑음,0,4
2019년 다발지,대전광역시 유성구4,대전광역시 유성구 봉명동(봉명동49640 부근),2019-09-11,17시,경상,남,57세,자전거,상해없음,남,64세,자전거,경상,차대차 - 측면충돌,안전운전 의무 불이행,맑음,0,4
2019년 다발지,대전광역시 유성구4,대전광역시 유성구 봉명동(봉명동49640 부근),2019-11-22,18시,경상,남,59세,승용차,상해없음,남,46세,자전거,경상,차대차 - 기타,안전운전 의무 불이행,맑음,0,4
2019년 다발지,대전광역시 유성구5,대전광역시 유성구 봉명동(계룡로159 부근),2019-07-05,15시,경상,남,51세,화물차,상해없음,남,48세,자전거,경상,차대차 - 기타,신호위반,맑음,0,4
2019년 다발지,대전광역시 유성구5,대전광역시 유성구 봉명동(계룡로159 부근),2019-08-26,07시,경상,남,43세,자전거,상해없음,남,64세,보행자,경상,차대사람 - 횡단중,안전운전 의무 불이행,맑음,0,4
2019년 다발지,대전광역시 유성구5,대전광역시 유성구 봉명동(계룡로159 부근),2019-10-19,05시,중상,남,64세,승용차,상해없음,남,57세,자전거,중상,차대차 - 추돌,안전운전 의무 불이행,맑음,0,4
2019년 다발지,대전광역시 유성구5,대전광역시 유성구 봉명동(계룡로159 부근),2019-11-01,08시,경상,여,39세,승용차,상해없음,남,65세,자전거,경상,차대차 - 기타,안전운전 의무 불이행,맑음,0,4
2019년 다발지,대전광역시 대덕구1,대전광역시 대덕구 오정동(오정사거리 부근),2019-06-20,17시,중상,남,60세,승용차,상해없음,남,58세,자전거,중상,차대차 - 기타,안전운전 의무 불이행,맑음,0,4
2019년 다발지,대전광역시 대덕구1,대전광역시 대덕구 오정동(오정사거리 부근),2019-08-13,18시,중상,남,59세,승용차,상해없음,남,51세,자전거,중상,차대차 - 기타,안전운전 의무 불이행,맑음,0,4
2019년 다발지,대전광역시 대덕구1,대전광역시 대덕구 오정동(오정사거리 부근),2019-09-11,22시,경상,남,46세,승용차,상해없음,남,22세,자전거,경상,차대차 - 정면충돌,신호위반,맑음,0,4