다발지구분,다발지시군구,지점명,발생일,발생시간대,사고내용,가해자성별,가해자연령,가해자차종,가해자신체상해정도,피해자성별,피해자연령,피해자차종,피해자신체상해정도,사고유형,법규위반사항,기상상태,사망자수,부상자수
2019년 다발지,대전광역시 대덕구1,대전광역시 대덕구 오정동(오정사거리 부근),2019-10-21,18시,경상,남,70세,승용차,상해없음,여,51세,자전거,경상,차대차 - 기타,안전운전 의무 불이행,맑음,0,4
2019년 다발지,울산광역시 중구1,울산광역시 중구 학산동(안국한의원앞사거리 부근),2019-02-07,10시,중상,남,55세,화물차,상해없음,남,73세,자전거,중상,차대차 - 측면충돌,안전운전 의무 불이행,맑음,0,6
2019년 다발지,울산광역시 중구1,울산광역시 중구 학산동(안국한의원앞사거리 부근),2019-08-17,10시,경상,남,80세,자전거,경상,여,32세,승용차,상해없음,차대차 - 측면충돌,중앙선 침범,맑음,0,6
2019년 다발지,울산광역시 중구1,울산광역시 중구 학산동(안국한의원앞사거리 부근),2019-08-23,06시,경상,남,60세,승용차,상해없음,남,78세,자전거,경상,차대차 - 측면충돌,안전운전 의무 불이행,맑음,0,6
2019년 다발지,울산광역시 중구1,울산광역시 중구 학산동(안국한의원앞사거리 부근),2019-10-09,10시,경상,남,22세,화물차,상해없음,남,85세,자전거,경상,차대차 - 측면충돌,안전운전 의무 불이행,맑음,0,6
2019년 다발지,울산광역시 중구1,울산광역시 중구 학산동(안국한의원앞사거리 부근),2019-10-21,09시,경상,남,81세,자전거,상해없음,남,28세,승합차,상해없음,차대차 - 기타,안전운전 의무 불이행,맑음,0,6
2019년 다발지,울산광역시 중구1,울산광역시 중구 학산동(안국한의원앞사거리 부근),2019-10-23,12시,중상,남,62세,화물차,상해없음,여,74세,자전거,중상,차대차 - 정면충돌,안전운전 의무 불이행,맑음,0,6
2019년 다발지,울산광역시 중구2,울산광역시 중구 남외동(번영로563 부근),2019-02-22,09시,경상,기타불명,불명,불명,기타불명,남,78세,자전거,경상,차대차 - 측면충돌,안전거리 미확보,맑음,0,6
2019년 다발지,울산광역시 중구2,울산광역시 중구 남외동(번영로563 부근),2019-07-13,21시,경상,남,55세,자전거,경상,남,49세,승용차,상해없음,차대차 - 측면충돌,안전운전 의무 불이행,맑음,0,6
2019년 다발지,울산광역시 중구2,울산광역시 중구 남외동(번영로563 부근),2019-07-17,11시,중상,남,69세,자전거,중상,남,40세,화물차,상해없음,차대차 - 정면충돌,안전운전 의무 불이행,맑음,0,6
2019년 다발지,울산광역시 중구2,울산광역시 중구 남외동(번영로563 부근),2019-08-20,08시,부상신고,남,74세,자전거,부상신고,여,29세,승용차,상해없음,차대차 - 측면충돌,중앙선 침범,맑음,0,6
2019년 다발지,울산광역시 중구2,울산광역시 중구 남외동(번영로563 부근),2019-08-24,06시,중상,남,30세,승용차,상해없음,여,76세,자전거,중상,차대차 - 측면충돌,안전운전 의무 불이행,맑음,0,6
2019년 다발지,울산광역시 중구2,울산광역시 중구 남외동(번영로563 부근),2019-12-16,13시,경상,남,76세,원동기장치자전거,상해없음,남,78세,자전거,경상,차대차 - 측면충돌,안전운전 의무 불이행,맑음,0,6
2019년 다발지,울산광역시 남구1,울산광역시 남구 달동(번영사거리 부근),2019-07-13,21시,중상,남,23세,승용차,상해없음,남,59세,자전거,중상,차대차 - 후진중충돌,안전운전 의무 불이행,맑음,0,6
2019년 다발지,울산광역시 남구1,울산광역시 남구 달동(번영사거리 부근),2019-07-18,09시,부상신고,여,62세,자전거,부상신고,남,55세,승용차,상해없음,차대차 - 측면충돌,안전운전 의무 불이행,맑음,0,6
2019년 다발지,울산광역시 남구1,울산광역시 남구 달동(번영사거리 부근),2019-08-09,16시,부상신고,기타불명,불명,불명,기타불명,남,62세,자전거,부상신고,차대차 - 기타,안전운전 의무 불이행,맑음,0,6
2019년 다발지,울산광역시 남구1,울산광역시 남구 달동(번영사거리 부근),2019-08-18,18시,경상,여,26세,승용차,상해없음,남,21세,자전거,경상,차대차 - 측면충돌,안전운전 의무 불이행,맑음,0,6
2019년 다발지,울산광역시 남구1,울산광역시 남구 달동(번영사거리 부근),2019-08-23,12시,중상,여,57세,승용차,상해없음,남,76세,자전거,중상,차대차 - 측면충돌,안전운전 의무 불이행,맑음,0,6
2019년 다발지,울산광역시 남구1,울산광역시 남구 달동(번영사거리 부근),2019-11-03,02시,중상,남,61세,승용차,상해없음,남,22세,자전거,중상,차대차 - 기타,안전운전 의무 불이행,맑음,0,6
2019년 다발지,세종특별자치시 세종특별자치시1,세종특별자치시 세종특별자치시 종촌동(세종엠코타운 부근),2019-02-20,18시,부상신고,남,53세,승용차,상해없음,남,10세,자전거,부상신고,차대차 - 측면충돌,안전운전 의무 불이행,맑음,0,5
2019년 다발지,세종특별자치시 세종특별자치시1,세종특별자치시 세종특별자치시 종촌동(세종엠코타운 부근),2019-03-06,08시,경상,여,41세,승용차,상해없음,여,44세,자전거,경상,차대차 - 기타,안전운전 의무 불이행,맑음,0,5
2019년 다발지,세종특별자치시 세종특별자치시1,세종특별자치시 세종특별자치시 종촌동(세종엠코타운 부근),2019-05-17,08시,중상,남,69세,자전거,중상,여,39세,승용차,상해없음,차대차 - 측면충돌,신호위반,맑음,0,5
2019년 다발지,세종특별자치시 세종특별자치시1,세종특별자치시 세종특별자치시 종촌동(세종엠코타운 부근),2019-05-21,06시,경상,남,50세,승용차,상해없음,여,54세,자전거,경상,차대차 - 기타,신호위반,맑음,0,5
2019년 다발지,세종특별자치시 세종특별자치시1,세종특별자치시 세종특별자치시 종촌동(세종엠코타운 부근),2019-08-19,15시,중상,여,36세,승용차,상해없음,남,23세,자전거,중상,차대차 - 기타,안전운전 의무 불이행,맑음,0,5
2019년 다발지,세종특별자치시 세종특별자치시2,세종특별자치시 세종특별자치시 조치원읍(신흥사거리 부근),2019-06-27,15시,중상,남,56세,승용차,상해없음,여,11세,자전거,중상,차대차 - 측면충돌,교차로 통행방법 위반,맑음,0,4
2019년 다발지,세종특별자치시 세종특별자치시2,세종특별자치시 세종특별자치시 조치원읍(신흥사거리 부근),2019-08-11,17시,중상,남,59세,승용차,상해없음,남,19세,자전거,중상,차대차 - 측면충돌,교차로 통행방법 위반,맑음,0,4
2019년 다발지,세종특별자치시 세종특별자치시2,세종특별자치시 세종특별자치시 조치원읍(신흥사거리 부근),2019-08-22,19시,경상,남,59세,자전거,경상,없음,없음,없음,없음,차량단독 - 기타,안전운전 의무 불이행,맑음,0,4
2019년 다발지,세종특별자치시 세종특별자치시2,세종특별자치시 세종특별자치시 조치원읍(신흥사거리 부근),2019-09-20,10시,중상,여,48세,승용차,상해없음,남,86세,자전거,중상,차대차 - 측면충돌,안전운전 의무 불이행,맑음,0,4
2019년 다발지,경기도 수원시 장안구1,경기도 수원시 장안구 영화동(정자사거리 부근),2019-03-16,19시,경상,남,48세,자전거,경상,남,53세,승용차,상해없음,차대차 - 기타,교차로 통행방법 위반,맑음,0,7
2019년 다발지,경기도 수원시 장안구1,경기도 수원시 장안구 영화동(정자사거리 부근),2019-03-17,12시,부상신고,남,10세,자전거,부상신고,남,56세,이륜차,상해없음,차대차 - 측면충돌,교차로 통행방법 위반,맑음,0,7
2019년 다발지,경기도 수원시 장안구1,경기도 수원시 장안구 영화동(정자사거리 부근),2019-11-01,22시,경상,남,67세,화물차,상해없음,남,25세,자전거,경상,차대차 - 측면충돌,신호위반,맑음,0,7
2019년 다발지,경기도 수원시 장안구1,경기도 수원시 장안구 영화동(정자사거리 부근),2019-11-18,12시,경상,여,32세,승용차,기타불명,남,63세,자전거,경상,차대차 - 기타,안전운전 의무 불이행,맑음,0,7
2019년 다발지,경기도 수원시 장안구1,경기도 수원시 장안구 영화동(정자사거리 부근),2019-11-28,11시,부상신고,기타불명,불명,자전거,기타불명,여,80세,보행자,부상신고,차대사람 - 기타,기타,맑음,0,7
2019년 다발지,경기도 수원시 장안구1,경기도 수원시 장안구 영화동(정자사거리 부근),2019-12-22,17시,중상,여,54세,승용차,상해없음,남,78세,자전거,중상,차대차 - 기타,안전운전 의무 불이행,맑음,0,7
2019년 다발지,경기도 수원시 장안구1,경기도 수원시 장안구 영화동(정자사거리 부근),2019-12-27,10시,중상,남,38세,승용차,상해없음,여,40세,자전거,중상,차대차 - 기타,안전운전 의무 불이행,맑음,0,7
2019년 다발지,경기도 수원시 장안구2,경기도 수원시 장안구 영화동(장안문로터리 부근),2019-04-29,11시,중상,남,71세,자전거,중상,남,64세,승용차,상해없음,차대차 - 기타,신호위반,맑음,0,6
2019년 다발지,경기도 수원시 장안구2,경기도 수원시 장안구 영화동(장안문로터리 부근),2019-07-05,08시,중상,남,50세,자전거,경상,남,80세,자전거,중상,차대차 - 기타,안전운전 의무 불이행,맑음,0,6
2019년 다발지,경기도 수원시 장안구2,경기도 수원시 장안구 영화동(장안문로터리 부근),2019-09-30,15시,부상신고,남,64세,자전거,기타불명,남,51세,보행자,부상신고,차대사람 - 횡단중,기타,맑음,0,6
2019년 다발지,경기도 수원시 장안구2,경기도 수원시 장안구 영화동(장안문로터리 부근),2019-11-05,18시,경상,남,68세,자전거,상해없음,여,43세,보행자,경상,차대사람 - 보도통행중,기타,맑음,0,6
2019년 다발지,경기도 수원시 장안구2,경기도 수원시 장안구 영화동(장안문로터리 부근),2019-11-06,05시,중상,남,84세,자전거,중상,남,72세,승용차,상해없음,차대차 - 측면충돌,기타,맑음,0,6
2019년 다발지,경기도 수원시 장안구3,경기도 수원시 장안구 정자동(만석사거리 부근),2019-02-25,09시,중상,여,34세,승용차,상해없음,남,89세,자전거,중상,차대차 - 측면충돌,안전운전 의무 불이행,맑음,0,5
2019년 다발지,경기도 수원시 장안구3,경기도 수원시 장안구 정자동(만석사거리 부근),2019-05-09,17시,경상,남,54세,승용차,상해없음,남,17세,자전거,경상,차대차 - 측면충돌,신호위반,맑음,0,5
2019년 다발지,경기도 수원시 장안구3,경기도 수원시 장안구 정자동(만석사거리 부근),2019-07-19,09시,경상,남,76세,승용차,상해없음,여,24세,자전거,경상,차대차 - 추돌,신호위반,맑음,0,5
2019년 다발지,경기도 수원시 장안구3,경기도 수원시 장안구 정자동(만석사거리 부근),2019-10-16,08시,경상,여,49세,승용차,상해없음,남,78세,자전거,경상,차대차 - 기타,교차로 통행방법 위반,맑음,0,5
2019년 다발지,경기도 수원시 장안구3,경기도 수원시 장안구 정자동(만석사거리 부근),2019-12-28,10시,중상,여,49세,승용차,상해없음,남,73세,자전거,중상,차대차 - 측면충돌,안전운전 의무 불이행,맑음,0,5
2019년 다발지,경기도 수원시 장안구4,경기도 수원시 장안구 송죽동(운동장사거리 부근),2019-02-13,06시,중상,남,58세,승용차,상해없음,남,75세,자전거,중상,차대차 - 기타,안전운전 의무 불이행,맑음,0,4
2019년 다발지,경기도 수원시 장안구4,경기도 수원시 장안구 송죽동(운동장사거리 부근),2019-04-30,18시,중상,남,22세,자전거,중상,기타불명,불명,불명,기타불명,차대차 - 기타,안전운전 의무 불이행,맑음,0,4
2019년 다발지,경기도 수원시 장안구4,경기도 수원시 장안구 송죽동(운동장사거리 부근),2019-06-09,15시,경상,남,55세,승합차,기타불명,남,18세,자전거,경상,차대차 - 기타,안전거리 미확보,맑음,0,4
2019년 다발지,경기도 수원시 장안구4,경기도 수원시 장안구 송죽동(운동장사거리 부근),2019-09-18,07시,부상신고,남,79세,자전거,부상신고,남,61세,승용차,상해없음,차대차 - 기타,중앙선 침범,맑음,0,4
2019년 다발지,경기도 수원시 장안구5,경기도 수원시 장안구 조원동(장안구청지하차도 부근),2019-02-01,09시,경상,여,42세,승용차,상해없음,남,77세,자전거,경상,차대차 - 기타,안전운전 의무 불이행,맑음,0,4
2019년 다발지,경기도 수원시 장안구5,경기도 수원시 장안구 조원동(장안구청지하차도 부근),2019-02-24,17시,경상,남,17세,이륜차,기타불명,남,48세,자전거,경상,차대차 - 측면충돌,안전운전 의무 불이행,맑음,0,4
2019년 다발지,경기도 수원시 장안구5,경기도 수원시 장안구 조원동(장안구청지하차도 부근),2019-06-12,18시,경상,기타불명,불명,자전거,기타불명,남,8세,보행자,경상,차대사람 - 기타,안전운전 의무 불이행,맑음,0,4
2019년 다발지,경기도 수원시 장안구5,경기도 수원시 장안구 조원동(장안구청지하차도 부근),2019-09-24,15시,경상,남,40세,자전거,경상,여,60세,승용차,상해없음,차대차 - 측면충돌,안전운전 의무 불이행,맑음,0,4
2019년 다발지,경기도 수원시 팔달구1,경기도 수원시 팔달구 지동(중부대로1432 부근),2019-01-26,15시,경상,남,52세,승용차,상해없음,남,58세,자전거,경상,차대차 - 측면충돌,안전운전 의무 불이행,맑음,0,8
2019년 다발지,경기도 수원시 팔달구1,경기도 수원시 팔달구 지동(중부대로1432 부근),2019-05-14,20시,경상,남,24세,승용차,상해없음,여,54세,자전거,경상,차대차 - 측면충돌,안전운전 의무 불이행,맑음,0,8
2019년 다발지,경기도 수원시 팔달구1,경기도 수원시 팔달구 지동(중부대로1432 부근),2019-07-09,14시,중상,여,61세,승용차,상해없음,여,67세,자전거,중상,차대차 - 측면충돌,안전운전 의무 불이행,맑음,0,8
2019년 다발지,경기도 수원시 팔달구1,경기도 수원시 팔달구 지동(중부대로1432 부근),2019-07-19,08시,경상,남,77세,승용차,상해없음,남,26세,자전거,경상,차대차 - 측면충돌,기타,맑음,0,8
2019년 다발지,경기도 수원시 팔달구1,경기도 수원시 팔달구 지동(중부대로1432 부근),2019-08-14,18시,부상신고,여,59세,자전거,부상신고,남,41세,승용차,상해없음,차대차 - 측면충돌,안전운전 의무 불이행,맑음,0,8
2019년 다발지,경기도 수원시 팔달구1,경기도 수원시 팔달구 지동(중부대로1432 부근),2019-10-10,08시,중상,남,54세,자전거,중상,여,49세,승용차,상해없음,차대차 - 기타,기타,맑음,0,8
2019년 다발지,경기도 수원시 팔달구1,경기도 수원시 팔달구 지동(중부대로1432 부근),2019-11-22,14시,부상신고,남,60세,자전거,부상신고,남,66세,승용차,상해없음,차대차 - 기타,안전운전 의무 불이행,맑음,0,8
2019년 다발지,경기도 수원시 팔달구1,경기도 수원시 팔달구 지동(중부대로1432 부근),2019-12-16,21시,부상신고,여,66세,자전거,부상신고,남,53세,승합차,상해없음,차대차 - 기타,안전운전 의무 불이행,맑음,0,8
2019년 다발지,경기도 수원시 팔달구2,경기도 수원시 팔달구 매교동(매교사거리 부근),2019-05-10,09시,경상,여,18세,자전거,경상,남,57세,승용차,상해없음,차대차 - 측면충돌,안전운전 의무 불이행,맑음,0,5
2019년 다발지,경기도 수원시 팔달구2,경기도 수원시 팔달구 매교동(매교사거리 부근),2019-05-13,07시,경상,남,41세,승용차,상해없음,남,15세,자전거,경상,차대차 - 기타,안전운전 의무 불이행,맑음,0,5
2019년 다발지,경기도 수원시 팔달구2,경기도 수원시 팔달구 매교동(매교사거리 부근),2019-09-08,20시,경상,남,26세,승용차,기타불명,남,54세,자전거,경상,차대차 - 측면충돌,안전운전 의무 불이행,흐림,0,5
2019년 다발지,경기도 수원시 팔달구2,경기도 수원시 팔달구 매교동(매교사거리 부근),2019-10-25,15시,중상,여,64세,자전거,중상,남,44세,화물차,상해없음,차대차 - 기타,중앙선 침범,맑음,0,5
2019년 다발지,경기도 수원시 팔달구2,경기도 수원시 팔달구 매교동(매교사거리 부근),2019-11-01,12시,중상,남,41세,승용차,상해없음,남,75세,자전거,중상,차대차 - 기타,안전운전 의무 불이행,맑음,0,5
2019년 다발지,경기도 수원시 팔달구3,경기도 수원시 팔달구 중동(정조로709번길2 부근),2019-02-19,00시,경상,남,67세,승용차,상해없음,남,25세,자전거,경상,차대차 - 측면충돌,신호위반,맑음,0,5
2019년 다발지,경기도 수원시 팔달구3,경기도 수원시 팔달구 중동(정조로709번길2 부근),2019-06-22,21시,중상,남,32세,승용차,상해없음,여,59세,자전거,중상,차대차 - 기타,안전운전 의무 불이행,맑음,0,5
2019년 다발지,경기도 수원시 팔달구3,경기도 수원시 팔달구 중동(정조로709번길2 부근),2019-07-27,12시,경상,남,55세,승용차,상해없음,남,72세,자전거,경상,차대차 - 측면충돌,안전운전 의무 불이행,맑음,0,5
2019년 다발지,경기도 수원시 팔달구3,경기도 수원시 팔달구 중동(정조로709번길2 부근),2019-08-24,15시,경상,남,63세,자전거,경상,남,52세,화물차,상해없음,차대차 - 측면충돌,중앙선 침범,맑음,0,5
2019년 다발지,경기도 수원시 팔달구3,경기도 수원시 팔달구 중동(정조로709번길2 부근),2019-11-16,09시,중상,남,45세,개인형이동수단(PM),상해없음,남,42세,자전거,중상,차대차 - 기타,중앙선 침범,맑음,0,5
2019년 다발지,경기도 수원시 팔달구4,경기도 수원시 팔달구 인계동(예술회관사거리 부근),2019-06-11,16시,경상,여,53세,승용차,상해없음,여,50세,자전거,경상,차대차 - 기타,신호위반,맑음,0,4
2019년 다발지,경기도 수원시 팔달구4,경기도 수원시 팔달구 인계동(예술회관사거리 부근),2019-08-01,08시,중상,남,23세,화물차,상해없음,남,84세,자전거,중상,차대차 - 측면충돌,신호위반,맑음,0,4
2019년 다발지,경기도 수원시 팔달구4,경기도 수원시 팔달구 인계동(예술회관사거리 부근),2019-09-17,10시,경상,남,66세,승용차,상해없음,남,33세,자전거,경상,차대차 - 기타,신호위반,맑음,0,4
2019년 다발지,경기도 수원시 팔달구4,경기도 수원시 팔달구 인계동(예술회관사거리 부근),2019-12-10,09시,중상,여,48세,승용차,상해없음,남,28세,자전거,중상,차대차 - 측면충돌,신호위반,맑음,0,4
2019년 다발지,경기도 수원시 팔달구5,경기도 수원시 팔달구 우만동(창룡문사거리 부근),2019-03-20,14시,경상,여,63세,자전거,경상,여,39세,승용차,상해없음,차대차 - 기타,중앙선 침범,맑음,0,4
2019년 다발지,경기도 수원시 팔달구5,경기도 수원시 팔달구 우만동(창룡문사거리 부근),2019-09-03,06시,중상,남,66세,승용차,상해없음,여,64세,자전거,중상,차대차 - 추돌,신호위반,맑음,0,4
2019년 다발지,경기도 수원시 팔달구5,경기도 수원시 팔달구 우만동(창룡문사거리 부근),2019-09-25,15시,부상신고,여,32세,승용차,상해없음,남,7세,자전거,부상신고,차대차 - 기타,안전운전 의무 불이행,맑음,0,4
2019년 다발지,경기도 수원시 팔달구5,경기도 수원시 팔달구 우만동(창룡문사거리 부근),2019-09-26,12시,경상,남,57세,승용차,상해없음,남,44세,자전거,경상,차대차 - 추돌,안전거리 미확보,맑음,0,4
2019년 다발지,경기도 수원시 팔달구6,경기도 수원시 팔달구 인계동(지동사거리 부근),2019-01-07,08시,경상,남,32세,승용차,상해없음,남,22세,자전거,경상,차대차 - 측면충돌,신호위반,맑음,0,4
2019년 다발지,경기도 수원시 팔달구6,경기도 수원시 팔달구 인계동(지동사거리 부근),2019-09-20,05시,경상,남,59세,승용차,상해없음,남,69세,자전거,경상,차대차 - 기타,안전운전 의무 불이행,맑음,0,4
2019년 다발지,경기도 수원시 팔달구6,경기도 수원시 팔달구 인계동(지동사거리 부근),2019-11-11,14시,중상,남,74세,자전거,중상,남,63세,승합차,상해없음,차대차 - 측면충돌,안전운전 의무 불이행,맑음,0,4
2019년 다발지,경기도 수원시 팔달구6,경기도 수원시 팔달구 인계동(지동사거리 부근),2019-11-14,10시,부상신고,여,61세,자전거,부상신고,여,58세,이륜차,상해없음,차대차 - 기타,안전운전 의무 불이행,맑음,0,4
2019년 다발지,경기도 수원시 팔달구7,경기도 수원시 팔달구 매산로2가(매산로19 부근),2019-01-09,15시,경상,남,39세,이륜차,상해없음,남,55세,자전거,경상,차대차 - 측면충돌,신호위반,맑음,0,4
2019년 다발지,경기도 수원시 팔달구7,경기도 수원시 팔달구 매산로2가(매산로19 부근),2019-04-30,08시,경상,여,34세,자전거,경상,남,48세,승용차,상해없음,차대차 - 기타,기타,맑음,0,4
2019년 다발지,경기도 수원시 팔달구7,경기도 수원시 팔달구 매산로2가(매산로19 부근),2019-07-13,01시,경상,여,51세,승용차,상해없음,여,19세,자전거,경상,차대차 - 기타,안전운전 의무 불이행,맑음,0,4
2019년 다발지,경기도 수원시 팔달구7,경기도 수원시 팔달구 매산로2가(매산로19 부근),2019-12-13,13시,경상,남,57세,화물차,상해없음,남,22세,자전거,경상,차대차 - 기타,안전운전 의무 불이행,맑음,0,4
2019년 다발지,경기도 성남시 중원구1,경기도 성남시 중원구 성남동(모란사거리 부근),2019-01-23,12시,중상,남,44세,승용차,상해없음,남,63세,자전거,중상,차대차 - 추돌,신호위반,맑음,0,5
2019년 다발지,경기도 성남시 중원구1,경기도 성남시 중원구 성남동(모란사거리 부근),2019-03-19,08시,중상,남,17세,자전거,상해없음,여,58세,보행자,중상,차대사람 - 차도통행중,안전운전 의무 불이행,맑음,0,5
2019년 다발지,경기도 성남시 중원구1,경기도 성남시 중원구 성남동(모란사거리 부근),2019-08-05,10시,중상,남,81세,승용차,기타불명,남,73세,자전거,중상,차대차 - 기타,안전운전 의무 불이행,맑음,0,5
2019년 다발지,경기도 성남시 중원구1,경기도 성남시 중원구 성남동(모란사거리 부근),2019-08-26,06시,부상신고,남,52세,자전거,부상신고,남,36세,승합차,상해없음,차대차 - 기타,안전운전 의무 불이행,맑음,0,5
2019년 다발지,경기도 성남시 중원구1,경기도 성남시 중원구 성남동(모란사거리 부근),2019-09-30,12시,경상,남,47세,승합차,상해없음,남,60세,자전거,경상,차대차 - 기타,안전운전 의무 불이행,맑음,0,5
2019년 다발지,경기도 성남시 분당구1,경기도 성남시 분당구 이매동(하탑사거리 부근),2019-01-28,17시,중상,여,70세,승용차,상해없음,여,47세,자전거,중상,차대차 - 기타,안전운전 의무 불이행,맑음,0,5
2019년 다발지,경기도 성남시 분당구1,경기도 성남시 분당구 이매동(하탑사거리 부근),2019-04-01,11시,경상,남,66세,자전거,경상,여,53세,승용차,경상,차대차 - 기타,안전운전 의무 불이행,맑음,0,5
2019년 다발지,경기도 성남시 분당구1,경기도 성남시 분당구 이매동(하탑사거리 부근),2019-04-25,22시,경상,남,15세,자전거,기타불명,남,60세,보행자,경상,차대사람 - 기타,안전운전 의무 불이행,비,0,5
2019년 다발지,경기도 성남시 분당구1,경기도 성남시 분당구 이매동(하탑사거리 부근),2019-07-03,23시,중상,남,37세,화물차,상해없음,남,14세,자전거,중상,차대차 - 측면충돌,안전운전 의무 불이행,흐림,0,5
2019년 다발지,경기도 의정부시1,경기도 의정부시 의정부동(파발로터리 부근),2019-06-16,10시,중상,남,64세,승용차,상해없음,남,71세,자전거,중상,차대차 - 기타,신호위반,맑음,0,6
2019년 다발지,경기도 의정부시1,경기도 의정부시 의정부동(파발로터리 부근),2019-09-01,20시,경상,남,65세,자전거,상해없음,남,57세,보행자,경상,차대사람 - 기타,기타,맑음,0,6
2019년 다발지,경기도 의정부시1,경기도 의정부시 의정부동(파발로터리 부근),2019-09-18,09시,경상,여,75세,자전거,경상,남,34세,이륜차,상해없음,차대차 - 측면충돌,기타,맑음,0,6
2019년 다발지,경기도 의정부시1,경기도 의정부시 의정부동(파발로터리 부근),2019-10-24,05시,중상,남,38세,승용차,상해없음,남,46세,자전거,중상,차대차 - 기타,안전운전 의무 불이행,맑음,0,6
2019년 다발지,경기도 의정부시1,경기도 의정부시 의정부동(파발로터리 부근),2019-10-29,14시,경상,남,50세,이륜차,상해없음,여,48세,자전거,경상,차대차 - 측면충돌,기타,맑음,0,6
2019년 다발지,경기도 의정부시2,경기도 의정부시 가능동(흥선광장 부근),2019-01-10,06시,경상,남,62세,승용차,상해없음,남,50세,자전거,경상,차대차 - 측면충돌,안전운전 의무 불이행,맑음,0,4
2019년 다발지,경기도 의정부시2,경기도 의정부시 가능동(흥선광장 부근),2019-06-10,14시,경상,남,28세,승용차,상해없음,여,21세,자전거,경상,차대차 - 측면충돌,안전운전 의무 불이행,맑음,0,4
2019년 다발지,경기도 의정부시2,경기도 의정부시 가능동(흥선광장 부근),2019-07-03,16시,경상,남,56세,화물차,상해없음,남,8세,자전거,경상,차대차 - 측면충돌,신호위반,맑음,0,4
2019년 다발지,경기도 의정부시2,경기도 의정부시 가능동(흥선광장 부근),2019-12-16,22시,중상,남,22세,승용차,상해없음,남,70세,자전거,중상,차대차 - 측면충돌,안전운전 의무 불이행,맑음,0,4
2019년 다발지,경기도 안양시 동안구1,경기도 안양시 동안구 관양동(봉천동3거리 부근),2019-01-11,20시,경상,남,23세,원동기장치자전거,상해없음,남,68세,자전거,경상,차대차 - 측면충돌,안전운전 의무 불이행,맑음,0,5
2019년 다발지,경기도 안양시 동안구1,경기도 안양시 동안구 관양동(봉천동3거리 부근),2019-05-07,14시,경상,남,51세,자전거,경상,남,54세,승용차,상해없음,차대차 - 측면충돌,안전운전 의무 불이행,맑음,0,5
2019년 다발지,경기도 안양시 동안구1,경기도 안양시 동안구 관양동(봉천동3거리 부근),2019-07-05,16시,중상,여,46세,승용차,상해없음,남,68세,자전거,중상,차대차 - 측면충돌,교차로 통행방법 위반,맑음,0,5
2019년 다발지,경기도 안양시 동안구1,경기도 안양시 동안구 관양동(봉천동3거리 부근),2019-07-19,00시,경상,남,22세,승용차,상해없음,남,25세,자전거,경상,차대차 - 측면충돌,기타,맑음,0,5
2019년 다발지,경기도 안양시 동안구1,경기도 안양시 동안구 관양동(봉천동3거리 부근),2019-11-28,08시,중상,여,44세,승용차,상해없음,여,31세,자전거,중상,차대차 - 측면충돌,신호위반,맑음,0,5
2019년 다발지,경기도 안양시 동안구2,경기도 안양시 동안구 호계동(임곡교 부근),2019-01-11,17시,경상,남,22세,자전거,상해없음,남,64세,보행자,경상,차대사람 - 횡단중,신호위반,맑음,0,4
2019년 다발지,경기도 안양시 동안구2,경기도 안양시 동안구 호계동(임곡교 부근),2019-03-31,22시,경상,남,33세,승용차,상해없음,남,49세,자전거,경상,차대차 - 측면충돌,신호위반,맑음,0,4
2019년 다발지,경기도 안양시 동안구2,경기도 안양시 동안구 호계동(임곡교 부근),2019-06-11,16시,중상,남,54세,자전거,중상,여,40세,승용차,상해없음,차대차 - 측면충돌,안전거리 미확보,맑음,0,4
2019년 다발지,경기도 안양시 동안구2,경기도 안양시 동안구 호계동(임곡교 부근),2019-07-12,09시,경상,남,19세,자전거,경상,남,39세,승용차,상해없음,차대차 - 기타,안전운전 의무 불이행,맑음,0,4
2019년 다발지,경기도 부천시1,경기도 부천시 중동(계남고가사거리 부근),2019-02-09,15시,경상,여,58세,자전거,경상,여,59세,승용차,상해없음,차대차 - 측면충돌,교차로 통행방법 위반,맑음,0,11
2019년 다발지,경기도 부천시1,경기도 부천시 중동(계남고가사거리 부근),2019-02-18,06시,중상,남,50세,승용차,상해없음,남,76세,자전거,중상,차대차 - 측면충돌,안전운전 의무 불이행,맑음,0,11
2019년 다발지,경기도 부천시1,경기도 부천시 중동(계남고가사거리 부근),2019-02-24,14시,부상신고,남,65세,자전거,부상신고,남,32세,승용차,상해없음,차대차 - 측면충돌,기타,맑음,0,11
2019년 다발지,경기도 부천시1,경기도 부천시 중동(계남고가사거리 부근),2019-04-05,07시,경상,남,49세,자전거,상해없음,여,53세,보행자,경상,차대사람 - 기타,중앙선 침범,맑음,0,11
2019년 다발지,경기도 부천시1,경기도 부천시 중동(계남고가사거리 부근),2019-04-25,21시,부상신고,남,24세,자전거,부상신고,여,38세,승용차,상해없음,차대차 - 측면충돌,중앙선 침범,비,0,11
2019년 다발지,경기도 부천시1,경기도 부천시 중동(계남고가사거리 부근),2019-06-08,23시,경상,여,54세,자전거,경상,남,60세,승용차,상해없음,차대차 - 측면충돌,기타,맑음,0,11
2019년 다발지,경기도 부천시1,경기도 부천시 중동(계남고가사거리 부근),2019-06-12,18시,경상,남,68세,자전거,경상,남,51세,승용차,상해없음,차대차 - 기타,안전운전 의무 불이행,맑음,0,11
2019년 다발지,경기도 부천시1,경기도 부천시 중동(계남고가사거리 부근),2019-09-01,14시,경상,남,83세,자전거,경상,남,38세,승용차,상해없음,차대차 - 측면충돌,교차로 통행방법 위반,맑음,0,11