다발지구분,다발지시군구,지점명,발생일,발생시간대,사고내용,가해자성별,가해자연령,가해자차종,가해자신체상해정도,피해자성별,피해자연령,피해자차종,피해자신체상해정도,사고유형,법규위반사항,기상상태,사망자수,부상자수
2019년 다발지,경기도 안산시 단원구5,경기도 안산시 단원구 원곡동(원곡기숙사삼거리 부근),2019-05-16,21시,경상,남,40세,승용차,상해없음,남,54세,자전거,경상,차대차 - 측면충돌,안전운전 의무 불이행,맑음,1,3
2019년 다발지,경기도 안산시 단원구5,경기도 안산시 단원구 원곡동(원곡기숙사삼거리 부근),2019-06-30,09시,중상,남,58세,승용차,상해없음,남,67세,자전거,중상,차대차 - 정면충돌,교차로 통행방법 위반,맑음,1,3
2019년 다발지,경기도 안산시 단원구5,경기도 안산시 단원구 원곡동(원곡기숙사삼거리 부근),2019-09-08,13시,중상,남,69세,승용차,상해없음,남,58세,자전거,중상,차대차 - 기타,안전운전 의무 불이행,맑음,1,3
2019년 다발지,경기도 안산시 단원구6,경기도 안산시 단원구 고잔동(예술대학로1길9 부근),2019-01-23,17시,경상,여,59세,승용차,상해없음,남,37세,자전거,경상,차대차 - 측면충돌,안전운전 의무 불이행,맑음,0,5
2019년 다발지,경기도 안산시 단원구6,경기도 안산시 단원구 고잔동(예술대학로1길9 부근),2019-05-29,18시,중상,여,67세,화물차,경상,남,49세,자전거,중상,차대차 - 기타,안전운전 의무 불이행,맑음,0,5
2019년 다발지,경기도 안산시 단원구6,경기도 안산시 단원구 고잔동(예술대학로1길9 부근),2019-07-08,19시,부상신고,남,62세,이륜차,상해없음,남,93세,자전거,부상신고,차대차 - 기타,안전운전 의무 불이행,맑음,0,5
2019년 다발지,경기도 안산시 단원구6,경기도 안산시 단원구 고잔동(예술대학로1길9 부근),2019-09-17,09시,중상,남,25세,승용차,상해없음,남,78세,자전거,중상,차대차 - 정면충돌,안전운전 의무 불이행,맑음,0,5
2019년 다발지,경기도 안산시 단원구7,경기도 안산시 단원구 초지동(초지로114 부근),2019-06-23,18시,경상,남,18세,이륜차,상해없음,남,21세,자전거,경상,차대차 - 기타,신호위반,맑음,0,4
2019년 다발지,경기도 안산시 단원구7,경기도 안산시 단원구 초지동(초지로114 부근),2019-08-21,19시,부상신고,남,28세,개인형이동수단(PM),기타불명,여,53세,자전거,부상신고,차대차 - 기타,신호위반,맑음,0,4
2019년 다발지,경기도 안산시 단원구7,경기도 안산시 단원구 초지동(초지로114 부근),2019-11-16,18시,중상,남,26세,승용차,상해없음,남,52세,자전거,중상,차대차 - 측면충돌,교차로 통행방법 위반,맑음,0,4
2019년 다발지,경기도 안산시 단원구7,경기도 안산시 단원구 초지동(초지로114 부근),2019-12-28,13시,중상,여,76세,자전거,중상,남,61세,승용차,상해없음,차대차 - 정면충돌,안전운전 의무 불이행,맑음,0,4
2019년 다발지,경기도 안산시 단원구8,경기도 안산시 단원구 고잔동(까르푸사거리 부근),2019-06-15,04시,경상,기타불명,불명,불명,기타불명,여,68세,자전거,경상,차대차 - 기타,신호위반,맑음,0,4
2019년 다발지,경기도 안산시 단원구8,경기도 안산시 단원구 고잔동(까르푸사거리 부근),2019-07-19,10시,중상,여,32세,승용차,상해없음,여,64세,자전거,중상,차대차 - 측면충돌,안전운전 의무 불이행,맑음,0,4
2019년 다발지,경기도 안산시 단원구8,경기도 안산시 단원구 고잔동(까르푸사거리 부근),2019-10-31,17시,경상,여,55세,자전거,경상,여,58세,승용차,상해없음,차대차 - 측면충돌,안전운전 의무 불이행,맑음,0,4
2019년 다발지,경기도 안산시 단원구8,경기도 안산시 단원구 고잔동(까르푸사거리 부근),2019-11-14,20시,경상,남,18세,자전거,경상,남,67세,승용차,상해없음,차대차 - 측면충돌,신호위반,맑음,0,4
2019년 다발지,경기도 고양시 덕양구1,경기도 고양시 덕양구 화정동(화중로3230 부근),2019-01-09,16시,부상신고,여,46세,승용차,상해없음,남,14세,자전거,부상신고,차대차 - 측면충돌,안전운전 의무 불이행,맑음,0,4
2019년 다발지,경기도 고양시 덕양구1,경기도 고양시 덕양구 화정동(화중로3230 부근),2019-03-30,09시,경상,남,35세,승용차,상해없음,남,22세,자전거,경상,차대차 - 측면충돌,교차로 통행방법 위반,맑음,0,4
2019년 다발지,경기도 고양시 덕양구1,경기도 고양시 덕양구 화정동(화중로3230 부근),2019-06-21,18시,경상,남,60세,자전거,상해없음,남,3세,보행자,경상,차대사람 - 기타,기타,맑음,0,4
2019년 다발지,경기도 고양시 덕양구1,경기도 고양시 덕양구 화정동(화중로3230 부근),2019-07-09,08시,경상,남,53세,승용차,상해없음,여,17세,자전거,경상,차대차 - 측면충돌,안전운전 의무 불이행,맑음,0,4
2019년 다발지,경기도 고양시 일산동구1,경기도 고양시 일산동구 백석동(백석역사거리 부근),2019-02-25,22시,경상,여,28세,자전거,경상,남,44세,승용차,상해없음,차대차 - 측면충돌,안전운전 의무 불이행,맑음,0,7
2019년 다발지,경기도 고양시 일산동구1,경기도 고양시 일산동구 백석동(백석역사거리 부근),2019-03-22,10시,부상신고,여,33세,승용차,상해없음,남,62세,자전거,부상신고,차대차 - 측면충돌,안전운전 의무 불이행,맑음,0,7
2019년 다발지,경기도 고양시 일산동구1,경기도 고양시 일산동구 백석동(백석역사거리 부근),2019-05-11,11시,중상,남,56세,승용차,상해없음,남,32세,자전거,중상,차대차 - 측면충돌,기타,맑음,0,7
2019년 다발지,경기도 고양시 일산동구1,경기도 고양시 일산동구 백석동(백석역사거리 부근),2019-06-16,21시,부상신고,남,25세,승용차,상해없음,남,15세,자전거,부상신고,차대차 - 기타,안전운전 의무 불이행,맑음,0,7
2019년 다발지,경기도 고양시 일산동구1,경기도 고양시 일산동구 백석동(백석역사거리 부근),2019-07-09,13시,경상,여,52세,승합차,상해없음,여,47세,자전거,경상,차대차 - 기타,안전운전 의무 불이행,맑음,0,7
2019년 다발지,경기도 고양시 일산동구1,경기도 고양시 일산동구 백석동(백석역사거리 부근),2019-07-27,18시,경상,남,57세,승용차,상해없음,남,11세,자전거,경상,차대차 - 측면충돌,신호위반,맑음,0,7
2019년 다발지,경기도 고양시 일산동구1,경기도 고양시 일산동구 백석동(백석역사거리 부근),2019-08-13,08시,부상신고,남,52세,승합차,상해없음,남,12세,자전거,부상신고,차대차 - 측면충돌,안전운전 의무 불이행,맑음,0,7
2019년 다발지,경기도 고양시 일산동구2,경기도 고양시 일산동구 장항동(호수로640 부근),2019-09-28,14시,중상,남,45세,자전거,상해없음,여,72세,보행자,중상,차대사람 - 기타,안전운전 의무 불이행,맑음,0,4
2019년 다발지,경기도 고양시 일산동구2,경기도 고양시 일산동구 장항동(호수로640 부근),2019-10-04,08시,중상,남,45세,자전거,상해없음,남,81세,보행자,중상,차대사람 - 횡단중,신호위반,맑음,0,4
2019년 다발지,경기도 고양시 일산동구2,경기도 고양시 일산동구 장항동(호수로640 부근),2019-10-16,17시,경상,여,45세,자전거,상해없음,여,63세,보행자,경상,차대사람 - 기타,안전운전 의무 불이행,맑음,0,4
2019년 다발지,경기도 고양시 일산동구2,경기도 고양시 일산동구 장항동(호수로640 부근),2019-11-11,07시,중상,남,68세,승용차,상해없음,남,81세,자전거,중상,차대차 - 기타,신호위반,흐림,0,4
2019년 다발지,경기도 고양시 일산동구3,경기도 고양시 일산동구 마두동(강촌7단지사거리 부근),2019-01-09,16시,부상신고,남,39세,승용차,상해없음,남,75세,자전거,부상신고,차대차 - 측면충돌,안전거리 미확보,맑음,0,4
2019년 다발지,경기도 고양시 일산동구3,경기도 고양시 일산동구 마두동(강촌7단지사거리 부근),2019-05-17,16시,경상,여,53세,승용차,상해없음,남,8세,자전거,경상,차대차 - 측면충돌,안전운전 의무 불이행,맑음,0,4
2019년 다발지,경기도 고양시 일산동구3,경기도 고양시 일산동구 마두동(강촌7단지사거리 부근),2019-09-22,13시,중상,여,46세,승용차,상해없음,남,29세,자전거,중상,차대차 - 측면충돌,안전운전 의무 불이행,맑음,0,4
2019년 다발지,경기도 고양시 일산동구3,경기도 고양시 일산동구 마두동(강촌7단지사거리 부근),2019-12-28,18시,경상,남,72세,자전거,경상,여,59세,승용차,상해없음,차대차 - 측면충돌,신호위반,맑음,0,4
2019년 다발지,경기도 고양시 일산서구1,경기도 고양시 일산서구 대화동(장성2단지사거리 부근),2019-02-01,18시,경상,여,56세,화물차,상해없음,남,37세,자전거,경상,차대차 - 측면충돌,기타,맑음,0,5
2019년 다발지,경기도 고양시 일산서구1,경기도 고양시 일산서구 대화동(장성2단지사거리 부근),2019-08-07,15시,경상,남,9세,자전거,경상,남,45세,승용차,상해없음,차대차 - 측면충돌,안전운전 의무 불이행,맑음,0,5
2019년 다발지,경기도 고양시 일산서구1,경기도 고양시 일산서구 대화동(장성2단지사거리 부근),2019-08-30,08시,경상,남,57세,승용차,상해없음,여,26세,자전거,경상,차대차 - 측면충돌,안전운전 의무 불이행,맑음,0,5
2019년 다발지,경기도 고양시 일산서구1,경기도 고양시 일산서구 대화동(장성2단지사거리 부근),2019-10-10,09시,중상,남,77세,승용차,상해없음,여,53세,자전거,중상,차대차 - 기타,안전운전 의무 불이행,맑음,0,5
2019년 다발지,경기도 고양시 일산서구1,경기도 고양시 일산서구 대화동(장성2단지사거리 부근),2019-10-27,18시,경상,남,52세,승용차,상해없음,남,65세,자전거,경상,차대차 - 측면충돌,교차로 통행방법 위반,흐림,0,5
2019년 다발지,경기도 구리시1,경기도 구리시 수택동(축협앞교차로 부근),2019-01-30,12시,경상,여,66세,자전거,경상,남,45세,승용차,상해없음,차대차 - 기타,교차로 통행방법 위반,맑음,0,6
2019년 다발지,경기도 구리시1,경기도 구리시 수택동(축협앞교차로 부근),2019-03-13,08시,경상,남,56세,승용차,상해없음,남,56세,자전거,경상,차대차 - 기타,신호위반,맑음,0,6
2019년 다발지,경기도 구리시1,경기도 구리시 수택동(축협앞교차로 부근),2019-03-17,17시,중상,남,58세,승합차,상해없음,여,59세,자전거,중상,차대차 - 측면충돌,안전운전 의무 불이행,맑음,0,6
2019년 다발지,경기도 구리시1,경기도 구리시 수택동(축협앞교차로 부근),2019-06-12,08시,경상,남,64세,승용차,상해없음,남,14세,자전거,경상,차대차 - 기타,기타,맑음,0,6
2019년 다발지,경기도 구리시1,경기도 구리시 수택동(축협앞교차로 부근),2019-08-14,13시,중상,여,46세,승용차,상해없음,남,43세,자전거,중상,차대차 - 측면충돌,안전운전 의무 불이행,맑음,0,6
2019년 다발지,경기도 구리시1,경기도 구리시 수택동(축협앞교차로 부근),2019-10-29,15시,경상,남,66세,승합차,상해없음,남,51세,자전거,경상,차대차 - 측면충돌,신호위반,맑음,0,6
2019년 다발지,경기도 남양주시1,경기도 남양주시 화도읍(양주CC앞삼거리 부근),2019-05-30,09시,경상,남,55세,자전거,경상,여,41세,승용차,상해없음,차대차 - 기타,안전운전 의무 불이행,맑음,0,5
2019년 다발지,경기도 남양주시1,경기도 남양주시 화도읍(양주CC앞삼거리 부근),2019-06-08,14시,중상,여,35세,승용차,상해없음,남,44세,자전거,중상,차대차 - 측면충돌,중앙선 침범,맑음,0,5
2019년 다발지,경기도 남양주시1,경기도 남양주시 화도읍(양주CC앞삼거리 부근),2019-07-13,12시,경상,여,60세,승용차,상해없음,남,49세,자전거,경상,차대차 - 기타,교차로 통행방법 위반,맑음,0,5
2019년 다발지,경기도 남양주시1,경기도 남양주시 화도읍(양주CC앞삼거리 부근),2019-09-13,14시,경상,남,48세,자전거,경상,남,39세,승용차,상해없음,차대차 - 기타,안전운전 의무 불이행,맑음,0,5
2019년 다발지,경기도 오산시1,경기도 오산시 오산동(운동장사거리 부근),2019-01-17,14시,중상,남,51세,화물차,상해없음,여,59세,자전거,중상,차대차 - 기타,안전운전 의무 불이행,맑음,0,8
2019년 다발지,경기도 오산시1,경기도 오산시 오산동(운동장사거리 부근),2019-06-20,19시,경상,여,52세,자전거,경상,남,49세,승용차,상해없음,차대차 - 측면충돌,안전운전 의무 불이행,맑음,0,8
2019년 다발지,경기도 오산시1,경기도 오산시 오산동(운동장사거리 부근),2019-06-26,08시,중상,남,56세,승용차,상해없음,남,86세,자전거,중상,차대차 - 기타,교차로 통행방법 위반,맑음,0,8
2019년 다발지,경기도 오산시1,경기도 오산시 오산동(운동장사거리 부근),2019-08-26,17시,경상,여,61세,승용차,상해없음,남,54세,자전거,경상,차대차 - 측면충돌,안전운전 의무 불이행,맑음,0,8
2019년 다발지,경기도 오산시1,경기도 오산시 오산동(운동장사거리 부근),2019-09-15,12시,경상,남,58세,자전거,경상,남,59세,승용차,상해없음,차대차 - 기타,기타,맑음,0,8
2019년 다발지,경기도 오산시1,경기도 오산시 오산동(운동장사거리 부근),2019-09-29,17시,경상,남,50세,화물차,상해없음,남,44세,자전거,경상,차대차 - 기타,안전운전 의무 불이행,맑음,0,8
2019년 다발지,경기도 오산시1,경기도 오산시 오산동(운동장사거리 부근),2019-10-10,15시,경상,남,49세,화물차,상해없음,남,11세,자전거,경상,차대차 - 기타,안전운전 의무 불이행,맑음,0,8
2019년 다발지,경기도 오산시1,경기도 오산시 오산동(운동장사거리 부근),2019-11-03,18시,경상,여,54세,승용차,상해없음,남,52세,자전거,경상,차대차 - 측면충돌,안전운전 의무 불이행,비,0,8
2019년 다발지,경기도 오산시2,경기도 오산시 오산동(남촌지하도 부근),2019-02-28,16시,경상,남,64세,자전거,경상,남,21세,이륜차,경상,차대차 - 측면충돌,안전운전 의무 불이행,맑음,0,7
2019년 다발지,경기도 오산시2,경기도 오산시 오산동(남촌지하도 부근),2019-03-24,10시,경상,남,69세,자전거,상해없음,여,67세,보행자,경상,차대사람 - 기타,기타,맑음,0,7
2019년 다발지,경기도 오산시2,경기도 오산시 오산동(남촌지하도 부근),2019-07-13,17시,중상,남,23세,승용차,상해없음,남,11세,자전거,중상,차대차 - 측면충돌,교차로 통행방법 위반,맑음,0,7
2019년 다발지,경기도 오산시2,경기도 오산시 오산동(남촌지하도 부근),2019-10-06,09시,경상,여,48세,자전거,경상,남,69세,승합차,상해없음,차대차 - 측면충돌,안전운전 의무 불이행,맑음,0,7
2019년 다발지,경기도 오산시2,경기도 오산시 오산동(남촌지하도 부근),2019-12-03,14시,중상,여,19세,이륜차,상해없음,남,71세,자전거,중상,차대차 - 정면충돌,안전운전 의무 불이행,맑음,0,7
2019년 다발지,경기도 오산시2,경기도 오산시 오산동(남촌지하도 부근),2019-12-14,19시,중상,남,67세,자전거,중상,기타불명,불명,불명,기타불명,차대차 - 측면충돌,안전운전 의무 불이행,맑음,0,7
2019년 다발지,경기도 시흥시1,경기도 시흥시 정왕동(소방서앞 부근),2019-07-19,08시,중상,남,61세,승용차,상해없음,남,58세,자전거,중상,차대차 - 측면충돌,안전운전 의무 불이행,맑음,1,3
2019년 다발지,경기도 시흥시1,경기도 시흥시 정왕동(소방서앞 부근),2019-11-04,16시,사망,남,84세,자전거,사망,남,32세,승용차,상해없음,차대차 - 측면충돌,기타,맑음,1,3
2019년 다발지,경기도 시흥시1,경기도 시흥시 정왕동(소방서앞 부근),2019-11-08,06시,중상,남,47세,자전거,중상,여,55세,승용차,상해없음,차대차 - 측면충돌,안전운전 의무 불이행,맑음,1,3
2019년 다발지,경기도 시흥시1,경기도 시흥시 정왕동(소방서앞 부근),2019-12-14,18시,중상,남,43세,승용차,상해없음,여,55세,자전거,중상,차대차 - 측면충돌,교차로 통행방법 위반,맑음,1,3
2019년 다발지,경기도 시흥시2,경기도 시흥시 정왕동(정왕1교사거리 부근),2019-08-11,09시,경상,남,37세,자전거,상해없음,여,56세,보행자,경상,차대사람 - 횡단중,안전운전 의무 불이행,맑음,0,4
2019년 다발지,경기도 시흥시2,경기도 시흥시 정왕동(정왕1교사거리 부근),2019-10-15,17시,경상,기타불명,불명,자전거,기타불명,여,46세,자전거,경상,차대차 - 측면충돌,안전운전 의무 불이행,맑음,0,4
2019년 다발지,경기도 시흥시2,경기도 시흥시 정왕동(정왕1교사거리 부근),2019-12-10,08시,중상,남,49세,승합차,상해없음,여,48세,자전거,중상,차대차 - 측면충돌,신호위반,맑음,0,4
2019년 다발지,경기도 시흥시2,경기도 시흥시 정왕동(정왕1교사거리 부근),2019-12-14,08시,중상,남,28세,자전거,상해없음,여,62세,보행자,중상,차대사람 - 기타,안전운전 의무 불이행,맑음,0,4
2019년 다발지,경기도 시흥시3,경기도 시흥시 정왕동(정왕시장입구 부근),2019-01-15,21시,중상,남,23세,승용차,상해없음,여,45세,자전거,중상,차대차 - 기타,안전운전 의무 불이행,맑음,0,4
2019년 다발지,경기도 시흥시3,경기도 시흥시 정왕동(정왕시장입구 부근),2019-02-21,14시,경상,여,48세,자전거,경상,여,51세,승용차,상해없음,차대차 - 측면충돌,안전운전 의무 불이행,맑음,0,4
2019년 다발지,경기도 시흥시3,경기도 시흥시 정왕동(정왕시장입구 부근),2019-07-14,19시,경상,여,57세,자전거,경상,남,38세,승용차,상해없음,차대차 - 정면충돌,기타,맑음,0,4
2019년 다발지,경기도 시흥시3,경기도 시흥시 정왕동(정왕시장입구 부근),2019-09-11,18시,경상,남,33세,승용차,상해없음,남,39세,자전거,경상,차대차 - 측면충돌,교차로 통행방법 위반,맑음,0,4
2019년 다발지,경기도 하남시1,경기도 하남시 망월동(미사강변센트럴자이 부근),2019-05-29,11시,중상,남,36세,화물차,상해없음,남,46세,자전거,중상,차대차 - 기타,안전운전 의무 불이행,맑음,1,5
2019년 다발지,경기도 하남시1,경기도 하남시 망월동(미사강변센트럴자이 부근),2019-07-31,23시,경상,남,40세,화물차,상해없음,여,54세,자전거,경상,차대차 - 기타,안전운전 의무 불이행,비,1,5
2019년 다발지,경기도 하남시1,경기도 하남시 망월동(미사강변센트럴자이 부근),2019-09-27,11시,사망,여,34세,승용차,상해없음,여,66세,자전거,사망,차대차 - 기타,안전운전 의무 불이행,맑음,1,5
2019년 다발지,경기도 하남시1,경기도 하남시 망월동(미사강변센트럴자이 부근),2019-11-02,21시,중상,여,58세,승용차,상해없음,여,42세,자전거,중상,차대차 - 기타,안전운전 의무 불이행,맑음,1,5
2019년 다발지,경기도 하남시1,경기도 하남시 망월동(미사강변센트럴자이 부근),2019-11-14,23시,중상,남,47세,승용차,상해없음,남,15세,자전거,중상,차대차 - 기타,안전운전 의무 불이행,맑음,1,5
2019년 다발지,경기도 하남시2,경기도 하남시 덕풍동(광진교앞사거리 부근),2019-02-05,12시,경상,남,32세,자전거,경상,남,38세,승용차,상해없음,차대차 - 측면충돌,신호위반,맑음,0,4
2019년 다발지,경기도 하남시2,경기도 하남시 덕풍동(광진교앞사거리 부근),2019-05-20,00시,중상,여,56세,이륜차,상해없음,남,81세,자전거,중상,차대차 - 기타,안전운전 의무 불이행,맑음,0,4
2019년 다발지,경기도 하남시2,경기도 하남시 덕풍동(광진교앞사거리 부근),2019-06-29,17시,중상,남,84세,자전거,중상,남,31세,승용차,상해없음,차대차 - 기타,신호위반,맑음,0,4
2019년 다발지,경기도 하남시2,경기도 하남시 덕풍동(광진교앞사거리 부근),2019-09-19,06시,중상,남,77세,자전거,중상,남,58세,승용차,상해없음,차대차 - 기타,기타,맑음,0,4
2019년 다발지,경기도 하남시3,경기도 하남시 망월동(우성르보아파크 부근),2019-02-27,13시,중상,남,37세,승용차,상해없음,남,81세,자전거,중상,차대차 - 측면충돌,신호위반,맑음,0,5
2019년 다발지,경기도 하남시3,경기도 하남시 망월동(우성르보아파크 부근),2019-05-20,20시,경상,남,19세,원동기장치자전거,상해없음,남,38세,자전거,경상,차대차 - 기타,신호위반,맑음,0,5
2019년 다발지,경기도 하남시3,경기도 하남시 망월동(우성르보아파크 부근),2019-07-01,18시,경상,남,40세,자전거,경상,남,49세,이륜차,경상,차대차 - 기타,중앙선 침범,맑음,0,5
2019년 다발지,경기도 하남시3,경기도 하남시 망월동(우성르보아파크 부근),2019-10-04,17시,중상,여,37세,승용차,상해없음,남,45세,자전거,중상,차대차 - 측면충돌,신호위반,맑음,0,5
2019년 다발지,경기도 하남시4,경기도 하남시 망월동(하남미사스타파크 부근),2019-04-03,22시,부상신고,남,15세,자전거,부상신고,남,39세,이륜차,상해없음,차대차 - 기타,안전운전 의무 불이행,맑음,0,4
2019년 다발지,경기도 하남시4,경기도 하남시 망월동(하남미사스타파크 부근),2019-04-12,13시,중상,여,25세,자전거,상해없음,여,77세,보행자,중상,차대사람 - 기타,안전운전 의무 불이행,맑음,0,4
2019년 다발지,경기도 하남시4,경기도 하남시 망월동(하남미사스타파크 부근),2019-05-23,08시,부상신고,여,44세,자전거,부상신고,남,28세,자전거,상해없음,차대차 - 기타,안전운전 의무 불이행,맑음,0,4
2019년 다발지,경기도 하남시4,경기도 하남시 망월동(하남미사스타파크 부근),2019-06-15,10시,경상,남,27세,승용차,상해없음,남,25세,자전거,경상,차대차 - 측면충돌,안전운전 의무 불이행,맑음,0,4
2019년 다발지,경기도 김포시1,경기도 김포시 구래동(김포한강9로76번길2 부근),2019-03-30,22시,중상,남,59세,승용차,상해없음,남,56세,자전거,중상,차대차 - 추돌,안전운전 의무 불이행,맑음,0,6
2019년 다발지,경기도 김포시1,경기도 김포시 구래동(김포한강9로76번길2 부근),2019-08-23,20시,경상,남,52세,자전거,상해없음,남,4세,보행자,경상,차대사람 - 기타,안전운전 의무 불이행,맑음,0,6
2019년 다발지,경기도 김포시1,경기도 김포시 구래동(김포한강9로76번길2 부근),2019-09-04,17시,경상,남,37세,승용차,상해없음,남,13세,자전거,경상,차대차 - 측면충돌,안전운전 의무 불이행,맑음,0,6
2019년 다발지,경기도 김포시1,경기도 김포시 구래동(김포한강9로76번길2 부근),2019-09-09,10시,경상,남,25세,화물차,상해없음,남,37세,자전거,경상,차대차 - 기타,안전운전 의무 불이행,맑음,0,6
2019년 다발지,경기도 김포시1,경기도 김포시 구래동(김포한강9로76번길2 부근),2019-10-01,17시,경상,남,58세,이륜차,상해없음,남,82세,자전거,경상,차대차 - 기타,신호위반,맑음,0,6
2019년 다발지,경기도 김포시1,경기도 김포시 구래동(김포한강9로76번길2 부근),2019-10-26,09시,경상,남,58세,화물차,상해없음,여,25세,자전거,경상,차대차 - 측면충돌,안전운전 의무 불이행,맑음,0,6
2019년 다발지,경기도 김포시2,경기도 김포시 고촌읍(고촌읍전호리573 부근),2019-07-06,21시,경상,남,13세,자전거,상해없음,남,37세,보행자,경상,차대사람 - 기타,보행자 보호의무 위반,맑음,0,4
2019년 다발지,경기도 김포시2,경기도 김포시 고촌읍(고촌읍전호리573 부근),2019-08-08,08시,경상,남,46세,자전거,경상,남,38세,자전거,기타불명,차대차 - 정면충돌,안전운전 의무 불이행,맑음,0,4
2019년 다발지,경기도 김포시2,경기도 김포시 고촌읍(고촌읍전호리573 부근),2019-08-18,13시,부상신고,남,54세,자전거,상해없음,남,65세,자전거,부상신고,차대차 - 기타,안전운전 의무 불이행,맑음,0,4
2019년 다발지,경기도 김포시2,경기도 김포시 고촌읍(고촌읍전호리573 부근),2019-09-14,19시,경상,여,37세,자전거,경상,남,50세,자전거,상해없음,차대차 - 기타,안전운전 의무 불이행,맑음,0,4
2019년 다발지,경기도 양주시1,경기도 양주시 고암동(고암길58 부근),2019-05-22,08시,중상,남,17세,자전거,기타불명,남,7세,보행자,중상,차대사람 - 횡단중,안전운전 의무 불이행,맑음,0,4
2019년 다발지,경기도 양주시1,경기도 양주시 고암동(고암길58 부근),2019-05-29,20시,중상,남,21세,이륜차,상해없음,여,9세,자전거,중상,차대차 - 측면충돌,신호위반,맑음,0,4
2019년 다발지,경기도 양주시1,경기도 양주시 고암동(고암길58 부근),2019-06-10,15시,경상,남,53세,자전거,상해없음,여,11세,보행자,경상,차대사람 - 횡단중,안전운전 의무 불이행,맑음,0,4
2019년 다발지,경기도 양주시1,경기도 양주시 고암동(고암길58 부근),2019-10-01,19시,경상,남,60세,승용차,상해없음,남,12세,자전거,경상,차대차 - 기타,신호위반,맑음,0,4
2019년 다발지,강원도 춘천시1,강원도 춘천시 퇴계동(퇴계자연석돌구이 부근),2019-07-26,16시,중상,남,51세,승용차,상해없음,남,51세,자전거,중상,차대차 - 후진중충돌,안전운전 의무 불이행,맑음,0,4
2019년 다발지,강원도 춘천시1,강원도 춘천시 퇴계동(퇴계자연석돌구이 부근),2019-08-23,17시,중상,남,81세,자전거,중상,남,45세,화물차,상해없음,차대차 - 측면충돌,안전운전 의무 불이행,맑음,0,4
2019년 다발지,강원도 춘천시1,강원도 춘천시 퇴계동(퇴계자연석돌구이 부근),2019-08-28,16시,경상,여,35세,승용차,상해없음,남,69세,자전거,경상,차대차 - 측면충돌,안전운전 의무 불이행,맑음,0,4
2019년 다발지,강원도 춘천시1,강원도 춘천시 퇴계동(퇴계자연석돌구이 부근),2019-10-26,15시,경상,여,51세,승용차,상해없음,남,81세,자전거,경상,차대차 - 측면충돌,안전운전 의무 불이행,맑음,0,4
2019년 다발지,강원도 원주시1,강원도 원주시 단계동(장미공원길27 부근),2019-05-03,09시,부상신고,여,20세,자전거,부상신고,남,59세,승용차,상해없음,차대차 - 추돌,안전운전 의무 불이행,맑음,0,4
2019년 다발지,강원도 원주시1,강원도 원주시 단계동(장미공원길27 부근),2019-07-06,23시,경상,남,32세,승용차,상해없음,남,37세,자전거,경상,차대차 - 기타,안전운전 의무 불이행,맑음,0,4
2019년 다발지,강원도 원주시1,강원도 원주시 단계동(장미공원길27 부근),2019-12-22,17시,중상,남,17세,자전거,상해없음,여,68세,보행자,중상,차대사람 - 기타,기타,맑음,0,4
2019년 다발지,강원도 원주시1,강원도 원주시 단계동(장미공원길27 부근),2019-12-30,12시,경상,남,72세,승용차,상해없음,남,79세,자전거,경상,차대차 - 측면충돌,안전운전 의무 불이행,맑음,0,4
2019년 다발지,강원도 원주시2,강원도 원주시 개운동(행구로21 부근),2019-04-29,17시,경상,여,36세,승용차,상해없음,남,12세,자전거,경상,차대차 - 측면충돌,기타,맑음,1,2
2019년 다발지,강원도 원주시2,강원도 원주시 개운동(행구로21 부근),2019-05-03,07시,사망,남,81세,자전거,사망,없음,없음,없음,없음,차량단독 - 전도,안전운전 의무 불이행,맑음,1,2
2019년 다발지,강원도 원주시2,강원도 원주시 개운동(행구로21 부근),2019-10-08,15시,경상,남,56세,승용차,상해없음,여,9세,자전거,경상,차대차 - 측면충돌,안전운전 의무 불이행,맑음,1,2
2019년 다발지,강원도 동해시1,강원도 동해시 천곡동(쉐보레자동차입구 부근),2019-04-09,09시,중상,남,62세,승용차,상해없음,남,66세,자전거,중상,차대차 - 측면충돌,안전운전 의무 불이행,맑음,0,4
2019년 다발지,강원도 동해시1,강원도 동해시 천곡동(쉐보레자동차입구 부근),2019-06-17,17시,중상,남,55세,승용차,상해없음,여,68세,자전거,중상,차대차 - 기타,기타,맑음,0,4
2019년 다발지,강원도 동해시1,강원도 동해시 천곡동(쉐보레자동차입구 부근),2019-11-01,12시,중상,남,66세,승용차,상해없음,남,41세,자전거,중상,차대차 - 측면충돌,안전운전 의무 불이행,맑음,0,4
2019년 다발지,강원도 동해시1,강원도 동해시 천곡동(쉐보레자동차입구 부근),2019-11-21,19시,중상,남,62세,승용차,상해없음,남,71세,자전거,중상,차대차 - 측면충돌,안전운전 의무 불이행,맑음,0,4
2019년 다발지,충청북도 청주시 상당구1,충청북도 청주시 상당구 석교동(청남교사거리 부근),2019-03-16,08시,중상,남,58세,화물차,상해없음,남,85세,자전거,중상,차대차 - 측면충돌,신호위반,맑음,0,10
2019년 다발지,충청북도 청주시 상당구1,충청북도 청주시 상당구 석교동(청남교사거리 부근),2019-04-28,11시,경상,남,83세,자전거,경상,남,59세,화물차,상해없음,차대차 - 측면충돌,신호위반,맑음,0,10