다발지구분,다발지시군구,지점명,발생일,발생시간대,사고내용,가해자성별,가해자연령,가해자차종,가해자신체상해정도,피해자성별,피해자연령,피해자차종,피해자신체상해정도,사고유형,법규위반사항,기상상태,사망자수,부상자수
2019년 다발지,경상북도 포항시 북구1,경상북도 포항시 북구 죽도동(양학천로136 부근),2019-05-03,09시,중상,여,46세,승용차,상해없음,남,69세,자전거,중상,차대차 - 기타,안전운전 의무 불이행,맑음,0,6
2019년 다발지,경상북도 포항시 북구1,경상북도 포항시 북구 죽도동(양학천로136 부근),2019-05-11,15시,중상,여,32세,승용차,상해없음,남,71세,자전거,중상,차대차 - 측면충돌,안전운전 의무 불이행,맑음,0,6
2019년 다발지,경상북도 포항시 북구1,경상북도 포항시 북구 죽도동(양학천로136 부근),2019-06-24,15시,중상,남,47세,승용차,상해없음,남,76세,자전거,중상,차대차 - 측면충돌,안전운전 의무 불이행,맑음,0,6
2019년 다발지,경상북도 포항시 북구2,경상북도 포항시 북구 죽도동(오거리 부근),2019-01-11,18시,경상,여,59세,승용차,상해없음,남,75세,자전거,경상,차대차 - 기타,안전운전 의무 불이행,맑음,0,6
2019년 다발지,경상북도 포항시 북구2,경상북도 포항시 북구 죽도동(오거리 부근),2019-05-30,10시,중상,남,42세,자전거,중상,남,38세,승용차,상해없음,차대차 - 측면충돌,신호위반,맑음,0,6
2019년 다발지,경상북도 포항시 북구2,경상북도 포항시 북구 죽도동(오거리 부근),2019-07-14,18시,경상,남,66세,승용차,상해없음,남,82세,자전거,경상,차대차 - 측면충돌,안전운전 의무 불이행,맑음,0,6
2019년 다발지,경상북도 포항시 북구2,경상북도 포항시 북구 죽도동(오거리 부근),2019-07-31,17시,경상,남,45세,승용차,상해없음,남,24세,자전거,경상,차대차 - 측면충돌,안전운전 의무 불이행,맑음,0,6
2019년 다발지,경상북도 포항시 북구2,경상북도 포항시 북구 죽도동(오거리 부근),2019-08-29,18시,경상,남,60세,자전거,경상,여,29세,승용차,상해없음,차대차 - 측면충돌,안전운전 의무 불이행,맑음,0,6
2019년 다발지,경상북도 포항시 북구2,경상북도 포항시 북구 죽도동(오거리 부근),2019-09-30,19시,중상,남,68세,자전거,중상,남,41세,승용차,상해없음,차대차 - 측면충돌,중앙선 침범,흐림,0,6
2019년 다발지,경상북도 포항시 북구3,경상북도 포항시 북구 죽도동(5호광장 부근),2019-02-26,14시,중상,여,58세,승용차,상해없음,여,60세,자전거,중상,차대차 - 측면충돌,안전운전 의무 불이행,맑음,0,4
2019년 다발지,경상북도 포항시 북구3,경상북도 포항시 북구 죽도동(5호광장 부근),2019-04-22,15시,중상,여,65세,자전거,중상,남,77세,승용차,상해없음,차대차 - 측면충돌,안전운전 의무 불이행,맑음,0,4
2019년 다발지,경상북도 포항시 북구3,경상북도 포항시 북구 죽도동(5호광장 부근),2019-06-22,14시,경상,남,57세,자전거,경상,남,34세,승용차,상해없음,차대차 - 측면충돌,안전운전 의무 불이행,맑음,0,4
2019년 다발지,경상북도 포항시 북구3,경상북도 포항시 북구 죽도동(5호광장 부근),2019-08-12,15시,중상,남,22세,자전거,중상,남,51세,승합차,상해없음,차대차 - 측면충돌,안전운전 의무 불이행,맑음,0,4
2019년 다발지,경상북도 경주시1,경상북도 경주시 성동동(원화로345 부근),2019-02-15,02시,중상,남,50세,승용차,상해없음,남,61세,자전거,중상,차대차 - 측면충돌,신호위반,맑음,0,11
2019년 다발지,경상북도 경주시1,경상북도 경주시 성동동(원화로345 부근),2019-02-27,17시,경상,남,47세,승용차,상해없음,남,85세,자전거,경상,차대차 - 측면충돌,안전운전 의무 불이행,맑음,0,11
2019년 다발지,경상북도 경주시1,경상북도 경주시 성동동(원화로345 부근),2019-04-27,23시,중상,남,21세,이륜차,상해없음,남,53세,자전거,중상,차대차 - 측면충돌,신호위반,맑음,0,11
2019년 다발지,경상북도 경주시1,경상북도 경주시 성동동(원화로345 부근),2019-07-02,13시,중상,남,58세,화물차,상해없음,여,63세,자전거,중상,차대차 - 측면충돌,안전운전 의무 불이행,맑음,0,11
2019년 다발지,경상북도 경주시1,경상북도 경주시 성동동(원화로345 부근),2019-07-27,22시,경상,남,48세,이륜차,상해없음,여,59세,자전거,경상,차대차 - 측면충돌,신호위반,맑음,0,11
2019년 다발지,경상북도 경주시1,경상북도 경주시 성동동(원화로345 부근),2019-08-20,11시,경상,남,35세,승합차,상해없음,남,74세,자전거,경상,차대차 - 측면충돌,안전운전 의무 불이행,맑음,0,11
2019년 다발지,경상북도 경주시1,경상북도 경주시 성동동(원화로345 부근),2019-09-05,05시,경상,남,19세,이륜차,상해없음,남,70세,자전거,경상,차대차 - 측면충돌,신호위반,맑음,0,11
2019년 다발지,경상북도 경주시1,경상북도 경주시 성동동(원화로345 부근),2019-09-17,15시,중상,여,23세,승용차,상해없음,여,63세,자전거,중상,차대차 - 측면충돌,안전운전 의무 불이행,맑음,0,11
2019년 다발지,경상북도 경주시1,경상북도 경주시 성동동(원화로345 부근),2019-11-07,17시,중상,여,28세,승용차,상해없음,남,60세,자전거,중상,차대차 - 측면충돌,안전운전 의무 불이행,맑음,0,11
2019년 다발지,경상북도 경주시1,경상북도 경주시 성동동(원화로345 부근),2019-11-18,19시,경상,남,45세,자전거,경상,남,66세,승합차,상해없음,차대차 - 측면충돌,안전운전 의무 불이행,맑음,0,11
2019년 다발지,경상북도 경주시1,경상북도 경주시 성동동(원화로345 부근),2019-11-26,10시,중상,남,49세,승합차,상해없음,여,61세,자전거,중상,차대차 - 측면충돌,기타,맑음,0,11
2019년 다발지,경상북도 경주시2,경상북도 경주시 황오동(팔우정로터리 부근),2019-01-24,10시,중상,여,51세,승용차,상해없음,여,78세,자전거,중상,차대차 - 측면충돌,안전운전 의무 불이행,맑음,0,9
2019년 다발지,경상북도 경주시2,경상북도 경주시 황오동(팔우정로터리 부근),2019-04-24,08시,중상,남,58세,승용차,상해없음,남,75세,자전거,중상,차대차 - 측면충돌,안전운전 의무 불이행,비,0,9
2019년 다발지,경상북도 경주시2,경상북도 경주시 황오동(팔우정로터리 부근),2019-06-25,17시,경상,남,38세,승용차,상해없음,여,69세,자전거,경상,차대차 - 기타,안전운전 의무 불이행,맑음,0,9
2019년 다발지,경상북도 경주시2,경상북도 경주시 황오동(팔우정로터리 부근),2019-07-14,08시,중상,남,63세,화물차,상해없음,여,53세,자전거,중상,차대차 - 측면충돌,안전운전 의무 불이행,맑음,0,9
2019년 다발지,경상북도 경주시2,경상북도 경주시 황오동(팔우정로터리 부근),2019-07-18,15시,중상,남,38세,승용차,상해없음,남,69세,자전거,중상,차대차 - 측면충돌,안전운전 의무 불이행,맑음,0,9
2019년 다발지,경상북도 경주시2,경상북도 경주시 황오동(팔우정로터리 부근),2019-09-25,01시,경상,남,51세,승용차,상해없음,남,52세,자전거,경상,차대차 - 측면충돌,안전운전 의무 불이행,맑음,0,9
2019년 다발지,경상북도 경주시2,경상북도 경주시 황오동(팔우정로터리 부근),2019-10-19,11시,경상,여,61세,자전거,경상,여,31세,승용차,상해없음,차대차 - 측면충돌,안전운전 의무 불이행,맑음,0,9
2019년 다발지,경상북도 경주시2,경상북도 경주시 황오동(팔우정로터리 부근),2019-10-26,11시,중상,남,80세,자전거,중상,남,50세,승용차,상해없음,차대차 - 측면충돌,신호위반,맑음,0,9
2019년 다발지,경상북도 경주시2,경상북도 경주시 황오동(팔우정로터리 부근),2019-12-09,11시,경상,남,37세,화물차,상해없음,남,52세,자전거,경상,차대차 - 측면충돌,안전운전 의무 불이행,맑음,0,9
2019년 다발지,경상북도 경주시3,경상북도 경주시 서부동(금성로295 부근),2019-03-29,00시,경상,남,49세,승용차,상해없음,남,66세,자전거,경상,차대차 - 측면충돌,안전운전 의무 불이행,맑음,0,7
2019년 다발지,경상북도 경주시3,경상북도 경주시 서부동(금성로295 부근),2019-04-01,08시,중상,남,47세,승용차,상해없음,남,61세,자전거,중상,차대차 - 측면충돌,안전운전 의무 불이행,맑음,0,7
2019년 다발지,경상북도 경주시3,경상북도 경주시 서부동(금성로295 부근),2019-05-18,19시,중상,남,61세,승용차,상해없음,여,42세,자전거,중상,차대차 - 정면충돌,안전운전 의무 불이행,맑음,0,7
2019년 다발지,경상북도 경주시3,경상북도 경주시 서부동(금성로295 부근),2019-10-23,08시,경상,남,63세,승용차,상해없음,여,59세,자전거,경상,차대차 - 측면충돌,안전운전 의무 불이행,맑음,0,7
2019년 다발지,경상북도 경주시3,경상북도 경주시 서부동(금성로295 부근),2019-10-31,17시,중상,여,49세,승용차,상해없음,여,67세,자전거,중상,차대차 - 측면충돌,안전운전 의무 불이행,맑음,0,7
2019년 다발지,경상북도 경주시3,경상북도 경주시 서부동(금성로295 부근),2019-12-16,14시,중상,남,45세,승용차,상해없음,남,87세,자전거,중상,차대차 - 측면충돌,안전운전 의무 불이행,맑음,0,7
2019년 다발지,경상북도 경주시3,경상북도 경주시 서부동(금성로295 부근),2019-12-16,17시,중상,여,61세,승용차,상해없음,남,76세,자전거,중상,차대차 - 측면충돌,안전운전 의무 불이행,맑음,0,7
2019년 다발지,경상북도 김천시1,경상북도 김천시 평화동(자산로1732 부근),2019-03-10,11시,중상,남,55세,승용차,상해없음,여,69세,자전거,중상,차대차 - 측면충돌,안전운전 의무 불이행,맑음,0,5
2019년 다발지,경상북도 김천시1,경상북도 김천시 평화동(자산로1732 부근),2019-06-27,16시,중상,여,54세,자전거,중상,남,64세,승용차,상해없음,차대차 - 측면충돌,안전운전 의무 불이행,맑음,0,5
2019년 다발지,경상북도 김천시1,경상북도 김천시 평화동(자산로1732 부근),2019-07-16,08시,중상,여,69세,승용차,상해없음,남,75세,자전거,중상,차대차 - 측면충돌,안전운전 의무 불이행,맑음,0,5
2019년 다발지,경상북도 김천시1,경상북도 김천시 평화동(자산로1732 부근),2019-10-17,17시,경상,남,53세,승용차,상해없음,남,70세,자전거,경상,차대차 - 측면충돌,안전운전 의무 불이행,맑음,0,5
2019년 다발지,경상북도 김천시1,경상북도 김천시 평화동(자산로1732 부근),2019-12-16,11시,경상,남,66세,화물차,상해없음,남,70세,자전거,경상,차대차 - 기타,교차로 통행방법 위반,맑음,0,5
2019년 다발지,경상북도 영주시1,경상북도 영주시 가흥동(대동로149 부근),2019-01-02,11시,중상,남,77세,자전거,중상,남,38세,화물차,상해없음,차대차 - 측면충돌,안전운전 의무 불이행,맑음,0,7
2019년 다발지,경상북도 영주시1,경상북도 영주시 가흥동(대동로149 부근),2019-03-07,16시,경상,여,41세,승용차,상해없음,남,69세,자전거,경상,차대차 - 측면충돌,안전운전 의무 불이행,맑음,0,7
2019년 다발지,경상북도 영주시1,경상북도 영주시 가흥동(대동로149 부근),2019-05-08,13시,중상,남,69세,화물차,상해없음,남,84세,자전거,중상,차대차 - 측면충돌,안전운전 의무 불이행,맑음,0,7
2019년 다발지,경상북도 영주시1,경상북도 영주시 가흥동(대동로149 부근),2019-05-13,17시,경상,남,49세,화물차,상해없음,남,80세,자전거,경상,차대차 - 측면충돌,교차로 통행방법 위반,맑음,0,7
2019년 다발지,경상북도 영주시1,경상북도 영주시 가흥동(대동로149 부근),2019-07-22,10시,경상,남,79세,승용차,상해없음,남,12세,자전거,경상,차대차 - 추돌,안전운전 의무 불이행,맑음,0,7
2019년 다발지,경상북도 영주시1,경상북도 영주시 가흥동(대동로149 부근),2019-08-23,07시,경상,여,59세,승용차,상해없음,남,77세,자전거,경상,차대차 - 측면충돌,안전운전 의무 불이행,맑음,0,7
2019년 다발지,경상북도 영주시1,경상북도 영주시 가흥동(대동로149 부근),2019-09-25,07시,중상,남,47세,승용차,상해없음,남,73세,자전거,중상,차대차 - 측면충돌,안전운전 의무 불이행,맑음,0,7
2019년 다발지,경상북도 영주시2,경상북도 영주시 영주동(광복로10 부근),2019-01-16,13시,중상,남,41세,승합차,상해없음,남,73세,자전거,중상,차대차 - 측면충돌,안전운전 의무 불이행,맑음,0,4
2019년 다발지,경상북도 영주시2,경상북도 영주시 영주동(광복로10 부근),2019-04-22,12시,경상,남,63세,화물차,상해없음,남,65세,자전거,경상,차대차 - 측면충돌,안전운전 의무 불이행,맑음,0,4
2019년 다발지,경상북도 영주시2,경상북도 영주시 영주동(광복로10 부근),2019-06-11,20시,경상,남,51세,승합차,상해없음,남,14세,자전거,경상,차대차 - 측면충돌,안전운전 의무 불이행,맑음,0,4
2019년 다발지,경상북도 영주시2,경상북도 영주시 영주동(광복로10 부근),2019-09-25,20시,중상,남,75세,승용차,상해없음,여,70세,자전거,중상,차대차 - 측면충돌,신호위반,맑음,0,4
2019년 다발지,경상북도 상주시1,경상북도 상주시 서성동(햇빛촌입구 부근),2019-01-17,17시,경상,여,39세,승용차,상해없음,남,78세,자전거,경상,차대차 - 측면충돌,안전운전 의무 불이행,맑음,0,10
2019년 다발지,경상북도 상주시1,경상북도 상주시 서성동(햇빛촌입구 부근),2019-02-15,13시,경상,여,60세,자전거,경상,여,71세,보행자,상해없음,차대사람 - 길가장자리구역통행중,안전운전 의무 불이행,맑음,0,10
2019년 다발지,경상북도 상주시1,경상북도 상주시 서성동(햇빛촌입구 부근),2019-04-02,09시,경상,여,83세,자전거,경상,남,55세,화물차,상해없음,차대차 - 측면충돌,안전운전 의무 불이행,맑음,0,10
2019년 다발지,경상북도 상주시1,경상북도 상주시 서성동(햇빛촌입구 부근),2019-05-24,16시,경상,남,62세,승용차,상해없음,남,12세,자전거,경상,차대차 - 측면충돌,안전운전 의무 불이행,맑음,0,10
2019년 다발지,경상북도 상주시1,경상북도 상주시 서성동(햇빛촌입구 부근),2019-06-21,08시,경상,남,14세,자전거,경상,여,27세,보행자,경상,차대사람 - 횡단중,보행자 보호의무 위반,맑음,0,10
2019년 다발지,경상북도 상주시1,경상북도 상주시 서성동(햇빛촌입구 부근),2019-08-13,10시,경상,남,72세,자전거,경상,남,30세,승용차,상해없음,차대차 - 측면충돌,안전운전 의무 불이행,맑음,0,10
2019년 다발지,경상북도 상주시1,경상북도 상주시 서성동(햇빛촌입구 부근),2019-10-31,23시,중상,남,65세,승용차,상해없음,여,69세,자전거,중상,차대차 - 기타,교차로 통행방법 위반,맑음,0,10
2019년 다발지,경상북도 상주시1,경상북도 상주시 서성동(햇빛촌입구 부근),2019-11-26,12시,경상,남,71세,승용차,상해없음,남,69세,자전거,경상,차대차 - 측면충돌,안전운전 의무 불이행,맑음,0,10
2019년 다발지,경상북도 상주시1,경상북도 상주시 서성동(햇빛촌입구 부근),2019-11-26,14시,중상,남,72세,화물차,상해없음,남,77세,자전거,중상,차대차 - 측면충돌,안전운전 의무 불이행,맑음,0,10
2019년 다발지,경상북도 상주시2,경상북도 상주시 서문동(중앙사거리 부근),2019-01-14,14시,부상신고,남,78세,자전거,부상신고,남,57세,승용차,상해없음,차대차 - 측면충돌,안전운전 의무 불이행,맑음,0,9
2019년 다발지,경상북도 상주시2,경상북도 상주시 서문동(중앙사거리 부근),2019-01-31,15시,경상,남,15세,자전거,경상,남,59세,승용차,상해없음,차대차 - 측면충돌,안전운전 의무 불이행,맑음,0,9
2019년 다발지,경상북도 상주시2,경상북도 상주시 서문동(중앙사거리 부근),2019-04-10,18시,중상,남,10세,자전거,중상,여,47세,승용차,상해없음,차대차 - 측면충돌,안전운전 의무 불이행,맑음,0,9
2019년 다발지,경상북도 상주시2,경상북도 상주시 서문동(중앙사거리 부근),2019-05-10,14시,경상,남,49세,승용차,상해없음,여,48세,자전거,경상,차대차 - 측면충돌,교차로 통행방법 위반,맑음,0,9
2019년 다발지,경상북도 상주시2,경상북도 상주시 서문동(중앙사거리 부근),2019-05-30,09시,경상,남,27세,승용차,상해없음,여,78세,자전거,경상,차대차 - 측면충돌,교차로 통행방법 위반,맑음,0,9
2019년 다발지,경상북도 상주시2,경상북도 상주시 서문동(중앙사거리 부근),2019-08-02,13시,중상,남,52세,이륜차,상해없음,여,69세,자전거,중상,차대차 - 측면충돌,안전운전 의무 불이행,맑음,0,9
2019년 다발지,경상북도 상주시2,경상북도 상주시 서문동(중앙사거리 부근),2019-08-05,10시,경상,여,56세,승용차,상해없음,남,12세,자전거,경상,차대차 - 측면충돌,안전운전 의무 불이행,맑음,0,9
2019년 다발지,경상북도 상주시2,경상북도 상주시 서문동(중앙사거리 부근),2019-09-23,13시,경상,남,51세,승용차,상해없음,여,52세,자전거,경상,차대차 - 후진중충돌,안전운전 의무 불이행,맑음,0,9
2019년 다발지,경상북도 상주시2,경상북도 상주시 서문동(중앙사거리 부근),2019-10-17,08시,경상,여,15세,자전거,경상,여,55세,승용차,상해없음,차대차 - 정면충돌,교차로 통행방법 위반,맑음,0,9
2019년 다발지,경상북도 상주시3,경상북도 상주시 남성동(대구은행상주시청출장소출장소 부근),2019-01-09,09시,경상,여,34세,승용차,상해없음,여,59세,자전거,경상,차대차 - 측면충돌,안전운전 의무 불이행,맑음,0,6
2019년 다발지,경상북도 상주시3,경상북도 상주시 남성동(대구은행상주시청출장소출장소 부근),2019-08-26,08시,경상,여,44세,승용차,상해없음,남,59세,자전거,경상,차대차 - 기타,기타,맑음,0,6
2019년 다발지,경상북도 상주시3,경상북도 상주시 남성동(대구은행상주시청출장소출장소 부근),2019-09-05,15시,경상,여,38세,승용차,상해없음,남,8세,자전거,경상,차대차 - 측면충돌,안전운전 의무 불이행,맑음,0,6
2019년 다발지,경상북도 상주시3,경상북도 상주시 남성동(대구은행상주시청출장소출장소 부근),2019-10-11,08시,경상,여,79세,자전거,경상,여,40세,승용차,상해없음,차대차 - 측면충돌,교차로 통행방법 위반,맑음,0,6
2019년 다발지,경상북도 상주시3,경상북도 상주시 남성동(대구은행상주시청출장소출장소 부근),2019-10-31,17시,경상,남,66세,화물차,상해없음,여,53세,자전거,경상,차대차 - 측면충돌,안전운전 의무 불이행,맑음,0,6
2019년 다발지,경상북도 상주시3,경상북도 상주시 남성동(대구은행상주시청출장소출장소 부근),2019-11-04,19시,경상,여,35세,승용차,상해없음,남,71세,자전거,경상,차대차 - 측면충돌,안전운전 의무 불이행,맑음,0,6
2019년 다발지,경상북도 상주시4,경상북도 상주시 냉림동(냉림1주공아파트입구 부근),2019-01-14,18시,경상,남,39세,승용차,상해없음,남,11세,자전거,경상,차대차 - 측면충돌,안전운전 의무 불이행,맑음,0,4
2019년 다발지,경상북도 상주시4,경상북도 상주시 냉림동(냉림1주공아파트입구 부근),2019-04-16,19시,중상,남,66세,화물차,상해없음,여,60세,자전거,중상,차대차 - 측면충돌,교차로 통행방법 위반,맑음,0,4
2019년 다발지,경상북도 상주시4,경상북도 상주시 냉림동(냉림1주공아파트입구 부근),2019-10-11,17시,중상,여,47세,승용차,상해없음,남,61세,자전거,중상,차대차 - 측면충돌,교차로 통행방법 위반,맑음,0,4
2019년 다발지,경상북도 상주시4,경상북도 상주시 냉림동(냉림1주공아파트입구 부근),2019-12-02,17시,경상,남,14세,자전거,경상,여,45세,승용차,상해없음,차대차 - 정면충돌,안전운전 의무 불이행,맑음,0,4
2019년 다발지,경상북도 경산시1,경상북도 경산시 삼북동(경안로124 부근),2019-04-06,06시,경상,남,27세,승용차,기타불명,여,64세,자전거,경상,차대차 - 기타,안전운전 의무 불이행,맑음,1,3
2019년 다발지,경상북도 경산시1,경상북도 경산시 삼북동(경안로124 부근),2019-06-25,18시,부상신고,여,44세,승용차,기타불명,남,57세,자전거,부상신고,차대차 - 기타,안전운전 의무 불이행,맑음,1,3
2019년 다발지,경상북도 경산시1,경상북도 경산시 삼북동(경안로124 부근),2019-09-17,02시,사망,남,24세,승용차,상해없음,남,59세,자전거,사망,차대차 - 측면충돌,안전운전 의무 불이행,맑음,1,3
2019년 다발지,경상북도 경산시1,경상북도 경산시 삼북동(경안로124 부근),2019-09-25,19시,경상,남,29세,승용차,상해없음,남,56세,자전거,경상,차대차 - 측면충돌,안전운전 의무 불이행,맑음,1,3
2019년 다발지,경상북도 의성군1,경상북도 의성군 의성읍(북원사거리 부근),2019-03-29,13시,중상,남,66세,화물차,상해없음,여,76세,자전거,중상,차대차 - 측면충돌,안전운전 의무 불이행,맑음,0,4
2019년 다발지,경상북도 의성군1,경상북도 의성군 의성읍(북원사거리 부근),2019-09-03,17시,중상,남,80세,자전거,중상,여,41세,승용차,상해없음,차대차 - 기타,안전운전 의무 불이행,맑음,0,4
2019년 다발지,경상북도 의성군1,경상북도 의성군 의성읍(북원사거리 부근),2019-09-10,00시,중상,남,54세,승용차,상해없음,여,76세,자전거,중상,차대차 - 측면충돌,기타,맑음,0,4
2019년 다발지,경상북도 의성군1,경상북도 의성군 의성읍(북원사거리 부근),2019-11-18,17시,중상,남,34세,승용차,상해없음,여,72세,자전거,중상,차대차 - 측면충돌,안전운전 의무 불이행,맑음,0,4
2019년 다발지,경상남도 창원시 의창구1,경상남도 창원시 의창구 도계동(서부경찰서사거리 부근),2019-05-26,05시,경상,남,70세,화물차,상해없음,남,22세,자전거,경상,차대차 - 측면충돌,신호위반,맑음,0,4
2019년 다발지,경상남도 창원시 의창구1,경상남도 창원시 의창구 도계동(서부경찰서사거리 부근),2019-05-31,15시,경상,남,74세,승용차,상해없음,남,52세,자전거,경상,차대차 - 기타,안전운전 의무 불이행,맑음,0,4
2019년 다발지,경상남도 창원시 의창구1,경상남도 창원시 의창구 도계동(서부경찰서사거리 부근),2019-10-09,00시,경상,남,67세,자전거,경상,남,54세,승용차,상해없음,차대차 - 기타,안전운전 의무 불이행,맑음,0,4
2019년 다발지,경상남도 창원시 의창구1,경상남도 창원시 의창구 도계동(서부경찰서사거리 부근),2019-10-15,18시,경상,남,68세,화물차,상해없음,남,40세,자전거,경상,차대차 - 기타,신호위반,맑음,0,4
2019년 다발지,경상남도 창원시 의창구2,경상남도 창원시 의창구 명서동(명곡광장 부근),2019-02-28,11시,경상,기타불명,불명,불명,기타불명,남,62세,자전거,경상,차대차 - 측면충돌,안전운전 의무 불이행,맑음,0,4
2019년 다발지,경상남도 창원시 의창구2,경상남도 창원시 의창구 명서동(명곡광장 부근),2019-04-02,15시,부상신고,기타불명,불명,불명,기타불명,여,76세,자전거,부상신고,차대차 - 기타,안전운전 의무 불이행,맑음,0,4
2019년 다발지,경상남도 창원시 의창구2,경상남도 창원시 의창구 명서동(명곡광장 부근),2019-06-17,15시,부상신고,여,31세,승용차,상해없음,남,71세,자전거,부상신고,차대차 - 기타,안전운전 의무 불이행,맑음,0,4
2019년 다발지,경상남도 창원시 의창구2,경상남도 창원시 의창구 명서동(명곡광장 부근),2019-08-19,19시,경상,남,58세,승용차,상해없음,남,47세,자전거,경상,차대차 - 기타,기타,맑음,0,4
2019년 다발지,경상남도 창원시 성산구1,경상남도 창원시 성산구 사파동(어린이보호구역 부근),2019-10-09,01시,부상신고,기타불명,불명,불명,기타불명,남,26세,자전거,부상신고,차대차 - 기타,안전운전 의무 불이행,맑음,0,4
2019년 다발지,경상남도 창원시 성산구1,경상남도 창원시 성산구 사파동(어린이보호구역 부근),2019-10-30,22시,중상,여,28세,자전거,기타불명,여,61세,보행자,중상,차대사람 - 보도통행중,안전운전 의무 불이행,맑음,0,4
2019년 다발지,경상남도 창원시 성산구1,경상남도 창원시 성산구 사파동(어린이보호구역 부근),2019-11-25,16시,경상,남,48세,승합차,기타불명,남,17세,자전거,경상,차대차 - 기타,안전운전 의무 불이행,맑음,0,4
2019년 다발지,경상남도 창원시 성산구1,경상남도 창원시 성산구 사파동(어린이보호구역 부근),2019-12-20,15시,경상,남,18세,자전거,상해없음,여,67세,보행자,경상,차대사람 - 기타,안전운전 의무 불이행,맑음,0,4
2019년 다발지,경상남도 창원시 진해구1,경상남도 창원시 진해구 여좌동(중앙삼거리 부근),2019-05-06,06시,경상,남,52세,이륜차,기타불명,여,60세,자전거,경상,차대차 - 측면충돌,신호위반,맑음,0,4
2019년 다발지,경상남도 창원시 진해구1,경상남도 창원시 진해구 여좌동(중앙삼거리 부근),2019-05-17,10시,경상,남,64세,화물차,상해없음,여,21세,자전거,경상,차대차 - 측면충돌,안전운전 의무 불이행,맑음,0,4
2019년 다발지,경상남도 창원시 진해구1,경상남도 창원시 진해구 여좌동(중앙삼거리 부근),2019-10-08,08시,경상,남,48세,승합차,상해없음,남,85세,자전거,경상,차대차 - 기타,교차로 통행방법 위반,맑음,0,4
2019년 다발지,경상남도 창원시 진해구1,경상남도 창원시 진해구 여좌동(중앙삼거리 부근),2019-12-27,07시,중상,남,22세,승용차,상해없음,남,84세,자전거,중상,차대차 - 측면충돌,안전운전 의무 불이행,맑음,0,4
2019년 다발지,경상남도 진주시1,경상남도 진주시 칠암동(진양교 부근),2019-01-07,07시,중상,남,67세,승용차,상해없음,남,36세,자전거,중상,차대차 - 측면충돌,안전운전 의무 불이행,맑음,1,3
2019년 다발지,경상남도 진주시1,경상남도 진주시 칠암동(진양교 부근),2019-03-25,16시,경상,남,19세,이륜차,상해없음,남,76세,자전거,경상,차대차 - 측면충돌,안전운전 의무 불이행,맑음,1,3
2019년 다발지,경상남도 진주시1,경상남도 진주시 칠암동(진양교 부근),2019-09-05,22시,사망,남,78세,자전거,사망,여,48세,승용차,상해없음,차대차 - 측면충돌,중앙선 침범,맑음,1,3
2019년 다발지,경상남도 진주시1,경상남도 진주시 칠암동(진양교 부근),2019-10-03,21시,경상,남,64세,자전거,경상,여,59세,보행자,상해없음,차대사람 - 차도통행중,안전운전 의무 불이행,맑음,1,3
2019년 다발지,경상남도 사천시1,경상남도 사천시 동금동(동금2길32 부근),2019-06-04,11시,경상,여,65세,자전거,경상,남,65세,화물차,상해없음,차대차 - 기타,안전운전 의무 불이행,맑음,0,5
2019년 다발지,경상남도 사천시1,경상남도 사천시 동금동(동금2길32 부근),2019-07-29,09시,경상,여,49세,승용차,상해없음,여,54세,자전거,경상,차대차 - 측면충돌,안전운전 의무 불이행,맑음,0,5
2019년 다발지,경상남도 사천시1,경상남도 사천시 동금동(동금2길32 부근),2019-09-26,13시,부상신고,여,62세,승용차,상해없음,남,84세,자전거,부상신고,차대차 - 측면충돌,안전운전 의무 불이행,맑음,0,5
2019년 다발지,경상남도 사천시1,경상남도 사천시 동금동(동금2길32 부근),2019-10-23,10시,중상,남,79세,자전거,중상,여,37세,승용차,상해없음,차대차 - 기타,안전운전 의무 불이행,맑음,0,5
2019년 다발지,경상남도 사천시1,경상남도 사천시 동금동(동금2길32 부근),2019-12-22,11시,중상,남,66세,승용차,상해없음,남,64세,자전거,중상,차대차 - 측면충돌,안전운전 의무 불이행,흐림,0,5
2019년 다발지,경상남도 김해시1,경상남도 김해시 봉황동(가락로13 부근),2019-03-29,07시,중상,남,58세,자전거,중상,남,57세,승용차,상해없음,차대차 - 기타,안전운전 의무 불이행,맑음,0,5
2019년 다발지,경상남도 김해시1,경상남도 김해시 봉황동(가락로13 부근),2019-04-08,17시,경상,여,57세,승용차,상해없음,남,50세,자전거,경상,차대차 - 측면충돌,신호위반,맑음,0,5
2019년 다발지,경상남도 김해시1,경상남도 김해시 봉황동(가락로13 부근),2019-06-03,16시,중상,남,57세,자전거,중상,없음,없음,없음,없음,차량단독 - 기타,안전운전 의무 불이행,맑음,0,5
2019년 다발지,경상남도 김해시1,경상남도 김해시 봉황동(가락로13 부근),2019-08-05,10시,경상,남,78세,자전거,경상,남,54세,화물차,상해없음,차대차 - 기타,안전운전 의무 불이행,맑음,0,5
2019년 다발지,경상남도 김해시1,경상남도 김해시 봉황동(가락로13 부근),2019-10-27,12시,중상,남,57세,승용차,상해없음,여,63세,자전거,중상,차대차 - 기타,안전운전 의무 불이행,맑음,0,5
2019년 다발지,경상남도 김해시2,경상남도 김해시 부원동(김해대로2367 부근),2019-01-23,17시,경상,남,58세,자전거,경상,남,62세,승용차,상해없음,차대차 - 기타,안전운전 의무 불이행,맑음,0,4