다발지구분,다발지시군구,지점명,발생일,발생시간대,사고내용,가해자성별,가해자연령,가해자차종,가해자신체상해정도,피해자성별,피해자연령,피해자차종,피해자신체상해정도,사고유형,법규위반사항,기상상태,사망자수,부상자수
2019년 다발지,경상남도 김해시2,경상남도 김해시 부원동(김해대로2367 부근),2019-06-02,18시,중상,남,69세,자전거,중상,남,47세,승합차,상해없음,차대차 - 측면충돌,안전운전 의무 불이행,맑음,0,4
2019년 다발지,경상남도 김해시2,경상남도 김해시 부원동(김해대로2367 부근),2019-06-13,10시,경상,남,62세,자전거,경상,남,45세,승용차,상해없음,차대차 - 기타,안전운전 의무 불이행,맑음,0,4
2019년 다발지,경상남도 김해시2,경상남도 김해시 부원동(김해대로2367 부근),2019-09-07,07시,중상,남,41세,승용차,상해없음,남,51세,자전거,중상,차대차 - 기타,신호위반,흐림,0,4
2020년 다발지,서울특별시 종로구1,서울특별시 종로구 세종로(세종로180 부근),2020-05-05,22시,경상,남,59세,승용차,상해없음,남,28세,자전거,경상,차대차 - 측면충돌,안전운전 의무 불이행,맑음,0,5
2020년 다발지,서울특별시 종로구1,서울특별시 종로구 세종로(세종로180 부근),2020-05-06,07시,중상,남,63세,승용차,상해없음,남,54세,자전거,중상,차대차 - 기타,기타,맑음,0,5
2020년 다발지,서울특별시 종로구1,서울특별시 종로구 세종로(세종로180 부근),2020-05-23,21시,경상,남,45세,승용차,상해없음,남,40세,자전거,경상,차대차 - 측면충돌,안전거리 미확보,맑음,0,5
2020년 다발지,서울특별시 종로구1,서울특별시 종로구 세종로(세종로180 부근),2020-07-08,07시,중상,남,38세,승용차,상해없음,남,34세,자전거,중상,차대차 - 측면충돌,안전운전 의무 불이행,맑음,0,5
2020년 다발지,서울특별시 종로구1,서울특별시 종로구 세종로(세종로180 부근),2020-10-22,19시,부상신고,여,29세,승용차,상해없음,남,58세,자전거,부상신고,차대차 - 측면충돌,안전운전 의무 불이행,맑음,0,5
2020년 다발지,서울특별시 종로구2,서울특별시 종로구 창신동(흥인지문사거리 부근),2020-01-23,23시,경상,남,52세,승합차,상해없음,여,20세,자전거,경상,차대차 - 측면충돌,안전운전 의무 불이행,맑음,1,3
2020년 다발지,서울특별시 종로구2,서울특별시 종로구 창신동(흥인지문사거리 부근),2020-03-06,15시,경상,남,41세,승용차,상해없음,여,59세,자전거,경상,차대차 - 기타,안전운전 의무 불이행,맑음,1,3
2020년 다발지,서울특별시 종로구2,서울특별시 종로구 창신동(흥인지문사거리 부근),2020-11-26,07시,사망,남,62세,자전거,사망,남,51세,화물차,상해없음,차대차 - 측면충돌,안전운전 의무 불이행,맑음,1,3
2020년 다발지,서울특별시 중구1,서울특별시 중구 신당동(신평화시장 부근),2020-04-18,10시,경상,남,26세,자전거,상해없음,남,34세,보행자,경상,차대사람 - 횡단중,보행자 보호의무 위반,맑음,0,6
2020년 다발지,서울특별시 중구1,서울특별시 중구 신당동(신평화시장 부근),2020-05-13,15시,경상,남,31세,자전거,경상,여,62세,보행자,경상,차대사람 - 차도통행중,안전운전 의무 불이행,맑음,0,6
2020년 다발지,서울특별시 중구1,서울특별시 중구 신당동(신평화시장 부근),2020-05-28,10시,경상,남,37세,자전거,상해없음,여,70세,보행자,경상,차대사람 - 횡단중,안전운전 의무 불이행,맑음,0,6
2020년 다발지,서울특별시 중구1,서울특별시 중구 신당동(신평화시장 부근),2020-10-05,08시,경상,여,60세,자전거,경상,남,39세,원동기장치자전거,상해없음,차대차 - 측면충돌,교차로 통행방법 위반,맑음,0,6
2020년 다발지,서울특별시 중구1,서울특별시 중구 신당동(신평화시장 부근),2020-10-12,00시,경상,남,49세,승합차,상해없음,남,29세,자전거,상해없음,차대차 - 기타,기타,맑음,0,6
2020년 다발지,서울특별시 용산구1,서울특별시 용산구 한강로2가(유미빌딩 부근),2020-02-25,17시,경상,남,23세,자전거,상해없음,여,38세,보행자,경상,차대사람 - 보도통행중,보행자 보호의무 위반,맑음,0,4
2020년 다발지,서울특별시 용산구1,서울특별시 용산구 한강로2가(유미빌딩 부근),2020-04-08,08시,경상,남,54세,자전거,상해없음,남,30세,보행자,경상,차대사람 - 기타,보행자 보호의무 위반,맑음,0,4
2020년 다발지,서울특별시 용산구1,서울특별시 용산구 한강로2가(유미빌딩 부근),2020-06-22,06시,중상,남,44세,건설기계,기타불명,남,51세,자전거,중상,차대차 - 기타,안전운전 의무 불이행,맑음,0,4
2020년 다발지,서울특별시 용산구1,서울특별시 용산구 한강로2가(유미빌딩 부근),2020-12-26,17시,중상,여,70세,승용차,상해없음,남,73세,자전거,중상,차대차 - 측면충돌,안전운전 의무 불이행,맑음,0,4
2020년 다발지,서울특별시 성동구1,서울특별시 성동구 금호동4가(금호삼거리 부근),2020-03-03,22시,중상,남,61세,승용차,상해없음,남,56세,자전거,중상,차대차 - 정면충돌,신호위반,맑음,0,7
2020년 다발지,서울특별시 성동구1,서울특별시 성동구 금호동4가(금호삼거리 부근),2020-03-26,16시,부상신고,여,9세,자전거,상해없음,남,63세,자전거,부상신고,차대차 - 측면충돌,안전운전 의무 불이행,맑음,0,7
2020년 다발지,서울특별시 성동구1,서울특별시 성동구 금호동4가(금호삼거리 부근),2020-06-27,16시,중상,남,13세,자전거,경상,남,25세,자전거,중상,차대차 - 기타,안전운전 의무 불이행,맑음,0,7
2020년 다발지,서울특별시 성동구1,서울특별시 성동구 금호동4가(금호삼거리 부근),2020-10-17,17시,경상,남,58세,자전거,기타불명,남,10세,자전거,경상,차대차 - 기타,안전운전 의무 불이행,맑음,0,7
2020년 다발지,서울특별시 성동구1,서울특별시 성동구 금호동4가(금호삼거리 부근),2020-10-18,17시,경상,남,37세,자전거,경상,남,8세,보행자,상해없음,차대사람 - 기타,안전운전 의무 불이행,맑음,0,7
2020년 다발지,서울특별시 성동구1,서울특별시 성동구 금호동4가(금호삼거리 부근),2020-11-10,20시,경상,남,29세,자전거,상해없음,여,58세,보행자,경상,차대사람 - 횡단중,안전운전 의무 불이행,맑음,0,7
2020년 다발지,서울특별시 성동구2,서울특별시 성동구 마장동(도선사거리 부근),2020-04-02,11시,경상,남,61세,자전거,상해없음,남,36세,이륜차,경상,차대차 - 기타,중앙선 침범,맑음,0,7
2020년 다발지,서울특별시 성동구2,서울특별시 성동구 마장동(도선사거리 부근),2020-05-20,10시,경상,남,65세,자전거,경상,남,35세,이륜차,부상신고,차대차 - 측면충돌,안전운전 의무 불이행,맑음,0,7
2020년 다발지,서울특별시 성동구2,서울특별시 성동구 마장동(도선사거리 부근),2020-05-30,05시,중상,남,69세,자전거,경상,남,30세,이륜차,중상,차대차 - 측면충돌,중앙선 침범,맑음,0,7
2020년 다발지,서울특별시 성동구2,서울특별시 성동구 마장동(도선사거리 부근),2020-09-05,09시,경상,남,33세,자전거,경상,남,64세,화물차,상해없음,차대차 - 기타,안전거리 미확보,맑음,0,7
2020년 다발지,서울특별시 성동구2,서울특별시 성동구 마장동(도선사거리 부근),2020-09-18,18시,경상,남,69세,승용차,상해없음,여,10세,자전거,경상,차대차 - 측면충돌,안전운전 의무 불이행,맑음,0,7
2020년 다발지,서울특별시 성동구3,서울특별시 성동구 성수동2가(윤진약국 부근),2020-08-28,10시,경상,남,57세,자전거,경상,남,56세,승합차,상해없음,차대차 - 기타,안전운전 의무 불이행,흐림,0,5
2020년 다발지,서울특별시 성동구3,서울특별시 성동구 성수동2가(윤진약국 부근),2020-09-18,14시,경상,여,61세,자전거,경상,남,54세,승합차,상해없음,차대차 - 측면충돌,중앙선 침범,맑음,0,5
2020년 다발지,서울특별시 성동구3,서울특별시 성동구 성수동2가(윤진약국 부근),2020-11-07,20시,경상,남,57세,화물차,상해없음,남,32세,자전거,경상,차대차 - 기타,안전운전 의무 불이행,맑음,0,5
2020년 다발지,서울특별시 성동구3,서울특별시 성동구 성수동2가(윤진약국 부근),2020-11-18,16시,경상,남,64세,승용차,상해없음,여,36세,자전거,경상,차대차 - 측면충돌,안전운전 의무 불이행,맑음,0,5
2020년 다발지,서울특별시 성동구3,서울특별시 성동구 성수동2가(윤진약국 부근),2020-12-29,16시,중상,남,41세,승용차,상해없음,남,58세,자전거,중상,차대차 - 측면충돌,안전운전 의무 불이행,맑음,0,5
2020년 다발지,서울특별시 성동구4,서울특별시 성동구 성수동2가(성수역앞교차로 부근),2020-02-01,19시,경상,남,32세,자전거,경상,남,57세,승용차,상해없음,차대차 - 기타,안전운전 의무 불이행,맑음,0,5
2020년 다발지,서울특별시 성동구4,서울특별시 성동구 성수동2가(성수역앞교차로 부근),2020-02-04,16시,경상,여,23세,자전거,상해없음,여,68세,보행자,경상,차대사람 - 기타,안전운전 의무 불이행,맑음,0,5
2020년 다발지,서울특별시 성동구4,서울특별시 성동구 성수동2가(성수역앞교차로 부근),2020-09-25,17시,경상,여,58세,승용차,상해없음,남,79세,자전거,경상,차대차 - 측면충돌,교차로 통행방법 위반,맑음,0,5
2020년 다발지,서울특별시 성동구4,서울특별시 성동구 성수동2가(성수역앞교차로 부근),2020-10-07,12시,부상신고,남,66세,자전거,상해없음,여,28세,자전거,부상신고,차대차 - 정면충돌,안전운전 의무 불이행,맑음,0,5
2020년 다발지,서울특별시 성동구4,서울특별시 성동구 성수동2가(성수역앞교차로 부근),2020-11-17,20시,경상,여,31세,승용차,상해없음,남,48세,자전거,경상,차대차 - 정면충돌,안전운전 의무 불이행,맑음,0,5
2020년 다발지,서울특별시 성동구5,서울특별시 성동구 성수동2가(성수여중 부근),2020-03-09,06시,중상,남,72세,승용차,상해없음,여,57세,자전거,중상,차대차 - 측면충돌,신호위반,맑음,1,3
2020년 다발지,서울특별시 성동구5,서울특별시 성동구 성수동2가(성수여중 부근),2020-04-20,12시,부상신고,남,32세,승용차,상해없음,남,67세,자전거,부상신고,차대차 - 정면충돌,안전운전 의무 불이행,맑음,1,3
2020년 다발지,서울특별시 성동구5,서울특별시 성동구 성수동2가(성수여중 부근),2020-08-21,15시,사망,남,81세,자전거,사망,남,65세,화물차,상해없음,차대차 - 측면충돌,신호위반,맑음,1,3
2020년 다발지,서울특별시 성동구5,서울특별시 성동구 성수동2가(성수여중 부근),2020-10-19,08시,경상,여,57세,자전거,경상,여,52세,승용차,상해없음,차대차 - 측면충돌,기타,맑음,1,3
2020년 다발지,서울특별시 성동구6,서울특별시 성동구 성수동1가(성수동1가68915 부근),2020-04-13,19시,경상,남,57세,자전거,상해없음,여,44세,자전거,경상,차대차 - 기타,안전운전 의무 불이행,맑음,0,4
2020년 다발지,서울특별시 성동구6,서울특별시 성동구 성수동1가(성수동1가68915 부근),2020-05-17,18시,경상,남,63세,자전거,기타불명,여,63세,자전거,경상,차대차 - 측면충돌,안전운전 의무 불이행,맑음,0,4
2020년 다발지,서울특별시 성동구6,서울특별시 성동구 성수동1가(성수동1가68915 부근),2020-07-12,09시,경상,남,71세,자전거,상해없음,남,39세,자전거,상해없음,차대차 - 측면충돌,안전운전 의무 불이행,맑음,0,4
2020년 다발지,서울특별시 성동구6,서울특별시 성동구 성수동1가(성수동1가68915 부근),2020-09-05,10시,중상,남,34세,자전거,상해없음,남,49세,자전거,중상,차대차 - 기타,안전운전 의무 불이행,맑음,0,4
2020년 다발지,서울특별시 성동구7,서울특별시 성동구 응봉동(응봉교남측 부근),2020-06-11,21시,경상,남,33세,자전거,상해없음,여,26세,자전거,경상,차대차 - 측면충돌,안전운전 의무 불이행,맑음,0,4
2020년 다발지,서울특별시 성동구7,서울특별시 성동구 응봉동(응봉교남측 부근),2020-06-16,21시,중상,여,25세,자전거,중상,여,24세,자전거,상해없음,차대차 - 기타,안전운전 의무 불이행,맑음,0,4
2020년 다발지,서울특별시 성동구7,서울특별시 성동구 응봉동(응봉교남측 부근),2020-08-31,20시,부상신고,여,57세,자전거,부상신고,남,27세,자전거,상해없음,차대차 - 측면충돌,안전운전 의무 불이행,맑음,0,4
2020년 다발지,서울특별시 성동구7,서울특별시 성동구 응봉동(응봉교남측 부근),2020-09-27,12시,경상,남,37세,자전거,기타불명,남,10세,자전거,경상,차대차 - 측면충돌,안전운전 의무 불이행,맑음,0,4
2020년 다발지,서울특별시 광진구1,서울특별시 광진구 자양동(갈보리교회 인근),2020-04-12,16시,경상,남,45세,자전거,경상,여,38세,자전거,상해없음,차대차 - 기타,안전거리 미확보,맑음,0,5
2020년 다발지,서울특별시 광진구1,서울특별시 광진구 자양동(갈보리교회 인근),2020-05-17,20시,경상,여,19세,개인형이동수단(PM),경상,남,68세,자전거,상해없음,차대차 - 기타,안전운전 의무 불이행,맑음,0,5
2020년 다발지,서울특별시 광진구1,서울특별시 광진구 자양동(갈보리교회 인근),2020-05-19,17시,경상,남,65세,자전거,경상,남,4세,보행자,상해없음,차대사람 - 기타,안전운전 의무 불이행,맑음,0,5
2020년 다발지,서울특별시 광진구1,서울특별시 광진구 자양동(갈보리교회 인근),2020-08-27,18시,중상,남,44세,자전거,상해없음,여,63세,보행자,중상,차대사람 - 기타,안전운전 의무 불이행,맑음,0,5
2020년 다발지,서울특별시 광진구1,서울특별시 광진구 자양동(갈보리교회 인근),2020-11-07,15시,중상,남,45세,자전거,상해없음,남,6세,보행자,중상,차대사람 - 횡단중,안전운전 의무 불이행,맑음,0,5
2020년 다발지,서울특별시 광진구2,서울특별시 광진구 자양동(자양사거리 부근),2020-04-09,12시,중상,남,28세,자전거,상해없음,여,64세,보행자,중상,차대사람 - 기타,안전운전 의무 불이행,맑음,0,4
2020년 다발지,서울특별시 광진구2,서울특별시 광진구 자양동(자양사거리 부근),2020-06-12,10시,중상,남,15세,자전거,상해없음,남,40세,보행자,중상,차대사람 - 보도통행중,안전운전 의무 불이행,맑음,0,4
2020년 다발지,서울특별시 광진구2,서울특별시 광진구 자양동(자양사거리 부근),2020-10-14,13시,경상,남,48세,승용차,상해없음,여,70세,자전거,경상,차대차 - 측면충돌,안전운전 의무 불이행,맑음,0,4
2020년 다발지,서울특별시 광진구2,서울특별시 광진구 자양동(자양사거리 부근),2020-10-14,13시,경상,남,60세,자전거,상해없음,여,27세,보행자,경상,차대사람 - 기타,안전운전 의무 불이행,맑음,0,4
2020년 다발지,서울특별시 동대문구1,서울특별시 동대문구 용두동(시립동부병원앞교차로 부근),2020-04-12,16시,중상,남,46세,화물차,상해없음,남,68세,자전거,중상,차대차 - 측면충돌,기타,맑음,0,10
2020년 다발지,서울특별시 동대문구1,서울특별시 동대문구 용두동(시립동부병원앞교차로 부근),2020-04-16,21시,경상,여,27세,자전거,경상,남,30세,승용차,상해없음,차대차 - 측면충돌,기타,맑음,0,10
2020년 다발지,서울특별시 동대문구1,서울특별시 동대문구 용두동(시립동부병원앞교차로 부근),2020-05-29,08시,부상신고,여,24세,자전거,부상신고,남,63세,화물차,상해없음,차대차 - 측면충돌,중앙선 침범,맑음,0,10
2020년 다발지,서울특별시 동대문구1,서울특별시 동대문구 용두동(시립동부병원앞교차로 부근),2020-06-05,08시,경상,남,59세,자전거,경상,남,51세,화물차,상해없음,차대차 - 기타,기타,맑음,0,10
2020년 다발지,서울특별시 동대문구1,서울특별시 동대문구 용두동(시립동부병원앞교차로 부근),2020-07-20,17시,경상,남,62세,화물차,상해없음,남,73세,자전거,경상,차대차 - 기타,안전운전 의무 불이행,흐림,0,10
2020년 다발지,서울특별시 동대문구1,서울특별시 동대문구 용두동(시립동부병원앞교차로 부근),2020-08-13,08시,경상,여,23세,자전거,경상,남,47세,화물차,상해없음,차대차 - 측면충돌,기타,맑음,0,10
2020년 다발지,서울특별시 동대문구1,서울특별시 동대문구 용두동(시립동부병원앞교차로 부근),2020-11-12,14시,경상,남,60세,자전거,경상,남,44세,화물차,상해없음,차대차 - 측면충돌,중앙선 침범,맑음,0,10
2020년 다발지,서울특별시 동대문구1,서울특별시 동대문구 용두동(시립동부병원앞교차로 부근),2020-12-30,18시,경상,남,67세,자전거,경상,남,41세,이륜차,경상,차대차 - 측면충돌,안전운전 의무 불이행,맑음,0,10
2020년 다발지,서울특별시 동대문구2,서울특별시 동대문구 장안동(화승상사 부근),2020-03-20,19시,중상,남,58세,자전거,중상,남,52세,화물차,상해없음,차대차 - 측면충돌,중앙선 침범,맑음,0,8
2020년 다발지,서울특별시 동대문구2,서울특별시 동대문구 장안동(화승상사 부근),2020-05-20,18시,경상,남,33세,자전거,경상,남,49세,승용차,상해없음,차대차 - 측면충돌,안전운전 의무 불이행,맑음,0,8
2020년 다발지,서울특별시 동대문구2,서울특별시 동대문구 장안동(화승상사 부근),2020-07-07,16시,부상신고,남,66세,자전거,부상신고,남,70세,승용차,상해없음,차대차 - 기타,안전운전 의무 불이행,맑음,0,8
2020년 다발지,서울특별시 동대문구2,서울특별시 동대문구 장안동(화승상사 부근),2020-07-31,20시,중상,남,68세,자전거,중상,여,27세,자전거,경상,차대차 - 추돌,기타,맑음,0,8
2020년 다발지,서울특별시 동대문구2,서울특별시 동대문구 장안동(화승상사 부근),2020-10-28,12시,경상,남,47세,자전거,경상,남,60세,보행자,상해없음,차대사람 - 차도통행중,안전운전 의무 불이행,맑음,0,8
2020년 다발지,서울특별시 동대문구2,서울특별시 동대문구 장안동(화승상사 부근),2020-11-07,09시,경상,여,71세,자전거,경상,남,38세,승용차,상해없음,차대차 - 기타,중앙선 침범,맑음,0,8
2020년 다발지,서울특별시 동대문구2,서울특별시 동대문구 장안동(화승상사 부근),2020-12-08,19시,경상,남,19세,자전거,상해없음,남,38세,이륜차,경상,차대차 - 기타,중앙선 침범,기타/불명,0,8
2020년 다발지,서울특별시 동대문구3,서울특별시 동대문구 제기동(경동시장앞교차로 부근),2020-01-09,12시,부상신고,남,72세,자전거,부상신고,남,64세,승용차,상해없음,차대차 - 추돌,안전운전 의무 불이행,맑음,0,7
2020년 다발지,서울특별시 동대문구3,서울특별시 동대문구 제기동(경동시장앞교차로 부근),2020-01-29,15시,부상신고,남,53세,승용차,상해없음,남,80세,자전거,부상신고,차대차 - 추돌,안전거리 미확보,맑음,0,7
2020년 다발지,서울특별시 동대문구3,서울특별시 동대문구 제기동(경동시장앞교차로 부근),2020-03-05,10시,중상,남,78세,자전거,중상,남,35세,승용차,기타불명,차대차 - 측면충돌,안전운전 의무 불이행,맑음,0,7
2020년 다발지,서울특별시 동대문구3,서울특별시 동대문구 제기동(경동시장앞교차로 부근),2020-03-07,18시,경상,남,69세,자전거,상해없음,남,42세,이륜차,경상,차대차 - 측면충돌,기타,맑음,0,7
2020년 다발지,서울특별시 동대문구3,서울특별시 동대문구 제기동(경동시장앞교차로 부근),2020-03-10,22시,경상,여,28세,자전거,경상,남,61세,승용차,상해없음,차대차 - 기타,안전운전 의무 불이행,맑음,0,7
2020년 다발지,서울특별시 동대문구3,서울특별시 동대문구 제기동(경동시장앞교차로 부근),2020-03-24,17시,부상신고,남,60세,자전거,부상신고,남,63세,승용차,상해없음,차대차 - 측면충돌,기타,맑음,0,7
2020년 다발지,서울특별시 동대문구3,서울특별시 동대문구 제기동(경동시장앞교차로 부근),2020-04-07,18시,중상,남,46세,승합차,상해없음,남,76세,자전거,중상,차대차 - 측면충돌,안전운전 의무 불이행,맑음,0,7
2020년 다발지,서울특별시 동대문구4,서울특별시 동대문구 용두동(동대문구청사거리 부근),2020-01-28,17시,경상,여,31세,자전거,경상,남,59세,승용차,상해없음,차대차 - 기타,안전운전 의무 불이행,맑음,0,7
2020년 다발지,서울특별시 동대문구4,서울특별시 동대문구 용두동(동대문구청사거리 부근),2020-03-17,14시,부상신고,여,26세,자전거,부상신고,남,56세,승합차,상해없음,차대차 - 측면충돌,안전운전 의무 불이행,맑음,0,7
2020년 다발지,서울특별시 동대문구4,서울특별시 동대문구 용두동(동대문구청사거리 부근),2020-04-10,22시,중상,남,28세,승용차,상해없음,여,15세,자전거,중상,차대차 - 측면충돌,안전운전 의무 불이행,맑음,0,7
2020년 다발지,서울특별시 동대문구4,서울특별시 동대문구 용두동(동대문구청사거리 부근),2020-06-18,17시,경상,남,71세,자전거,상해없음,남,78세,자전거,경상,차대차 - 기타,안전운전 의무 불이행,맑음,0,7
2020년 다발지,서울특별시 동대문구4,서울특별시 동대문구 용두동(동대문구청사거리 부근),2020-10-12,15시,경상,남,62세,자전거,경상,남,60세,화물차,상해없음,차대차 - 기타,안전운전 의무 불이행,맑음,0,7
2020년 다발지,서울특별시 동대문구4,서울특별시 동대문구 용두동(동대문구청사거리 부근),2020-11-25,14시,부상신고,남,54세,자전거,부상신고,남,59세,화물차,상해없음,차대차 - 기타,안전운전 의무 불이행,맑음,0,7
2020년 다발지,서울특별시 동대문구4,서울특별시 동대문구 용두동(동대문구청사거리 부근),2020-12-15,14시,경상,남,39세,승용차,상해없음,남,54세,자전거,경상,차대차 - 측면충돌,신호위반,맑음,0,7
2020년 다발지,서울특별시 동대문구5,서울특별시 동대문구 답십리동(신답역앞교차로 부근),2020-01-17,14시,중상,남,60세,승용차,상해없음,여,64세,자전거,중상,차대차 - 측면충돌,신호위반,맑음,0,6
2020년 다발지,서울특별시 동대문구5,서울특별시 동대문구 답십리동(신답역앞교차로 부근),2020-02-21,08시,중상,남,54세,화물차,상해없음,남,61세,자전거,중상,차대차 - 기타,교차로 통행방법 위반,흐림,0,6
2020년 다발지,서울특별시 동대문구5,서울특별시 동대문구 답십리동(신답역앞교차로 부근),2020-03-16,18시,부상신고,남,65세,자전거,부상신고,남,58세,승용차,상해없음,차대차 - 측면충돌,안전운전 의무 불이행,맑음,0,6
2020년 다발지,서울특별시 동대문구5,서울특별시 동대문구 답십리동(신답역앞교차로 부근),2020-05-30,06시,부상신고,남,71세,자전거,부상신고,남,60세,화물차,상해없음,차대차 - 기타,안전운전 의무 불이행,맑음,0,6
2020년 다발지,서울특별시 동대문구5,서울특별시 동대문구 답십리동(신답역앞교차로 부근),2020-07-08,22시,중상,남,65세,화물차,상해없음,남,23세,자전거,중상,차대차 - 추돌,신호위반,맑음,0,6
2020년 다발지,서울특별시 동대문구5,서울특별시 동대문구 답십리동(신답역앞교차로 부근),2020-11-03,03시,경상,남,73세,승용차,상해없음,남,22세,자전거,경상,차대차 - 측면충돌,안전운전 의무 불이행,기타/불명,0,6
2020년 다발지,서울특별시 동대문구6,서울특별시 동대문구 청량리동(성바오로병원앞교차로 부근),2020-03-28,17시,경상,남,64세,자전거,경상,여,62세,승용차,상해없음,차대차 - 기타,신호위반,맑음,0,7
2020년 다발지,서울특별시 동대문구6,서울특별시 동대문구 청량리동(성바오로병원앞교차로 부근),2020-04-28,11시,중상,남,83세,자전거,중상,없음,불명,없음,없음,차량단독 - 기타,안전운전 의무 불이행,맑음,0,7
2020년 다발지,서울특별시 동대문구6,서울특별시 동대문구 청량리동(성바오로병원앞교차로 부근),2020-06-05,16시,경상,남,63세,화물차,상해없음,남,65세,자전거,경상,차대차 - 기타,교차로 통행방법 위반,맑음,0,7
2020년 다발지,서울특별시 동대문구6,서울특별시 동대문구 청량리동(성바오로병원앞교차로 부근),2020-07-07,19시,경상,남,51세,자전거,경상,없음,불명,없음,없음,차량단독 - 기타,안전운전 의무 불이행,맑음,0,7
2020년 다발지,서울특별시 동대문구6,서울특별시 동대문구 청량리동(성바오로병원앞교차로 부근),2020-08-13,18시,경상,남,58세,자전거,상해없음,여,55세,보행자,경상,차대사람 - 횡단중,보행자 보호의무 위반,맑음,0,7
2020년 다발지,서울특별시 동대문구6,서울특별시 동대문구 청량리동(성바오로병원앞교차로 부근),2020-09-17,02시,경상,남,27세,원동기장치자전거,상해없음,남,70세,자전거,경상,차대차 - 측면충돌,신호위반,맑음,0,7
2020년 다발지,서울특별시 동대문구7,서울특별시 동대문구 제기동(식당재료유통할인 부근),2020-04-16,10시,부상신고,여,78세,자전거,부상신고,남,17세,이륜차,상해없음,차대차 - 측면충돌,안전운전 의무 불이행,맑음,0,6
2020년 다발지,서울특별시 동대문구7,서울특별시 동대문구 제기동(식당재료유통할인 부근),2020-04-20,14시,경상,남,59세,승용차,상해없음,남,59세,자전거,경상,차대차 - 후진중충돌,안전운전 의무 불이행,맑음,0,6
2020년 다발지,서울특별시 동대문구7,서울특별시 동대문구 제기동(식당재료유통할인 부근),2020-04-25,17시,부상신고,남,64세,승용차,상해없음,남,74세,자전거,부상신고,차대차 - 기타,안전운전 의무 불이행,맑음,0,6
2020년 다발지,서울특별시 동대문구7,서울특별시 동대문구 제기동(식당재료유통할인 부근),2020-09-27,21시,부상신고,여,64세,자전거,부상신고,남,16세,이륜차,상해없음,차대차 - 기타,기타,기타/불명,0,6
2020년 다발지,서울특별시 동대문구7,서울특별시 동대문구 제기동(식당재료유통할인 부근),2020-10-29,12시,경상,남,28세,자전거,상해없음,여,79세,보행자,경상,차대사람 - 횡단중,기타,맑음,0,6
2020년 다발지,서울특별시 동대문구7,서울특별시 동대문구 제기동(식당재료유통할인 부근),2020-11-20,15시,경상,여,74세,자전거,경상,남,65세,보행자,상해없음,차대사람 - 기타,안전운전 의무 불이행,맑음,0,6
2020년 다발지,서울특별시 동대문구8,서울특별시 동대문구 용두동(마장IC 부근),2020-03-29,17시,경상,여,47세,자전거,경상,여,67세,보행자,경상,차대사람 - 횡단중,안전운전 의무 불이행,맑음,0,6
2020년 다발지,서울특별시 동대문구8,서울특별시 동대문구 용두동(마장IC 부근),2020-06-26,12시,경상,남,55세,화물차,상해없음,남,76세,자전거,경상,차대차 - 기타,기타,맑음,0,6
2020년 다발지,서울특별시 동대문구8,서울특별시 동대문구 용두동(마장IC 부근),2020-09-01,18시,중상,남,63세,자전거,상해없음,여,55세,보행자,중상,차대사람 - 기타,안전운전 의무 불이행,흐림,0,6
2020년 다발지,서울특별시 동대문구8,서울특별시 동대문구 용두동(마장IC 부근),2020-09-08,21시,중상,남,58세,자전거,중상,여,36세,자전거,상해없음,차대차 - 기타,안전운전 의무 불이행,맑음,0,6
2020년 다발지,서울특별시 동대문구8,서울특별시 동대문구 용두동(마장IC 부근),2020-10-19,18시,경상,남,64세,자전거,상해없음,여,61세,보행자,경상,차대사람 - 기타,안전운전 의무 불이행,맑음,0,6
2020년 다발지,서울특별시 동대문구9,서울특별시 동대문구 전농동(배봉초교앞교차로 부근),2020-01-08,08시,경상,여,62세,자전거,경상,남,53세,승용차,상해없음,차대차 - 기타,안전운전 의무 불이행,맑음,0,5
2020년 다발지,서울특별시 동대문구9,서울특별시 동대문구 전농동(배봉초교앞교차로 부근),2020-07-12,13시,경상,남,50세,승용차,상해없음,여,18세,자전거,경상,차대차 - 측면충돌,안전운전 의무 불이행,맑음,0,5
2020년 다발지,서울특별시 동대문구9,서울특별시 동대문구 전농동(배봉초교앞교차로 부근),2020-10-10,02시,중상,여,73세,승용차,상해없음,여,15세,자전거,중상,차대차 - 측면충돌,안전운전 의무 불이행,맑음,0,5
2020년 다발지,서울특별시 동대문구9,서울특별시 동대문구 전농동(배봉초교앞교차로 부근),2020-11-27,15시,경상,남,75세,승용차,상해없음,여,69세,자전거,경상,차대차 - 측면충돌,안전거리 미확보,맑음,0,5
2020년 다발지,서울특별시 동대문구9,서울특별시 동대문구 전농동(배봉초교앞교차로 부근),2020-12-04,15시,중상,남,44세,이륜차,상해없음,여,59세,자전거,중상,차대차 - 기타,안전거리 미확보,맑음,0,5
2020년 다발지,서울특별시 동대문구10,서울특별시 동대문구 휘경동(회기역앞교차로 부근),2020-06-11,06시,중상,여,56세,자전거,중상,남,36세,승합차,상해없음,차대차 - 기타,안전운전 의무 불이행,맑음,0,4
2020년 다발지,서울특별시 동대문구10,서울특별시 동대문구 휘경동(회기역앞교차로 부근),2020-08-24,14시,중상,남,22세,승용차,상해없음,남,14세,자전거,중상,차대차 - 측면충돌,안전운전 의무 불이행,맑음,0,4