다발지구분,다발지시군구,지점명,발생일,발생시간대,사고내용,가해자성별,가해자연령,가해자차종,가해자신체상해정도,피해자성별,피해자연령,피해자차종,피해자신체상해정도,사고유형,법규위반사항,기상상태,사망자수,부상자수
2020년 다발지,서울특별시 동대문구10,서울특별시 동대문구 휘경동(회기역앞교차로 부근),2020-11-08,16시,부상신고,남,60세,자전거,부상신고,남,52세,승용차,상해없음,차대차 - 기타,안전운전 의무 불이행,맑음,0,4
2020년 다발지,서울특별시 동대문구10,서울특별시 동대문구 휘경동(회기역앞교차로 부근),2020-12-07,08시,중상,남,66세,승용차,상해없음,여,30세,자전거,중상,차대차 - 기타,기타,맑음,0,4
2020년 다발지,서울특별시 동대문구11,서울특별시 동대문구 이문동(이문대림아파트 부근),2020-02-05,04시,경상,남,53세,자전거,경상,남,61세,승용차,상해없음,차대차 - 측면충돌,중앙선 침범,맑음,0,4
2020년 다발지,서울특별시 동대문구11,서울특별시 동대문구 이문동(이문대림아파트 부근),2020-04-02,08시,중상,남,33세,화물차,상해없음,남,78세,자전거,중상,차대차 - 기타,안전거리 미확보,맑음,0,4
2020년 다발지,서울특별시 동대문구11,서울특별시 동대문구 이문동(이문대림아파트 부근),2020-07-10,15시,경상,남,54세,화물차,상해없음,여,8세,자전거,경상,차대차 - 기타,안전운전 의무 불이행,맑음,0,4
2020년 다발지,서울특별시 동대문구11,서울특별시 동대문구 이문동(이문대림아파트 부근),2020-07-14,17시,경상,남,52세,자전거,기타불명,여,68세,보행자,경상,차대사람 - 차도통행중,안전운전 의무 불이행,맑음,0,4
2020년 다발지,서울특별시 중랑구1,서울특별시 중랑구 상봉동(상봉시장앞 부근),2020-02-19,08시,경상,남,47세,승용차,상해없음,남,28세,자전거,경상,차대차 - 측면충돌,교차로 통행방법 위반,맑음,0,12
2020년 다발지,서울특별시 중랑구1,서울특별시 중랑구 상봉동(상봉시장앞 부근),2020-02-26,21시,경상,남,68세,승용차,기타불명,여,51세,자전거,경상,차대차 - 추돌,안전운전 의무 불이행,맑음,0,12
2020년 다발지,서울특별시 중랑구1,서울특별시 중랑구 상봉동(상봉시장앞 부근),2020-03-15,17시,중상,남,45세,승용차,상해없음,남,59세,자전거,중상,차대차 - 측면충돌,기타,맑음,0,12
2020년 다발지,서울특별시 중랑구1,서울특별시 중랑구 상봉동(상봉시장앞 부근),2020-04-07,19시,부상신고,기타불명,불명,불명,기타불명,남,76세,자전거,부상신고,차대차 - 측면충돌,안전운전 의무 불이행,맑음,0,12
2020년 다발지,서울특별시 중랑구1,서울특별시 중랑구 상봉동(상봉시장앞 부근),2020-06-29,16시,중상,남,71세,자전거,중상,여,42세,승합차,상해없음,차대차 - 기타,신호위반,맑음,0,12
2020년 다발지,서울특별시 중랑구1,서울특별시 중랑구 상봉동(상봉시장앞 부근),2020-07-16,10시,경상,남,55세,화물차,상해없음,여,27세,자전거,경상,차대차 - 기타,안전운전 의무 불이행,맑음,0,12
2020년 다발지,서울특별시 중랑구1,서울특별시 중랑구 상봉동(상봉시장앞 부근),2020-07-31,20시,부상신고,남,10세,자전거,부상신고,없음,불명,없음,없음,차량단독 - 기타,안전운전 의무 불이행,흐림,0,12
2020년 다발지,서울특별시 중랑구1,서울특별시 중랑구 상봉동(상봉시장앞 부근),2020-09-14,19시,경상,남,36세,승용차,상해없음,남,58세,자전거,경상,차대차 - 측면충돌,안전운전 의무 불이행,맑음,0,12
2020년 다발지,서울특별시 중랑구1,서울특별시 중랑구 상봉동(상봉시장앞 부근),2020-10-12,16시,중상,남,68세,승용차,상해없음,여,52세,자전거,중상,차대차 - 기타,기타,맑음,0,12
2020년 다발지,서울특별시 중랑구1,서울특별시 중랑구 상봉동(상봉시장앞 부근),2020-10-29,20시,중상,남,31세,자전거,중상,여,56세,보행자,중상,차대사람 - 횡단중,안전운전 의무 불이행,맑음,0,12
2020년 다발지,서울특별시 중랑구1,서울특별시 중랑구 상봉동(상봉시장앞 부근),2020-12-31,17시,경상,남,73세,자전거,경상,남,68세,승용차,상해없음,차대차 - 기타,신호위반,맑음,0,12
2020년 다발지,서울특별시 중랑구2,서울특별시 중랑구 면목동(면목2동사거리 부근),2020-01-09,19시,경상,남,73세,자전거,경상,남,51세,화물차,상해없음,차대차 - 측면충돌,교차로 통행방법 위반,맑음,0,9
2020년 다발지,서울특별시 중랑구2,서울특별시 중랑구 면목동(면목2동사거리 부근),2020-01-27,17시,중상,남,37세,승용차,상해없음,남,53세,자전거,중상,차대차 - 기타,기타,흐림,0,9
2020년 다발지,서울특별시 중랑구2,서울특별시 중랑구 면목동(면목2동사거리 부근),2020-02-03,08시,부상신고,여,24세,자전거,부상신고,남,34세,이륜차,상해없음,차대차 - 측면충돌,안전운전 의무 불이행,맑음,0,9
2020년 다발지,서울특별시 중랑구2,서울특별시 중랑구 면목동(면목2동사거리 부근),2020-02-21,04시,부상신고,남,55세,자전거,부상신고,남,61세,승용차,상해없음,차대차 - 측면충돌,중앙선 침범,맑음,0,9
2020년 다발지,서울특별시 중랑구2,서울특별시 중랑구 면목동(면목2동사거리 부근),2020-02-24,11시,경상,남,72세,화물차,상해없음,남,12세,자전거,경상,차대차 - 기타,기타,맑음,0,9
2020년 다발지,서울특별시 중랑구2,서울특별시 중랑구 면목동(면목2동사거리 부근),2020-05-11,09시,경상,남,61세,이륜차,상해없음,여,59세,자전거,경상,차대차 - 측면충돌,신호위반,맑음,0,9
2020년 다발지,서울특별시 중랑구2,서울특별시 중랑구 면목동(면목2동사거리 부근),2020-06-17,17시,부상신고,남,70세,자전거,부상신고,남,63세,승용차,상해없음,차대차 - 기타,기타,맑음,0,9
2020년 다발지,서울특별시 중랑구2,서울특별시 중랑구 면목동(면목2동사거리 부근),2020-07-21,15시,경상,여,82세,승용차,상해없음,남,11세,자전거,경상,차대차 - 정면충돌,안전운전 의무 불이행,맑음,0,9
2020년 다발지,서울특별시 중랑구2,서울특별시 중랑구 면목동(면목2동사거리 부근),2020-10-20,10시,경상,남,66세,승용차,상해없음,남,74세,자전거,경상,차대차 - 기타,안전운전 의무 불이행,맑음,0,9
2020년 다발지,서울특별시 중랑구3,서울특별시 중랑구 면목동(겸재작은도서관 부근),2020-04-30,14시,경상,남,17세,자전거,부상신고,여,3세,보행자,경상,차대사람 - 기타,안전운전 의무 불이행,맑음,0,11
2020년 다발지,서울특별시 중랑구3,서울특별시 중랑구 면목동(겸재작은도서관 부근),2020-05-30,11시,경상,남,29세,자전거,상해없음,여,59세,자전거,경상,차대차 - 기타,안전운전 의무 불이행,맑음,0,11
2020년 다발지,서울특별시 중랑구3,서울특별시 중랑구 면목동(겸재작은도서관 부근),2020-06-19,20시,부상신고,여,60세,자전거,부상신고,기타불명,불명,불명,기타불명,차대차 - 추돌,안전거리 미확보,맑음,0,11
2020년 다발지,서울특별시 중랑구3,서울특별시 중랑구 면목동(겸재작은도서관 부근),2020-08-21,19시,경상,남,26세,자전거,경상,여,26세,자전거,경상,차대차 - 기타,안전운전 의무 불이행,맑음,0,11
2020년 다발지,서울특별시 중랑구3,서울특별시 중랑구 면목동(겸재작은도서관 부근),2020-09-25,06시,중상,남,54세,자전거,상해없음,여,69세,보행자,중상,차대사람 - 보도통행중,안전운전 의무 불이행,흐림,0,11
2020년 다발지,서울특별시 중랑구3,서울특별시 중랑구 면목동(겸재작은도서관 부근),2020-10-04,17시,중상,남,74세,자전거,상해없음,여,68세,자전거,중상,차대차 - 측면충돌,안전운전 의무 불이행,맑음,0,11
2020년 다발지,서울특별시 중랑구3,서울특별시 중랑구 면목동(겸재작은도서관 부근),2020-10-07,21시,경상,남,21세,자전거,경상,남,31세,자전거,경상,차대차 - 기타,안전운전 의무 불이행,맑음,0,11
2020년 다발지,서울특별시 중랑구3,서울특별시 중랑구 면목동(겸재작은도서관 부근),2020-12-29,11시,부상신고,기타불명,불명,자전거,기타불명,여,51세,보행자,부상신고,차대사람 - 횡단중,안전운전 의무 불이행,맑음,0,11
2020년 다발지,서울특별시 중랑구4,서울특별시 중랑구 망우동(망우사거리 부근),2020-02-23,20시,중상,남,22세,승용차,상해없음,여,72세,자전거,중상,차대차 - 추돌,안전운전 의무 불이행,맑음,0,6
2020년 다발지,서울특별시 중랑구4,서울특별시 중랑구 망우동(망우사거리 부근),2020-03-01,12시,경상,남,67세,승용차,상해없음,남,66세,자전거,경상,차대차 - 기타,기타,맑음,0,6
2020년 다발지,서울특별시 중랑구4,서울특별시 중랑구 망우동(망우사거리 부근),2020-05-12,18시,중상,남,63세,자전거,중상,여,35세,승용차,상해없음,차대차 - 기타,안전운전 의무 불이행,맑음,0,6
2020년 다발지,서울특별시 중랑구4,서울특별시 중랑구 망우동(망우사거리 부근),2020-06-12,06시,부상신고,남,31세,승용차,상해없음,남,59세,자전거,부상신고,차대차 - 측면충돌,안전운전 의무 불이행,맑음,0,6
2020년 다발지,서울특별시 중랑구4,서울특별시 중랑구 망우동(망우사거리 부근),2020-11-12,11시,경상,남,74세,자전거,경상,남,58세,화물차,상해없음,차대차 - 측면충돌,안전운전 의무 불이행,맑음,0,6
2020년 다발지,서울특별시 중랑구4,서울특별시 중랑구 망우동(망우사거리 부근),2020-11-28,19시,경상,남,53세,승용차,상해없음,남,66세,자전거,경상,차대차 - 후진중충돌,기타,맑음,0,6
2020년 다발지,서울특별시 중랑구5,서울특별시 중랑구 중화동(태능시장 부근),2020-04-25,13시,경상,남,65세,자전거,상해없음,남,42세,이륜차,경상,차대차 - 기타,안전운전 의무 불이행,맑음,0,7
2020년 다발지,서울특별시 중랑구5,서울특별시 중랑구 중화동(태능시장 부근),2020-06-01,18시,부상신고,남,67세,승용차,상해없음,남,5세,자전거,부상신고,차대차 - 측면충돌,안전운전 의무 불이행,맑음,0,7
2020년 다발지,서울특별시 중랑구5,서울특별시 중랑구 중화동(태능시장 부근),2020-07-11,21시,중상,남,29세,이륜차,부상신고,남,55세,자전거,중상,차대차 - 기타,교차로 통행방법 위반,맑음,0,7
2020년 다발지,서울특별시 중랑구5,서울특별시 중랑구 중화동(태능시장 부근),2020-09-23,11시,경상,남,64세,승합차,상해없음,남,10세,자전거,경상,차대차 - 기타,안전운전 의무 불이행,맑음,0,7
2020년 다발지,서울특별시 중랑구5,서울특별시 중랑구 중화동(태능시장 부근),2020-10-25,18시,중상,남,77세,자전거,중상,남,48세,이륜차,상해없음,차대차 - 정면충돌,중앙선 침범,맑음,0,7
2020년 다발지,서울특별시 중랑구5,서울특별시 중랑구 중화동(태능시장 부근),2020-11-19,09시,부상신고,남,56세,자전거,부상신고,남,56세,화물차,상해없음,차대차 - 측면충돌,신호위반,비,0,7
2020년 다발지,서울특별시 중랑구6,서울특별시 중랑구 중화동(대원메디컬빌딩 부근),2020-02-27,13시,중상,여,63세,자전거,중상,남,65세,승용차,상해없음,차대차 - 기타,기타,맑음,0,6
2020년 다발지,서울특별시 중랑구6,서울특별시 중랑구 중화동(대원메디컬빌딩 부근),2020-03-27,09시,부상신고,여,56세,자전거,부상신고,남,52세,화물차,상해없음,차대차 - 측면충돌,기타,맑음,0,6
2020년 다발지,서울특별시 중랑구6,서울특별시 중랑구 중화동(대원메디컬빌딩 부근),2020-04-04,16시,경상,남,82세,자전거,경상,남,25세,이륜차,상해없음,차대차 - 정면충돌,안전운전 의무 불이행,맑음,0,6
2020년 다발지,서울특별시 중랑구6,서울특별시 중랑구 중화동(대원메디컬빌딩 부근),2020-05-13,20시,경상,남,31세,화물차,상해없음,여,48세,자전거,경상,차대차 - 측면충돌,안전운전 의무 불이행,맑음,0,6
2020년 다발지,서울특별시 중랑구6,서울특별시 중랑구 중화동(대원메디컬빌딩 부근),2020-09-01,12시,부상신고,남,15세,자전거,부상신고,여,37세,승용차,상해없음,차대차 - 기타,기타,맑음,0,6
2020년 다발지,서울특별시 중랑구6,서울특별시 중랑구 중화동(대원메디컬빌딩 부근),2020-11-05,18시,중상,남,64세,승합차,상해없음,남,72세,자전거,중상,차대차 - 기타,안전운전 의무 불이행,맑음,0,6
2020년 다발지,서울특별시 중랑구7,서울특별시 중랑구 신내동(중랑소방서앞교차로 부근),2020-03-22,19시,중상,남,61세,자전거,중상,남,72세,승용차,상해없음,차대차 - 정면충돌,안전운전 의무 불이행,맑음,0,6
2020년 다발지,서울특별시 중랑구7,서울특별시 중랑구 신내동(중랑소방서앞교차로 부근),2020-04-08,17시,경상,남,67세,승용차,상해없음,여,30세,자전거,경상,차대차 - 측면충돌,안전운전 의무 불이행,맑음,0,6
2020년 다발지,서울특별시 중랑구7,서울특별시 중랑구 신내동(중랑소방서앞교차로 부근),2020-06-29,13시,경상,기타불명,불명,불명,기타불명,여,48세,자전거,경상,차대차 - 기타,안전운전 의무 불이행,맑음,0,6
2020년 다발지,서울특별시 중랑구7,서울특별시 중랑구 신내동(중랑소방서앞교차로 부근),2020-07-08,21시,경상,남,46세,자전거,경상,남,32세,승용차,상해없음,차대차 - 추돌,기타,맑음,0,6
2020년 다발지,서울특별시 중랑구7,서울특별시 중랑구 신내동(중랑소방서앞교차로 부근),2020-10-17,19시,경상,남,39세,화물차,기타불명,남,62세,자전거,경상,차대차 - 측면충돌,신호위반,맑음,0,6
2020년 다발지,서울특별시 중랑구7,서울특별시 중랑구 신내동(중랑소방서앞교차로 부근),2020-11-30,19시,경상,남,29세,자전거,경상,남,72세,승합차,상해없음,차대차 - 기타,안전운전 의무 불이행,맑음,0,6
2020년 다발지,서울특별시 중랑구8,서울특별시 중랑구 면목동(중랑전화국앞교차로 부근),2020-01-14,14시,경상,남,46세,화물차,상해없음,남,89세,자전거,경상,차대차 - 기타,기타,맑음,0,5
2020년 다발지,서울특별시 중랑구8,서울특별시 중랑구 면목동(중랑전화국앞교차로 부근),2020-05-27,07시,부상신고,남,57세,자전거,부상신고,남,65세,승합차,상해없음,차대차 - 기타,안전거리 미확보,맑음,0,5
2020년 다발지,서울특별시 중랑구8,서울특별시 중랑구 면목동(중랑전화국앞교차로 부근),2020-07-22,06시,중상,남,61세,승용차,상해없음,여,61세,자전거,중상,차대차 - 측면충돌,안전운전 의무 불이행,맑음,0,5
2020년 다발지,서울특별시 중랑구8,서울특별시 중랑구 면목동(중랑전화국앞교차로 부근),2020-09-25,08시,중상,여,34세,자전거,중상,남,45세,승용차,상해없음,차대차 - 측면충돌,안전운전 의무 불이행,맑음,0,5
2020년 다발지,서울특별시 중랑구8,서울특별시 중랑구 면목동(중랑전화국앞교차로 부근),2020-09-26,11시,경상,남,59세,화물차,상해없음,남,82세,자전거,경상,차대차 - 측면충돌,안전운전 의무 불이행,맑음,0,5
2020년 다발지,서울특별시 중랑구9,서울특별시 중랑구 신내동(진로APT 부근),2020-01-14,07시,사망,남,25세,자전거,상해없음,남,75세,보행자,사망,차대사람 - 횡단중,신호위반,맑음,1,4
2020년 다발지,서울특별시 중랑구9,서울특별시 중랑구 신내동(진로APT 부근),2020-04-18,23시,중상,남,17세,자전거,상해없음,여,70세,보행자,중상,차대사람 - 기타,신호위반,맑음,1,4
2020년 다발지,서울특별시 중랑구9,서울특별시 중랑구 신내동(진로APT 부근),2020-05-04,06시,중상,여,51세,승용차,경상,남,55세,자전거,중상,차대차 - 측면충돌,신호위반,맑음,1,4
2020년 다발지,서울특별시 중랑구9,서울특별시 중랑구 신내동(진로APT 부근),2020-11-07,16시,중상,남,53세,건설기계,상해없음,남,79세,자전거,중상,차대차 - 측면충돌,신호위반,맑음,1,4
2020년 다발지,서울특별시 중랑구10,서울특별시 중랑구 중화동(동부시장앞교차로 부근),2020-07-07,19시,경상,남,67세,자전거,상해없음,남,50세,보행자,경상,차대사람 - 횡단중,보행자 보호의무 위반,맑음,0,5
2020년 다발지,서울특별시 중랑구10,서울특별시 중랑구 중화동(동부시장앞교차로 부근),2020-08-21,20시,중상,남,49세,이륜차,경상,남,27세,자전거,중상,차대차 - 측면충돌,안전운전 의무 불이행,흐림,0,5
2020년 다발지,서울특별시 중랑구10,서울특별시 중랑구 중화동(동부시장앞교차로 부근),2020-09-22,20시,부상신고,여,18세,자전거,부상신고,남,68세,승용차,상해없음,차대차 - 기타,기타,맑음,0,5
2020년 다발지,서울특별시 중랑구10,서울특별시 중랑구 중화동(동부시장앞교차로 부근),2020-10-13,17시,부상신고,여,40세,자전거,부상신고,남,39세,이륜차,상해없음,차대차 - 기타,중앙선 침범,맑음,0,5
2020년 다발지,서울특별시 중랑구11,서울특별시 중랑구 면목동(장안교앞 부근),2020-05-06,22시,경상,남,14세,자전거,상해없음,남,27세,보행자,경상,차대사람 - 기타,안전운전 의무 불이행,기타/불명,0,4
2020년 다발지,서울특별시 중랑구11,서울특별시 중랑구 면목동(장안교앞 부근),2020-06-23,20시,경상,남,17세,자전거,상해없음,여,54세,보행자,경상,차대사람 - 횡단중,안전운전 의무 불이행,맑음,0,4
2020년 다발지,서울특별시 중랑구11,서울특별시 중랑구 면목동(장안교앞 부근),2020-07-20,14시,경상,남,51세,자전거,경상,여,60세,승용차,상해없음,차대차 - 기타,안전운전 의무 불이행,맑음,0,4
2020년 다발지,서울특별시 중랑구11,서울특별시 중랑구 면목동(장안교앞 부근),2020-10-14,06시,경상,남,59세,승용차,상해없음,남,58세,자전거,경상,차대차 - 기타,교차로 통행방법 위반,맑음,0,4
2020년 다발지,서울특별시 성북구1,서울특별시 성북구 종암동(종암사거리 부근),2020-01-12,10시,경상,남,71세,승용차,상해없음,남,67세,자전거,경상,차대차 - 추돌,안전거리 미확보,맑음,0,5
2020년 다발지,서울특별시 성북구1,서울특별시 성북구 종암동(종암사거리 부근),2020-02-24,22시,중상,남,30세,승용차,상해없음,남,68세,자전거,중상,차대차 - 측면충돌,안전운전 의무 불이행,흐림,0,5
2020년 다발지,서울특별시 성북구1,서울특별시 성북구 종암동(종암사거리 부근),2020-06-06,14시,경상,남,44세,승용차,기타불명,여,28세,자전거,경상,차대차 - 측면충돌,안전운전 의무 불이행,맑음,0,5
2020년 다발지,서울특별시 성북구1,서울특별시 성북구 종암동(종암사거리 부근),2020-09-25,20시,경상,남,66세,화물차,상해없음,여,38세,자전거,경상,차대차 - 정면충돌,안전운전 의무 불이행,맑음,0,5
2020년 다발지,서울특별시 성북구1,서울특별시 성북구 종암동(종암사거리 부근),2020-12-22,16시,중상,남,23세,자전거,중상,남,41세,승용차,상해없음,차대차 - 측면충돌,교차로 통행방법 위반,맑음,0,5
2020년 다발지,서울특별시 성북구2,서울특별시 성북구 하월곡동(월곡역앞교차로 부근),2020-03-24,18시,중상,여,59세,자전거,중상,남,18세,원동기장치자전거,기타불명,차대차 - 기타,신호위반,맑음,0,4
2020년 다발지,서울특별시 성북구2,서울특별시 성북구 하월곡동(월곡역앞교차로 부근),2020-06-01,15시,중상,남,75세,자전거,중상,남,47세,건설기계,상해없음,차대차 - 정면충돌,기타,맑음,0,4
2020년 다발지,서울특별시 성북구2,서울특별시 성북구 하월곡동(월곡역앞교차로 부근),2020-08-12,20시,부상신고,남,7세,자전거,부상신고,남,55세,승합차,상해없음,차대차 - 기타,안전운전 의무 불이행,맑음,0,4
2020년 다발지,서울특별시 성북구2,서울특별시 성북구 하월곡동(월곡역앞교차로 부근),2020-09-10,08시,중상,남,68세,자전거,상해없음,여,75세,보행자,중상,차대사람 - 보도통행중,기타,맑음,0,4
2020년 다발지,서울특별시 강북구1,서울특별시 강북구 수유동(광산사거리 부근),2020-05-06,16시,경상,남,65세,자전거,경상,여,55세,승용차,상해없음,차대차 - 측면충돌,중앙선 침범,맑음,0,9
2020년 다발지,서울특별시 강북구1,서울특별시 강북구 수유동(광산사거리 부근),2020-05-07,21시,경상,남,44세,승용차,상해없음,남,51세,자전거,경상,차대차 - 기타,안전운전 의무 불이행,맑음,0,9
2020년 다발지,서울특별시 강북구1,서울특별시 강북구 수유동(광산사거리 부근),2020-05-08,20시,경상,남,47세,화물차,상해없음,여,35세,자전거,경상,차대차 - 기타,신호위반,비,0,9
2020년 다발지,서울특별시 강북구1,서울특별시 강북구 수유동(광산사거리 부근),2020-06-13,13시,경상,남,46세,승합차,상해없음,남,80세,자전거,경상,차대차 - 측면충돌,안전거리 미확보,맑음,0,9
2020년 다발지,서울특별시 강북구1,서울특별시 강북구 수유동(광산사거리 부근),2020-07-04,18시,부상신고,남,46세,자전거,부상신고,여,38세,승용차,상해없음,차대차 - 측면충돌,안전운전 의무 불이행,맑음,0,9
2020년 다발지,서울특별시 강북구1,서울특별시 강북구 수유동(광산사거리 부근),2020-07-11,02시,경상,남,21세,자전거,상해없음,남,18세,이륜차,경상,차대차 - 기타,중앙선 침범,맑음,0,9
2020년 다발지,서울특별시 강북구1,서울특별시 강북구 수유동(광산사거리 부근),2020-10-20,08시,경상,남,41세,자전거,경상,여,52세,자전거,상해없음,차대차 - 기타,중앙선 침범,맑음,0,9
2020년 다발지,서울특별시 강북구1,서울특별시 강북구 수유동(광산사거리 부근),2020-12-24,17시,경상,남,57세,자전거,경상,남,48세,원동기장치자전거,상해없음,차대차 - 측면충돌,중앙선 침범,맑음,0,9
2020년 다발지,서울특별시 강북구2,서울특별시 강북구 번동(번동사거리 부근),2020-04-05,13시,경상,여,55세,승용차,상해없음,여,9세,자전거,경상,차대차 - 측면충돌,신호위반,맑음,0,6
2020년 다발지,서울특별시 강북구2,서울특별시 강북구 번동(번동사거리 부근),2020-04-28,14시,경상,남,70세,승합차,상해없음,남,63세,자전거,경상,차대차 - 기타,안전운전 의무 불이행,맑음,0,6
2020년 다발지,서울특별시 강북구2,서울특별시 강북구 번동(번동사거리 부근),2020-06-15,17시,경상,남,63세,자전거,경상,남,68세,승용차,상해없음,차대차 - 측면충돌,중앙선 침범,맑음,0,6
2020년 다발지,서울특별시 강북구2,서울특별시 강북구 번동(번동사거리 부근),2020-06-18,23시,중상,남,23세,이륜차,상해없음,남,39세,자전거,중상,차대차 - 측면충돌,신호위반,맑음,0,6
2020년 다발지,서울특별시 강북구2,서울특별시 강북구 번동(번동사거리 부근),2020-12-08,14시,중상,남,45세,화물차,상해없음,남,68세,자전거,중상,차대차 - 기타,안전거리 미확보,흐림,0,6
2020년 다발지,서울특별시 강북구2,서울특별시 강북구 번동(번동사거리 부근),2020-12-31,18시,경상,남,59세,승용차,상해없음,남,28세,자전거,경상,차대차 - 측면충돌,교차로 통행방법 위반,맑음,0,6
2020년 다발지,서울특별시 강북구3,서울특별시 강북구 미아동(수유치과의원 부근),2020-04-10,12시,경상,남,19세,자전거,경상,남,67세,승용차,상해없음,차대차 - 측면충돌,안전운전 의무 불이행,맑음,0,6
2020년 다발지,서울특별시 강북구3,서울특별시 강북구 미아동(수유치과의원 부근),2020-06-23,08시,경상,남,68세,승용차,상해없음,남,52세,자전거,경상,차대차 - 기타,기타,맑음,0,6
2020년 다발지,서울특별시 강북구3,서울특별시 강북구 미아동(수유치과의원 부근),2020-09-25,12시,경상,여,60세,자전거,경상,남,54세,화물차,상해없음,차대차 - 기타,안전운전 의무 불이행,맑음,0,6
2020년 다발지,서울특별시 강북구3,서울특별시 강북구 미아동(수유치과의원 부근),2020-10-12,13시,경상,남,29세,자전거,경상,남,66세,승용차,상해없음,차대차 - 측면충돌,안전운전 의무 불이행,맑음,0,6
2020년 다발지,서울특별시 강북구3,서울특별시 강북구 미아동(수유치과의원 부근),2020-11-21,17시,경상,남,26세,승용차,상해없음,남,65세,자전거,경상,차대차 - 기타,안전운전 의무 불이행,맑음,0,6
2020년 다발지,서울특별시 강북구3,서울특별시 강북구 미아동(수유치과의원 부근),2020-11-22,01시,경상,기타불명,불명,불명,기타불명,남,67세,자전거,경상,차대차 - 측면충돌,신호위반,비,0,6
2020년 다발지,서울특별시 강북구4,서울특별시 강북구 번동(쌍문시장 부근),2020-01-24,12시,경상,남,72세,자전거,경상,남,41세,승합차,상해없음,차대차 - 측면충돌,안전운전 의무 불이행,맑음,0,4
2020년 다발지,서울특별시 강북구4,서울특별시 강북구 번동(쌍문시장 부근),2020-10-01,13시,경상,남,36세,승합차,상해없음,남,52세,자전거,경상,차대차 - 기타,안전운전 의무 불이행,맑음,0,4
2020년 다발지,서울특별시 강북구4,서울특별시 강북구 번동(쌍문시장 부근),2020-11-24,09시,중상,남,61세,승용차,상해없음,여,59세,자전거,중상,차대차 - 측면충돌,안전운전 의무 불이행,맑음,0,4
2020년 다발지,서울특별시 강북구4,서울특별시 강북구 번동(쌍문시장 부근),2020-12-08,18시,경상,여,64세,자전거,경상,남,61세,승용차,상해없음,차대차 - 기타,안전운전 의무 불이행,맑음,0,4
2020년 다발지,서울특별시 강북구5,서울특별시 강북구 번동(수유사거리 부근),2020-03-16,10시,경상,남,56세,승합차,상해없음,남,63세,자전거,경상,차대차 - 측면충돌,안전운전 의무 불이행,맑음,0,4
2020년 다발지,서울특별시 강북구5,서울특별시 강북구 번동(수유사거리 부근),2020-10-12,17시,경상,여,50세,승용차,상해없음,남,36세,자전거,경상,차대차 - 기타,안전운전 의무 불이행,맑음,0,4
2020년 다발지,서울특별시 강북구5,서울특별시 강북구 번동(수유사거리 부근),2020-10-15,15시,경상,남,72세,자전거,상해없음,여,22세,보행자,경상,차대사람 - 횡단중,보행자 보호의무 위반,맑음,0,4
2020년 다발지,서울특별시 강북구5,서울특별시 강북구 번동(수유사거리 부근),2020-11-05,12시,경상,남,44세,승용차,상해없음,여,58세,자전거,경상,차대차 - 기타,안전운전 의무 불이행,맑음,0,4
2020년 다발지,서울특별시 도봉구1,서울특별시 도봉구 창동(창동변전소 부근),2020-04-28,15시,경상,남,74세,승용차,상해없음,남,63세,자전거,경상,차대차 - 기타,안전운전 의무 불이행,맑음,0,5
2020년 다발지,서울특별시 도봉구1,서울특별시 도봉구 창동(창동변전소 부근),2020-07-29,05시,중상,남,73세,자전거,중상,남,68세,승용차,상해없음,차대차 - 정면충돌,신호위반,비,0,5
2020년 다발지,서울특별시 도봉구1,서울특별시 도봉구 창동(창동변전소 부근),2020-08-08,21시,중상,남,21세,이륜차,상해없음,남,59세,자전거,중상,차대차 - 측면충돌,신호위반,비,0,5
2020년 다발지,서울특별시 도봉구1,서울특별시 도봉구 창동(창동변전소 부근),2020-10-05,13시,경상,남,50세,승용차,상해없음,남,47세,자전거,경상,차대차 - 측면충돌,안전운전 의무 불이행,맑음,0,5
2020년 다발지,서울특별시 도봉구1,서울특별시 도봉구 창동(창동변전소 부근),2020-10-13,17시,부상신고,남,45세,자전거,부상신고,남,26세,이륜차,상해없음,차대차 - 기타,기타,맑음,0,5
2020년 다발지,서울특별시 도봉구2,서울특별시 도봉구 방학동(도봉소방서 부근),2020-01-09,09시,경상,남,64세,승합차,상해없음,남,73세,자전거,경상,차대차 - 측면충돌,신호위반,맑음,0,4
2020년 다발지,서울특별시 도봉구2,서울특별시 도봉구 방학동(도봉소방서 부근),2020-06-08,21시,경상,남,53세,자전거,경상,남,60세,승용차,상해없음,차대차 - 정면충돌,신호위반,맑음,0,4
2020년 다발지,서울특별시 도봉구2,서울특별시 도봉구 방학동(도봉소방서 부근),2020-06-30,13시,경상,남,30세,승용차,상해없음,남,58세,자전거,경상,차대차 - 기타,안전운전 의무 불이행,맑음,0,4
2020년 다발지,서울특별시 도봉구2,서울특별시 도봉구 방학동(도봉소방서 부근),2020-10-07,06시,경상,남,68세,자전거,상해없음,여,75세,보행자,경상,차대사람 - 횡단중,보행자 보호의무 위반,맑음,0,4
2020년 다발지,서울특별시 노원구1,서울특별시 노원구 상계동(창동교앞교차로 부근),2020-03-12,18시,경상,남,17세,자전거,상해없음,남,42세,자전거,경상,차대차 - 기타,안전운전 의무 불이행,맑음,0,10
2020년 다발지,서울특별시 노원구1,서울특별시 노원구 상계동(창동교앞교차로 부근),2020-03-24,22시,경상,남,51세,승용차,상해없음,여,20세,자전거,경상,차대차 - 기타,안전운전 의무 불이행,맑음,0,10
2020년 다발지,서울특별시 노원구1,서울특별시 노원구 상계동(창동교앞교차로 부근),2020-04-29,09시,부상신고,남,60세,자전거,부상신고,여,43세,자전거,상해없음,차대차 - 정면충돌,안전운전 의무 불이행,맑음,0,10
2020년 다발지,서울특별시 노원구1,서울특별시 노원구 상계동(창동교앞교차로 부근),2020-07-05,19시,경상,남,74세,승용차,상해없음,여,48세,자전거,경상,차대차 - 측면충돌,안전운전 의무 불이행,맑음,0,10