다발지구분,다발지시군구,지점명,발생일,발생시간대,사고내용,가해자성별,가해자연령,가해자차종,가해자신체상해정도,피해자성별,피해자연령,피해자차종,피해자신체상해정도,사고유형,법규위반사항,기상상태,사망자수,부상자수
2020년 다발지,서울특별시 노원구1,서울특별시 노원구 상계동(창동교앞교차로 부근),2020-07-07,10시,경상,남,56세,자전거,상해없음,여,57세,자전거,경상,차대차 - 기타,안전운전 의무 불이행,맑음,0,10
2020년 다발지,서울특별시 노원구1,서울특별시 노원구 상계동(창동교앞교차로 부근),2020-08-21,07시,경상,남,65세,자전거,경상,남,44세,승용차,상해없음,차대차 - 기타,안전운전 의무 불이행,맑음,0,10
2020년 다발지,서울특별시 노원구1,서울특별시 노원구 상계동(창동교앞교차로 부근),2020-09-07,05시,중상,남,52세,승용차,상해없음,남,69세,자전거,중상,차대차 - 측면충돌,안전운전 의무 불이행,흐림,0,10
2020년 다발지,서울특별시 노원구1,서울특별시 노원구 상계동(창동교앞교차로 부근),2020-09-23,00시,중상,남,61세,승용차,상해없음,여,53세,자전거,중상,차대차 - 기타,안전운전 의무 불이행,맑음,0,10
2020년 다발지,서울특별시 노원구1,서울특별시 노원구 상계동(창동교앞교차로 부근),2020-10-13,18시,경상,남,62세,자전거,상해없음,남,12세,자전거,경상,차대차 - 기타,안전운전 의무 불이행,맑음,0,10
2020년 다발지,서울특별시 노원구1,서울특별시 노원구 상계동(창동교앞교차로 부근),2020-10-29,01시,중상,남,72세,승용차,상해없음,남,28세,자전거,중상,차대차 - 측면충돌,신호위반,맑음,0,10
2020년 다발지,서울특별시 노원구2,서울특별시 노원구 중계동(중계역앞교차로 부근),2020-05-28,16시,경상,남,63세,화물차,상해없음,남,76세,자전거,경상,차대차 - 기타,기타,맑음,1,6
2020년 다발지,서울특별시 노원구2,서울특별시 노원구 중계동(중계역앞교차로 부근),2020-07-11,14시,경상,남,27세,승용차,상해없음,남,34세,자전거,경상,차대차 - 측면충돌,신호위반,맑음,1,6
2020년 다발지,서울특별시 노원구2,서울특별시 노원구 중계동(중계역앞교차로 부근),2020-08-07,13시,중상,여,41세,자전거,기타불명,여,65세,보행자,중상,차대사람 - 횡단중,안전운전 의무 불이행,맑음,1,6
2020년 다발지,서울특별시 노원구2,서울특별시 노원구 중계동(중계역앞교차로 부근),2020-09-02,11시,경상,남,57세,승용차,상해없음,남,18세,자전거,경상,차대차 - 측면충돌,신호위반,비,1,6
2020년 다발지,서울특별시 노원구2,서울특별시 노원구 중계동(중계역앞교차로 부근),2020-10-21,05시,사망,남,66세,승용차,상해없음,남,77세,자전거,사망,차대차 - 측면충돌,신호위반,맑음,1,6
2020년 다발지,서울특별시 노원구2,서울특별시 노원구 중계동(중계역앞교차로 부근),2020-10-23,05시,부상신고,남,62세,자전거,부상신고,남,67세,승용차,상해없음,차대차 - 기타,안전운전 의무 불이행,맑음,1,6
2020년 다발지,서울특별시 노원구2,서울특별시 노원구 중계동(중계역앞교차로 부근),2020-11-25,16시,중상,남,51세,승용차,상해없음,남,10세,자전거,중상,차대차 - 측면충돌,안전운전 의무 불이행,맑음,1,6
2020년 다발지,서울특별시 노원구3,서울특별시 노원구 상계동(상계초교입구교차로 부근),2020-02-19,10시,부상신고,남,69세,자전거,부상신고,여,52세,승용차,상해없음,차대차 - 측면충돌,기타,맑음,0,7
2020년 다발지,서울특별시 노원구3,서울특별시 노원구 상계동(상계초교입구교차로 부근),2020-04-14,13시,경상,남,20세,자전거,상해없음,여,60세,보행자,경상,차대사람 - 횡단중,신호위반,맑음,0,7
2020년 다발지,서울특별시 노원구3,서울특별시 노원구 상계동(상계초교입구교차로 부근),2020-06-01,13시,부상신고,남,61세,자전거,부상신고,남,40세,이륜차,상해없음,차대차 - 기타,안전운전 의무 불이행,맑음,0,7
2020년 다발지,서울특별시 노원구3,서울특별시 노원구 상계동(상계초교입구교차로 부근),2020-06-25,21시,중상,남,67세,승용차,상해없음,여,49세,자전거,중상,차대차 - 측면충돌,교차로 통행방법 위반,비,0,7
2020년 다발지,서울특별시 노원구3,서울특별시 노원구 상계동(상계초교입구교차로 부근),2020-07-17,15시,경상,남,82세,자전거,경상,남,28세,승용차,상해없음,차대차 - 측면충돌,안전운전 의무 불이행,맑음,0,7
2020년 다발지,서울특별시 노원구3,서울특별시 노원구 상계동(상계초교입구교차로 부근),2020-11-04,10시,경상,남,50세,승용차,상해없음,남,47세,자전거,경상,차대차 - 기타,신호위반,맑음,0,7
2020년 다발지,서울특별시 노원구3,서울특별시 노원구 상계동(상계초교입구교차로 부근),2020-12-18,11시,경상,여,57세,승용차,상해없음,남,27세,자전거,경상,차대차 - 기타,안전운전 의무 불이행,맑음,0,7
2020년 다발지,서울특별시 노원구4,서울특별시 노원구 상계동(녹천교앞교차로 부근),2020-04-05,13시,경상,여,60세,자전거,경상,남,18세,자전거,상해없음,차대차 - 측면충돌,안전운전 의무 불이행,맑음,0,8
2020년 다발지,서울특별시 노원구4,서울특별시 노원구 상계동(녹천교앞교차로 부근),2020-05-16,15시,경상,남,70세,자전거,부상신고,남,40세,자전거,경상,차대차 - 정면충돌,안전운전 의무 불이행,맑음,0,8
2020년 다발지,서울특별시 노원구4,서울특별시 노원구 상계동(녹천교앞교차로 부근),2020-07-01,15시,경상,여,47세,자전거,경상,남,63세,자전거,경상,차대차 - 정면충돌,교차로 통행방법 위반,맑음,0,8
2020년 다발지,서울특별시 노원구4,서울특별시 노원구 상계동(녹천교앞교차로 부근),2020-07-19,20시,경상,여,70세,자전거,경상,남,32세,승용차,상해없음,차대차 - 측면충돌,안전운전 의무 불이행,맑음,0,8
2020년 다발지,서울특별시 노원구4,서울특별시 노원구 상계동(녹천교앞교차로 부근),2020-07-19,21시,중상,남,51세,자전거,상해없음,남,57세,보행자,중상,차대사람 - 횡단중,안전운전 의무 불이행,흐림,0,8
2020년 다발지,서울특별시 노원구4,서울특별시 노원구 상계동(녹천교앞교차로 부근),2020-10-15,12시,중상,남,14세,자전거,상해없음,여,58세,보행자,중상,차대사람 - 기타,안전운전 의무 불이행,맑음,0,8
2020년 다발지,서울특별시 노원구5,서울특별시 노원구 상계동(노원역 부근),2020-02-04,10시,경상,남,44세,자전거,상해없음,여,35세,보행자,경상,차대사람 - 보도통행중,안전운전 의무 불이행,맑음,0,6
2020년 다발지,서울특별시 노원구5,서울특별시 노원구 상계동(노원역 부근),2020-04-05,12시,중상,남,66세,자전거,중상,남,29세,원동기장치자전거,경상,차대차 - 측면충돌,안전운전 의무 불이행,맑음,0,6
2020년 다발지,서울특별시 노원구5,서울특별시 노원구 상계동(노원역 부근),2020-05-19,05시,경상,남,80세,자전거,경상,남,26세,승용차,상해없음,차대차 - 측면충돌,안전운전 의무 불이행,맑음,0,6
2020년 다발지,서울특별시 노원구5,서울특별시 노원구 상계동(노원역 부근),2020-09-01,22시,경상,남,67세,승용차,상해없음,남,43세,자전거,경상,차대차 - 측면충돌,안전운전 의무 불이행,맑음,0,6
2020년 다발지,서울특별시 노원구5,서울특별시 노원구 상계동(노원역 부근),2020-09-08,14시,중상,기타불명,불명,불명,기타불명,남,24세,자전거,중상,차대차 - 측면충돌,안전거리 미확보,맑음,0,6
2020년 다발지,서울특별시 노원구6,서울특별시 노원구 중계동(청암고교앞교차로 부근),2020-01-17,09시,경상,남,63세,승용차,상해없음,여,29세,자전거,경상,차대차 - 측면충돌,안전운전 의무 불이행,맑음,0,5
2020년 다발지,서울특별시 노원구6,서울특별시 노원구 중계동(청암고교앞교차로 부근),2020-06-01,18시,경상,남,64세,승용차,상해없음,남,9세,자전거,경상,차대차 - 측면충돌,안전운전 의무 불이행,맑음,0,5
2020년 다발지,서울특별시 노원구6,서울특별시 노원구 중계동(청암고교앞교차로 부근),2020-07-06,12시,부상신고,여,20세,자전거,부상신고,기타불명,불명,불명,기타불명,차대차 - 측면충돌,기타,맑음,0,5
2020년 다발지,서울특별시 노원구6,서울특별시 노원구 중계동(청암고교앞교차로 부근),2020-07-19,19시,중상,남,26세,자전거,상해없음,여,55세,보행자,중상,차대사람 - 보도통행중,기타,흐림,0,5
2020년 다발지,서울특별시 노원구6,서울특별시 노원구 중계동(청암고교앞교차로 부근),2020-11-22,15시,경상,남,43세,이륜차,상해없음,남,16세,자전거,경상,차대차 - 측면충돌,신호위반,맑음,0,5
2020년 다발지,서울특별시 노원구7,서울특별시 노원구 중계동(양지근린공원앞 부근),2020-06-14,10시,부상신고,남,14세,자전거,부상신고,남,34세,승용차,상해없음,차대차 - 측면충돌,안전운전 의무 불이행,맑음,0,5
2020년 다발지,서울특별시 노원구7,서울특별시 노원구 중계동(양지근린공원앞 부근),2020-07-16,20시,부상신고,남,12세,자전거,부상신고,남,17세,자전거,상해없음,차대차 - 측면충돌,신호위반,맑음,0,5
2020년 다발지,서울특별시 노원구7,서울특별시 노원구 중계동(양지근린공원앞 부근),2020-09-08,14시,경상,남,11세,자전거,상해없음,남,49세,보행자,경상,차대사람 - 보도통행중,기타,맑음,0,5
2020년 다발지,서울특별시 노원구7,서울특별시 노원구 중계동(양지근린공원앞 부근),2020-10-06,12시,경상,남,77세,승용차,상해없음,남,60세,자전거,경상,차대차 - 측면충돌,신호위반,맑음,0,5
2020년 다발지,서울특별시 노원구7,서울특별시 노원구 중계동(양지근린공원앞 부근),2020-10-17,19시,부상신고,남,23세,이륜차,부상신고,남,15세,자전거,상해없음,차대차 - 기타,신호위반,맑음,0,5
2020년 다발지,서울특별시 노원구8,서울특별시 노원구 공릉동(태릉입구역앞교차로 부근),2020-05-18,09시,경상,남,70세,화물차,상해없음,여,50세,자전거,경상,차대차 - 기타,안전운전 의무 불이행,흐림,0,4
2020년 다발지,서울특별시 노원구8,서울특별시 노원구 공릉동(태릉입구역앞교차로 부근),2020-06-29,13시,중상,여,43세,승용차,상해없음,남,69세,자전거,중상,차대차 - 측면충돌,교차로 통행방법 위반,맑음,0,4
2020년 다발지,서울특별시 노원구8,서울특별시 노원구 공릉동(태릉입구역앞교차로 부근),2020-07-02,16시,경상,남,67세,승용차,상해없음,남,14세,자전거,경상,차대차 - 측면충돌,신호위반,맑음,0,4
2020년 다발지,서울특별시 노원구8,서울특별시 노원구 공릉동(태릉입구역앞교차로 부근),2020-07-30,22시,중상,여,56세,승용차,상해없음,여,37세,자전거,중상,차대차 - 측면충돌,안전운전 의무 불이행,흐림,0,4
2020년 다발지,서울특별시 노원구9,서울특별시 노원구 하계동(중계롯데아파트 부근),2020-06-06,20시,경상,남,52세,자전거,상해없음,여,47세,보행자,경상,차대사람 - 횡단중,안전운전 의무 불이행,맑음,0,5
2020년 다발지,서울특별시 노원구9,서울특별시 노원구 하계동(중계롯데아파트 부근),2020-09-13,12시,경상,여,61세,자전거,경상,남,12세,자전거,상해없음,차대차 - 정면충돌,안전거리 미확보,맑음,0,5
2020년 다발지,서울특별시 노원구9,서울특별시 노원구 하계동(중계롯데아파트 부근),2020-09-28,19시,경상,여,15세,자전거,부상신고,남,44세,자전거,경상,차대차 - 측면충돌,기타,맑음,0,5
2020년 다발지,서울특별시 노원구9,서울특별시 노원구 하계동(중계롯데아파트 부근),2020-11-24,13시,중상,남,66세,자전거,상해없음,남,65세,자전거,중상,차대차 - 정면충돌,안전운전 의무 불이행,맑음,0,5
2020년 다발지,서울특별시 노원구10,서울특별시 노원구 하계동(하계역교차로 부근),2020-05-10,14시,중상,여,53세,승용차,상해없음,남,65세,자전거,중상,차대차 - 측면충돌,안전운전 의무 불이행,흐림,0,4
2020년 다발지,서울특별시 노원구10,서울특별시 노원구 하계동(하계역교차로 부근),2020-05-10,21시,경상,여,56세,자전거,상해없음,여,46세,보행자,경상,차대사람 - 보도통행중,안전운전 의무 불이행,기타/불명,0,4
2020년 다발지,서울특별시 노원구10,서울특별시 노원구 하계동(하계역교차로 부근),2020-07-15,21시,경상,남,28세,자전거,상해없음,여,55세,보행자,경상,차대사람 - 횡단중,기타,맑음,0,4
2020년 다발지,서울특별시 노원구10,서울특별시 노원구 하계동(하계역교차로 부근),2020-10-28,06시,경상,남,19세,자전거,상해없음,여,24세,보행자,경상,차대사람 - 보도통행중,기타,맑음,0,4
2020년 다발지,서울특별시 은평구1,서울특별시 은평구 역촌동(신사오거리 부근),2020-03-02,14시,중상,남,32세,승합차,상해없음,남,77세,자전거,중상,차대차 - 추돌,안전운전 의무 불이행,맑음,0,6
2020년 다발지,서울특별시 은평구1,서울특별시 은평구 역촌동(신사오거리 부근),2020-03-18,15시,부상신고,남,13세,자전거,부상신고,여,37세,승용차,기타불명,차대차 - 측면충돌,안전운전 의무 불이행,맑음,0,6
2020년 다발지,서울특별시 은평구1,서울특별시 은평구 역촌동(신사오거리 부근),2020-03-29,15시,경상,남,67세,자전거,경상,남,28세,승용차,상해없음,차대차 - 측면충돌,안전운전 의무 불이행,맑음,0,6
2020년 다발지,서울특별시 은평구1,서울특별시 은평구 역촌동(신사오거리 부근),2020-07-21,15시,부상신고,남,14세,자전거,부상신고,남,72세,승용차,상해없음,차대차 - 측면충돌,신호위반,맑음,0,6
2020년 다발지,서울특별시 은평구1,서울특별시 은평구 역촌동(신사오거리 부근),2020-09-14,04시,경상,남,73세,자전거,경상,없음,불명,없음,없음,차량단독 - 기타,안전운전 의무 불이행,맑음,0,6
2020년 다발지,서울특별시 은평구1,서울특별시 은평구 역촌동(신사오거리 부근),2020-10-05,12시,중상,여,48세,승용차,상해없음,남,79세,자전거,중상,차대차 - 측면충돌,안전운전 의무 불이행,맑음,0,6
2020년 다발지,서울특별시 서대문구1,서울특별시 서대문구 홍은동(홍은동21727 부근),2020-02-25,14시,사망,남,80세,자전거,상해없음,여,71세,보행자,사망,차대사람 - 기타,안전운전 의무 불이행,흐림,1,5
2020년 다발지,서울특별시 서대문구1,서울특별시 서대문구 홍은동(홍은동21727 부근),2020-04-13,13시,경상,여,30세,승용차,상해없음,남,73세,자전거,경상,차대차 - 측면충돌,안전운전 의무 불이행,맑음,1,5
2020년 다발지,서울특별시 서대문구1,서울특별시 서대문구 홍은동(홍은동21727 부근),2020-06-02,16시,경상,남,17세,이륜차,경상,남,10세,자전거,경상,차대차 - 측면충돌,신호위반,맑음,1,5
2020년 다발지,서울특별시 서대문구1,서울특별시 서대문구 홍은동(홍은동21727 부근),2020-07-17,13시,부상신고,남,23세,자전거,부상신고,여,38세,승용차,상해없음,차대차 - 측면충돌,중앙선 침범,맑음,1,5
2020년 다발지,서울특별시 서대문구1,서울특별시 서대문구 홍은동(홍은동21727 부근),2020-08-13,16시,부상신고,남,13세,자전거,부상신고,남,44세,특수차,상해없음,차대차 - 측면충돌,안전운전 의무 불이행,맑음,1,5
2020년 다발지,서울특별시 양천구1,서울특별시 양천구 목동(목동5단지교차로 부근),2020-01-14,18시,부상신고,여,45세,승용차,상해없음,남,17세,자전거,부상신고,차대차 - 측면충돌,안전운전 의무 불이행,맑음,0,6
2020년 다발지,서울특별시 양천구1,서울특별시 양천구 목동(목동5단지교차로 부근),2020-01-22,17시,경상,남,15세,자전거,경상,남,48세,승용차,상해없음,차대차 - 측면충돌,기타,맑음,0,6
2020년 다발지,서울특별시 양천구1,서울특별시 양천구 목동(목동5단지교차로 부근),2020-01-23,22시,경상,남,17세,자전거,경상,여,54세,승용차,상해없음,차대차 - 정면충돌,중앙선 침범,맑음,0,6
2020년 다발지,서울특별시 양천구1,서울특별시 양천구 목동(목동5단지교차로 부근),2020-06-03,18시,경상,여,21세,자전거,경상,여,30세,승용차,상해없음,차대차 - 측면충돌,기타,맑음,0,6
2020년 다발지,서울특별시 양천구1,서울특별시 양천구 목동(목동5단지교차로 부근),2020-06-09,21시,중상,남,16세,자전거,기타불명,여,24세,보행자,중상,차대사람 - 횡단중,보행자 보호의무 위반,맑음,0,6
2020년 다발지,서울특별시 양천구1,서울특별시 양천구 목동(목동5단지교차로 부근),2020-09-03,20시,부상신고,남,17세,자전거,상해없음,여,37세,보행자,부상신고,차대사람 - 기타,안전운전 의무 불이행,맑음,0,6
2020년 다발지,서울특별시 양천구2,서울특별시 양천구 신월동(월정초교앞교차로 부근),2020-04-10,11시,경상,남,72세,이륜차,경상,남,68세,자전거,경상,차대차 - 기타,신호위반,맑음,0,7
2020년 다발지,서울특별시 양천구2,서울특별시 양천구 신월동(월정초교앞교차로 부근),2020-07-15,11시,중상,남,81세,자전거,중상,남,41세,이륜차,부상신고,차대차 - 기타,안전운전 의무 불이행,맑음,0,7
2020년 다발지,서울특별시 양천구2,서울특별시 양천구 신월동(월정초교앞교차로 부근),2020-09-10,23시,경상,남,18세,자전거,경상,남,64세,승용차,상해없음,차대차 - 기타,안전운전 의무 불이행,맑음,0,7
2020년 다발지,서울특별시 양천구2,서울특별시 양천구 신월동(월정초교앞교차로 부근),2020-09-18,16시,부상신고,남,69세,자전거,부상신고,여,48세,보행자,상해없음,차대사람 - 기타,안전운전 의무 불이행,맑음,0,7
2020년 다발지,서울특별시 양천구2,서울특별시 양천구 신월동(월정초교앞교차로 부근),2020-10-10,11시,부상신고,남,15세,자전거,부상신고,남,67세,화물차,상해없음,차대차 - 측면충돌,안전운전 의무 불이행,맑음,0,7
2020년 다발지,서울특별시 양천구3,서울특별시 양천구 신정동(신정네거리역앞교차로 부근),2020-02-21,14시,경상,여,35세,승용차,상해없음,남,50세,자전거,경상,차대차 - 기타,안전운전 의무 불이행,맑음,0,5
2020년 다발지,서울특별시 양천구3,서울특별시 양천구 신정동(신정네거리역앞교차로 부근),2020-07-14,22시,경상,남,41세,승용차,상해없음,남,38세,자전거,경상,차대차 - 측면충돌,안전운전 의무 불이행,맑음,0,5
2020년 다발지,서울특별시 양천구3,서울특별시 양천구 신정동(신정네거리역앞교차로 부근),2020-08-18,13시,경상,남,68세,화물차,상해없음,남,78세,자전거,경상,차대차 - 측면충돌,신호위반,맑음,0,5
2020년 다발지,서울특별시 양천구3,서울특별시 양천구 신정동(신정네거리역앞교차로 부근),2020-11-20,21시,경상,여,54세,자전거,상해없음,여,72세,보행자,경상,차대사람 - 기타,기타,맑음,0,5
2020년 다발지,서울특별시 양천구3,서울특별시 양천구 신정동(신정네거리역앞교차로 부근),2020-12-25,13시,경상,남,29세,승용차,상해없음,여,71세,자전거,경상,차대차 - 기타,기타,맑음,0,5
2020년 다발지,서울특별시 양천구4,서울특별시 양천구 신월동(강월초교입구교차로 부근),2020-02-17,09시,부상신고,남,76세,자전거,부상신고,남,52세,승합차,상해없음,차대차 - 기타,안전운전 의무 불이행,맑음,1,3
2020년 다발지,서울특별시 양천구4,서울특별시 양천구 신월동(강월초교입구교차로 부근),2020-05-11,12시,경상,남,52세,승용차,상해없음,남,44세,자전거,경상,차대차 - 기타,안전운전 의무 불이행,맑음,1,3
2020년 다발지,서울특별시 양천구4,서울특별시 양천구 신월동(강월초교입구교차로 부근),2020-05-18,08시,사망,남,81세,자전거,사망,남,49세,승합차,상해없음,차대차 - 기타,안전운전 의무 불이행,맑음,1,3
2020년 다발지,서울특별시 양천구4,서울특별시 양천구 신월동(강월초교입구교차로 부근),2020-11-20,15시,경상,남,70세,화물차,상해없음,남,75세,자전거,경상,차대차 - 기타,안전운전 의무 불이행,맑음,1,3
2020년 다발지,서울특별시 양천구5,서울특별시 양천구 목동(오목교역교차로 부근),2020-02-05,00시,중상,남,52세,승용차,상해없음,남,32세,자전거,중상,차대차 - 추돌,안전운전 의무 불이행,맑음,0,5
2020년 다발지,서울특별시 양천구5,서울특별시 양천구 목동(오목교역교차로 부근),2020-02-21,09시,부상신고,남,37세,자전거,부상신고,남,44세,승용차,상해없음,차대차 - 기타,안전운전 의무 불이행,맑음,0,5
2020년 다발지,서울특별시 양천구5,서울특별시 양천구 목동(오목교역교차로 부근),2020-09-11,09시,경상,여,44세,자전거,경상,여,25세,자전거,경상,차대차 - 기타,안전운전 의무 불이행,맑음,0,5
2020년 다발지,서울특별시 양천구5,서울특별시 양천구 목동(오목교역교차로 부근),2020-09-20,15시,경상,여,64세,자전거,상해없음,여,29세,자전거,경상,차대차 - 기타,안전운전 의무 불이행,맑음,0,5
2020년 다발지,서울특별시 강서구1,서울특별시 강서구 화곡동(조흥은행등촌동지점 부근),2020-01-20,11시,경상,여,57세,승용차,상해없음,남,49세,자전거,경상,차대차 - 측면충돌,안전운전 의무 불이행,맑음,0,10
2020년 다발지,서울특별시 강서구1,서울특별시 강서구 화곡동(조흥은행등촌동지점 부근),2020-02-25,19시,부상신고,남,34세,자전거,부상신고,기타불명,불명,불명,기타불명,차대차 - 기타,안전운전 의무 불이행,맑음,0,10
2020년 다발지,서울특별시 강서구1,서울특별시 강서구 화곡동(조흥은행등촌동지점 부근),2020-03-12,05시,부상신고,남,68세,자전거,부상신고,남,57세,승용차,상해없음,차대차 - 기타,안전운전 의무 불이행,맑음,0,10
2020년 다발지,서울특별시 강서구1,서울특별시 강서구 화곡동(조흥은행등촌동지점 부근),2020-03-17,13시,중상,남,70세,자전거,중상,여,34세,승용차,상해없음,차대차 - 기타,안전운전 의무 불이행,맑음,0,10
2020년 다발지,서울특별시 강서구1,서울특별시 강서구 화곡동(조흥은행등촌동지점 부근),2020-05-08,19시,경상,남,43세,화물차,상해없음,남,55세,자전거,경상,차대차 - 기타,안전운전 의무 불이행,맑음,0,10
2020년 다발지,서울특별시 강서구1,서울특별시 강서구 화곡동(조흥은행등촌동지점 부근),2020-07-02,20시,경상,여,31세,자전거,경상,남,72세,승용차,상해없음,차대차 - 측면충돌,기타,맑음,0,10
2020년 다발지,서울특별시 강서구1,서울특별시 강서구 화곡동(조흥은행등촌동지점 부근),2020-07-20,16시,경상,여,54세,자전거,경상,남,21세,승용차,상해없음,차대차 - 측면충돌,안전운전 의무 불이행,맑음,0,10
2020년 다발지,서울특별시 강서구1,서울특별시 강서구 화곡동(조흥은행등촌동지점 부근),2020-10-05,06시,중상,남,63세,승용차,상해없음,남,59세,자전거,중상,차대차 - 기타,안전운전 의무 불이행,맑음,0,10
2020년 다발지,서울특별시 강서구1,서울특별시 강서구 화곡동(조흥은행등촌동지점 부근),2020-10-22,16시,경상,남,27세,자전거,상해없음,여,28세,보행자,경상,차대사람 - 횡단중,중앙선 침범,맑음,0,10
2020년 다발지,서울특별시 강서구1,서울특별시 강서구 화곡동(조흥은행등촌동지점 부근),2020-11-12,11시,중상,남,26세,승용차,상해없음,남,77세,자전거,중상,차대차 - 기타,신호위반,맑음,0,10
2020년 다발지,서울특별시 강서구2,서울특별시 강서구 내발산동(발산역앞교차로 부근),2020-03-19,12시,중상,남,45세,승용차,상해없음,남,75세,자전거,중상,차대차 - 측면충돌,안전운전 의무 불이행,맑음,0,4
2020년 다발지,서울특별시 강서구2,서울특별시 강서구 내발산동(발산역앞교차로 부근),2020-04-15,10시,중상,남,28세,승용차,상해없음,남,11세,자전거,중상,차대차 - 기타,안전운전 의무 불이행,맑음,0,4
2020년 다발지,서울특별시 강서구2,서울특별시 강서구 내발산동(발산역앞교차로 부근),2020-05-02,01시,중상,남,30세,승용차,상해없음,남,58세,자전거,중상,차대차 - 측면충돌,안전운전 의무 불이행,맑음,0,4
2020년 다발지,서울특별시 강서구2,서울특별시 강서구 내발산동(발산역앞교차로 부근),2020-10-27,17시,경상,남,39세,자전거,경상,남,66세,승용차,상해없음,차대차 - 기타,안전운전 의무 불이행,맑음,0,4
2020년 다발지,서울특별시 구로구1,서울특별시 구로구 구로동(이화우성아파트앞교차로 부근),2020-07-01,20시,부상신고,남,61세,자전거,부상신고,남,49세,승용차,상해없음,차대차 - 측면충돌,안전운전 의무 불이행,맑음,0,6
2020년 다발지,서울특별시 구로구1,서울특별시 구로구 구로동(이화우성아파트앞교차로 부근),2020-07-17,20시,경상,남,59세,자전거,경상,남,57세,승합차,상해없음,차대차 - 측면충돌,안전거리 미확보,맑음,0,6
2020년 다발지,서울특별시 구로구1,서울특별시 구로구 구로동(이화우성아파트앞교차로 부근),2020-10-13,19시,경상,남,45세,자전거,경상,남,29세,승용차,상해없음,차대차 - 측면충돌,중앙선 침범,맑음,0,6
2020년 다발지,서울특별시 구로구1,서울특별시 구로구 구로동(이화우성아파트앞교차로 부근),2020-11-12,13시,경상,남,12세,자전거,경상,남,63세,승용차,상해없음,차대차 - 측면충돌,중앙선 침범,맑음,0,6
2020년 다발지,서울특별시 구로구1,서울특별시 구로구 구로동(이화우성아파트앞교차로 부근),2020-11-14,18시,중상,남,82세,자전거,중상,남,54세,승용차,상해없음,차대차 - 기타,안전운전 의무 불이행,맑음,0,6
2020년 다발지,서울특별시 구로구1,서울특별시 구로구 구로동(이화우성아파트앞교차로 부근),2020-11-23,16시,중상,여,57세,승용차,상해없음,여,36세,자전거,중상,차대차 - 후진중충돌,안전운전 의무 불이행,맑음,0,6
2020년 다발지,서울특별시 구로구2,서울특별시 구로구 구로동(디지털단지입구교차로 부근),2020-02-11,08시,부상신고,남,41세,자전거,부상신고,남,67세,승용차,상해없음,차대차 - 기타,안전운전 의무 불이행,맑음,0,5
2020년 다발지,서울특별시 구로구2,서울특별시 구로구 구로동(디지털단지입구교차로 부근),2020-02-18,17시,부상신고,남,42세,자전거,부상신고,남,28세,화물차,상해없음,차대차 - 측면충돌,중앙선 침범,맑음,0,5
2020년 다발지,서울특별시 구로구2,서울특별시 구로구 구로동(디지털단지입구교차로 부근),2020-07-10,16시,경상,남,70세,승용차,상해없음,남,71세,자전거,경상,차대차 - 측면충돌,안전운전 의무 불이행,맑음,0,5
2020년 다발지,서울특별시 구로구2,서울특별시 구로구 구로동(디지털단지입구교차로 부근),2020-08-21,09시,경상,남,57세,자전거,경상,남,27세,승용차,상해없음,차대차 - 기타,안전운전 의무 불이행,맑음,0,5
2020년 다발지,서울특별시 구로구2,서울특별시 구로구 구로동(디지털단지입구교차로 부근),2020-12-31,14시,경상,남,66세,승용차,상해없음,남,59세,자전거,경상,차대차 - 기타,안전운전 의무 불이행,맑음,0,5
2020년 다발지,서울특별시 구로구3,서울특별시 구로구 가리봉동(햇살무리예능선교원 부근),2020-03-04,11시,경상,남,73세,자전거,경상,남,66세,화물차,상해없음,차대차 - 측면충돌,안전거리 미확보,맑음,0,4
2020년 다발지,서울특별시 구로구3,서울특별시 구로구 가리봉동(햇살무리예능선교원 부근),2020-06-30,15시,중상,남,47세,화물차,상해없음,남,67세,자전거,중상,차대차 - 측면충돌,안전운전 의무 불이행,맑음,0,4
2020년 다발지,서울특별시 구로구3,서울특별시 구로구 가리봉동(햇살무리예능선교원 부근),2020-07-06,10시,중상,여,80세,자전거,중상,남,70세,승용차,상해없음,차대차 - 측면충돌,기타,맑음,0,4
2020년 다발지,서울특별시 구로구3,서울특별시 구로구 가리봉동(햇살무리예능선교원 부근),2020-09-29,11시,중상,여,36세,자전거,상해없음,여,46세,보행자,중상,차대사람 - 보도통행중,기타,맑음,0,4
2020년 다발지,서울특별시 구로구4,서울특별시 구로구 구로동(거리공원오거리 부근),2020-04-08,06시,중상,남,51세,자전거,중상,남,32세,승용차,상해없음,차대차 - 측면충돌,안전운전 의무 불이행,맑음,0,4
2020년 다발지,서울특별시 구로구4,서울특별시 구로구 구로동(거리공원오거리 부근),2020-04-25,19시,경상,남,65세,승용차,상해없음,여,56세,자전거,경상,차대차 - 측면충돌,안전운전 의무 불이행,맑음,0,4
2020년 다발지,서울특별시 구로구4,서울특별시 구로구 구로동(거리공원오거리 부근),2020-10-08,14시,경상,남,59세,화물차,상해없음,남,66세,자전거,경상,차대차 - 측면충돌,안전운전 의무 불이행,맑음,0,4
2020년 다발지,서울특별시 구로구4,서울특별시 구로구 구로동(거리공원오거리 부근),2020-10-17,11시,중상,남,23세,승용차,상해없음,남,77세,자전거,중상,차대차 - 기타,신호위반,맑음,0,4