다발지구분,다발지시군구,지점명,발생일,발생시간대,사고내용,가해자성별,가해자연령,가해자차종,가해자신체상해정도,피해자성별,피해자연령,피해자차종,피해자신체상해정도,사고유형,법규위반사항,기상상태,사망자수,부상자수
2020년 다발지,부산광역시 동래구1,부산광역시 동래구 명륜동(내성교차로 부근),2020-11-22,14시,경상,남,72세,자전거,경상,남,45세,승용차,상해없음,차대차 - 기타,기타,맑음,0,6
2020년 다발지,부산광역시 동래구1,부산광역시 동래구 명륜동(내성교차로 부근),2020-11-28,09시,부상신고,여,71세,자전거,상해없음,여,73세,보행자,부상신고,차대사람 - 기타,안전운전 의무 불이행,맑음,0,6
2020년 다발지,부산광역시 동래구2,부산광역시 동래구 명륜동(동래교차로 부근),2020-02-06,08시,중상,남,58세,자전거,중상,남,64세,승용차,상해없음,차대차 - 측면충돌,기타,맑음,0,4
2020년 다발지,부산광역시 동래구2,부산광역시 동래구 명륜동(동래교차로 부근),2020-07-11,18시,부상신고,남,18세,자전거,부상신고,남,53세,승용차,상해없음,차대차 - 기타,안전운전 의무 불이행,맑음,0,4
2020년 다발지,부산광역시 동래구2,부산광역시 동래구 명륜동(동래교차로 부근),2020-11-23,09시,중상,남,26세,승용차,상해없음,남,72세,자전거,중상,차대차 - 측면충돌,안전운전 의무 불이행,맑음,0,4
2020년 다발지,부산광역시 동래구2,부산광역시 동래구 명륜동(동래교차로 부근),2020-12-24,14시,중상,여,71세,자전거,중상,남,50세,승용차,상해없음,차대차 - 기타,기타,맑음,0,4
2020년 다발지,부산광역시 연제구1,부산광역시 연제구 거제동(소피아커피 부근),2020-03-04,11시,경상,남,62세,화물차,상해없음,여,67세,자전거,경상,차대차 - 측면충돌,교차로 통행방법 위반,맑음,0,4
2020년 다발지,부산광역시 연제구1,부산광역시 연제구 거제동(소피아커피 부근),2020-05-20,05시,중상,여,24세,자전거,상해없음,여,62세,자전거,중상,차대차 - 측면충돌,안전운전 의무 불이행,맑음,0,4
2020년 다발지,부산광역시 연제구1,부산광역시 연제구 거제동(소피아커피 부근),2020-06-04,18시,경상,남,60세,건설기계,상해없음,남,51세,자전거,경상,차대차 - 측면충돌,안전거리 미확보,맑음,0,4
2020년 다발지,부산광역시 연제구1,부산광역시 연제구 거제동(소피아커피 부근),2020-06-29,09시,경상,남,38세,승용차,상해없음,남,57세,자전거,경상,차대차 - 추돌,안전거리 미확보,맑음,0,4
2020년 다발지,부산광역시 사상구1,부산광역시 사상구 감전동(IBK기업은행사상디지털밸리지점 부근),2020-06-23,11시,중상,남,61세,이륜차,상해없음,여,60세,자전거,중상,차대차 - 측면충돌,안전운전 의무 불이행,맑음,1,2
2020년 다발지,부산광역시 사상구1,부산광역시 사상구 감전동(IBK기업은행사상디지털밸리지점 부근),2020-09-15,19시,사망,여,44세,승용차,상해없음,남,67세,자전거,사망,차대차 - 기타,신호위반,맑음,1,2
2020년 다발지,부산광역시 사상구1,부산광역시 사상구 감전동(IBK기업은행사상디지털밸리지점 부근),2020-11-10,05시,부상신고,기타불명,불명,불명,기타불명,남,56세,자전거,부상신고,차대차 - 기타,안전운전 의무 불이행,맑음,1,2
2020년 다발지,대구광역시 중구1,대구광역시 중구 동인동3가(중구북구 부근),2020-06-05,22시,중상,남,48세,자전거,중상,없음,불명,없음,없음,차량단독 - 공작물충돌,안전운전 의무 불이행,맑음,0,5
2020년 다발지,대구광역시 중구1,대구광역시 중구 동인동3가(중구북구 부근),2020-06-07,13시,경상,남,71세,자전거,상해없음,남,56세,자전거,경상,차대차 - 정면충돌,안전운전 의무 불이행,맑음,0,5
2020년 다발지,대구광역시 중구1,대구광역시 중구 동인동3가(중구북구 부근),2020-07-03,10시,중상,남,25세,자전거,상해없음,여,76세,보행자,중상,차대사람 - 기타,보행자 보호의무 위반,맑음,0,5
2020년 다발지,대구광역시 중구1,대구광역시 중구 동인동3가(중구북구 부근),2020-10-21,09시,경상,여,65세,승용차,상해없음,남,23세,자전거,경상,차대차 - 측면충돌,안전운전 의무 불이행,맑음,0,5
2020년 다발지,대구광역시 중구1,대구광역시 중구 동인동3가(중구북구 부근),2020-12-19,09시,중상,남,39세,화물차,상해없음,남,71세,자전거,중상,차대차 - 측면충돌,안전운전 의무 불이행,맑음,0,5
2020년 다발지,대구광역시 중구2,대구광역시 중구 덕산동(남산동303 부근),2020-03-05,18시,경상,남,73세,승용차,기타불명,남,44세,자전거,경상,차대차 - 측면충돌,기타,맑음,0,5
2020년 다발지,대구광역시 중구2,대구광역시 중구 덕산동(남산동303 부근),2020-08-10,08시,중상,여,66세,승용차,상해없음,남,62세,자전거,중상,차대차 - 기타,안전운전 의무 불이행,비,0,5
2020년 다발지,대구광역시 중구2,대구광역시 중구 덕산동(남산동303 부근),2020-11-02,11시,경상,남,31세,자전거,경상,여,61세,승용차,상해없음,차대차 - 측면충돌,신호위반,맑음,0,5
2020년 다발지,대구광역시 중구2,대구광역시 중구 덕산동(남산동303 부근),2020-12-19,01시,중상,남,30세,자전거,중상,남,26세,개인형이동수단(PM),중상,차대차 - 정면충돌,안전운전 의무 불이행,맑음,0,5
2020년 다발지,대구광역시 동구1,대구광역시 동구 효목동(불꽃교회 부근),2020-02-18,09시,중상,남,65세,승용차,상해없음,남,72세,자전거,중상,차대차 - 정면충돌,안전운전 의무 불이행,맑음,0,6
2020년 다발지,대구광역시 동구1,대구광역시 동구 효목동(불꽃교회 부근),2020-03-11,09시,중상,남,59세,승용차,상해없음,남,80세,자전거,중상,차대차 - 측면충돌,안전운전 의무 불이행,맑음,0,6
2020년 다발지,대구광역시 동구1,대구광역시 동구 효목동(불꽃교회 부근),2020-04-21,14시,경상,남,60세,승용차,상해없음,여,64세,자전거,경상,차대차 - 기타,안전운전 의무 불이행,맑음,0,6
2020년 다발지,대구광역시 동구1,대구광역시 동구 효목동(불꽃교회 부근),2020-10-12,12시,경상,남,19세,원동기장치자전거,상해없음,남,27세,자전거,경상,차대차 - 측면충돌,신호위반,맑음,0,6
2020년 다발지,대구광역시 동구1,대구광역시 동구 효목동(불꽃교회 부근),2020-10-29,16시,중상,여,48세,승용차,상해없음,남,63세,자전거,중상,차대차 - 측면충돌,안전운전 의무 불이행,맑음,0,6
2020년 다발지,대구광역시 동구1,대구광역시 동구 효목동(불꽃교회 부근),2020-11-27,21시,경상,남,11세,자전거,경상,여,30세,승용차,상해없음,차대차 - 측면충돌,안전운전 의무 불이행,맑음,0,6
2020년 다발지,대구광역시 동구2,대구광역시 동구 방촌동(방촌시장교차로 부근),2020-03-22,16시,경상,여,57세,승용차,상해없음,남,11세,자전거,경상,차대차 - 측면충돌,안전운전 의무 불이행,맑음,0,6
2020년 다발지,대구광역시 동구2,대구광역시 동구 방촌동(방촌시장교차로 부근),2020-05-27,20시,경상,남,44세,승용차,상해없음,남,65세,자전거,경상,차대차 - 측면충돌,안전운전 의무 불이행,맑음,0,6
2020년 다발지,대구광역시 동구2,대구광역시 동구 방촌동(방촌시장교차로 부근),2020-06-24,16시,중상,남,79세,자전거,중상,남,17세,이륜차,상해없음,차대차 - 기타,안전운전 의무 불이행,맑음,0,6
2020년 다발지,대구광역시 동구2,대구광역시 동구 방촌동(방촌시장교차로 부근),2020-08-09,23시,경상,여,60세,승용차,상해없음,남,61세,자전거,경상,차대차 - 기타,안전운전 의무 불이행,맑음,0,6
2020년 다발지,대구광역시 동구2,대구광역시 동구 방촌동(방촌시장교차로 부근),2020-08-22,08시,경상,남,64세,화물차,상해없음,남,63세,자전거,경상,차대차 - 측면충돌,교차로 통행방법 위반,맑음,0,6
2020년 다발지,대구광역시 동구2,대구광역시 동구 방촌동(방촌시장교차로 부근),2020-12-14,12시,중상,남,80세,자전거,중상,여,66세,승용차,상해없음,차대차 - 측면충돌,안전운전 의무 불이행,맑음,0,6
2020년 다발지,대구광역시 동구3,대구광역시 동구 율하동(율하역교차로 부근),2020-07-03,22시,경상,남,57세,승용차,상해없음,남,18세,자전거,경상,차대차 - 정면충돌,신호위반,비,0,6
2020년 다발지,대구광역시 동구3,대구광역시 동구 율하동(율하역교차로 부근),2020-08-14,14시,경상,남,11세,자전거,상해없음,여,64세,보행자,경상,차대사람 - 기타,안전운전 의무 불이행,맑음,0,6
2020년 다발지,대구광역시 동구3,대구광역시 동구 율하동(율하역교차로 부근),2020-08-31,17시,중상,남,59세,승용차,상해없음,남,16세,자전거,경상,차대차 - 기타,안전운전 의무 불이행,맑음,0,6
2020년 다발지,대구광역시 동구3,대구광역시 동구 율하동(율하역교차로 부근),2020-09-15,09시,경상,여,29세,승용차,상해없음,여,54세,자전거,경상,차대차 - 측면충돌,안전운전 의무 불이행,맑음,0,6
2020년 다발지,대구광역시 동구3,대구광역시 동구 율하동(율하역교차로 부근),2020-11-25,15시,중상,남,47세,승용차,상해없음,남,61세,자전거,중상,차대차 - 기타,안전운전 의무 불이행,맑음,0,6
2020년 다발지,대구광역시 동구4,대구광역시 동구 동호동(동호동20919 부근),2020-05-29,08시,중상,남,76세,승용차,상해없음,남,74세,자전거,중상,차대차 - 측면충돌,안전운전 의무 불이행,맑음,0,4
2020년 다발지,대구광역시 동구4,대구광역시 동구 동호동(동호동20919 부근),2020-07-02,16시,중상,남,44세,승용차,상해없음,남,60세,자전거,중상,차대차 - 기타,안전운전 의무 불이행,맑음,0,4
2020년 다발지,대구광역시 동구4,대구광역시 동구 동호동(동호동20919 부근),2020-08-15,06시,경상,남,84세,자전거,경상,남,68세,승용차,상해없음,차대차 - 측면충돌,안전운전 의무 불이행,맑음,0,4
2020년 다발지,대구광역시 동구4,대구광역시 동구 동호동(동호동20919 부근),2020-10-13,12시,경상,남,54세,승용차,상해없음,남,51세,자전거,경상,차대차 - 추돌,안전운전 의무 불이행,맑음,0,4
2020년 다발지,대구광역시 서구1,대구광역시 서구 원대동3가(SC제일은행원대동지점 부근),2020-01-10,22시,중상,남,22세,자전거,중상,남,29세,화물차,상해없음,차대차 - 측면충돌,기타,맑음,0,7
2020년 다발지,대구광역시 서구1,대구광역시 서구 원대동3가(SC제일은행원대동지점 부근),2020-01-31,14시,중상,여,72세,자전거,상해없음,여,66세,보행자,중상,차대사람 - 보도통행중,기타,흐림,0,7
2020년 다발지,대구광역시 서구1,대구광역시 서구 원대동3가(SC제일은행원대동지점 부근),2020-02-05,09시,경상,여,68세,자전거,경상,없음,불명,없음,없음,차량단독 - 전도,안전운전 의무 불이행,맑음,0,7
2020년 다발지,대구광역시 서구1,대구광역시 서구 원대동3가(SC제일은행원대동지점 부근),2020-05-04,17시,경상,남,54세,자전거,경상,남,59세,승합차,상해없음,차대차 - 기타,안전운전 의무 불이행,맑음,0,7
2020년 다발지,대구광역시 서구1,대구광역시 서구 원대동3가(SC제일은행원대동지점 부근),2020-05-16,10시,중상,남,54세,승합차,상해없음,남,73세,자전거,중상,차대차 - 측면충돌,안전운전 의무 불이행,맑음,0,7
2020년 다발지,대구광역시 서구1,대구광역시 서구 원대동3가(SC제일은행원대동지점 부근),2020-11-17,04시,중상,남,61세,화물차,상해없음,여,73세,자전거,중상,차대차 - 기타,안전운전 의무 불이행,맑음,0,7
2020년 다발지,대구광역시 서구1,대구광역시 서구 원대동3가(SC제일은행원대동지점 부근),2020-11-30,16시,부상신고,여,62세,자전거,부상신고,여,33세,승용차,상해없음,차대차 - 기타,기타,맑음,0,7
2020년 다발지,대구광역시 서구2,대구광역시 서구 내당동(대구은행삼익뉴타운지점 부근),2020-01-09,15시,중상,남,51세,화물차,상해없음,여,74세,자전거,중상,차대차 - 측면충돌,안전운전 의무 불이행,맑음,0,6
2020년 다발지,대구광역시 서구2,대구광역시 서구 내당동(대구은행삼익뉴타운지점 부근),2020-02-19,16시,중상,남,44세,승용차,상해없음,남,72세,자전거,중상,차대차 - 기타,안전운전 의무 불이행,맑음,0,6
2020년 다발지,대구광역시 서구2,대구광역시 서구 내당동(대구은행삼익뉴타운지점 부근),2020-05-08,14시,경상,여,39세,승용차,상해없음,여,64세,자전거,경상,차대차 - 기타,안전운전 의무 불이행,맑음,0,6
2020년 다발지,대구광역시 서구2,대구광역시 서구 내당동(대구은행삼익뉴타운지점 부근),2020-09-14,15시,부상신고,남,48세,화물차,상해없음,남,77세,자전거,부상신고,차대차 - 측면충돌,안전운전 의무 불이행,맑음,0,6
2020년 다발지,대구광역시 서구2,대구광역시 서구 내당동(대구은행삼익뉴타운지점 부근),2020-10-06,16시,경상,남,75세,자전거,경상,여,56세,승용차,상해없음,차대차 - 측면충돌,안전운전 의무 불이행,맑음,0,6
2020년 다발지,대구광역시 서구2,대구광역시 서구 내당동(대구은행삼익뉴타운지점 부근),2020-10-11,20시,경상,기타불명,불명,불명,기타불명,남,49세,자전거,경상,차대차 - 추돌,안전운전 의무 불이행,맑음,0,6
2020년 다발지,대구광역시 서구3,대구광역시 서구 비산동(대아씨푸드 부근),2020-02-05,09시,부상신고,기타불명,불명,불명,기타불명,남,61세,자전거,부상신고,차대차 - 기타,기타,맑음,0,5
2020년 다발지,대구광역시 서구3,대구광역시 서구 비산동(대아씨푸드 부근),2020-04-09,15시,중상,여,39세,자전거,상해없음,여,76세,보행자,중상,차대사람 - 보도통행중,기타,맑음,0,5
2020년 다발지,대구광역시 서구3,대구광역시 서구 비산동(대아씨푸드 부근),2020-06-10,17시,경상,남,56세,자전거,경상,기타불명,불명,화물차,기타불명,차대차 - 측면충돌,안전운전 의무 불이행,맑음,0,5
2020년 다발지,대구광역시 서구3,대구광역시 서구 비산동(대아씨푸드 부근),2020-10-22,23시,경상,기타불명,불명,불명,기타불명,여,52세,자전거,경상,차대차 - 측면충돌,신호위반,맑음,0,5
2020년 다발지,대구광역시 서구3,대구광역시 서구 비산동(대아씨푸드 부근),2020-12-05,10시,중상,여,57세,승용차,상해없음,남,84세,자전거,중상,차대차 - 측면충돌,안전운전 의무 불이행,맑음,0,5
2020년 다발지,대구광역시 서구4,대구광역시 서구 내당동(새길시장입구 부근),2020-03-14,10시,부상신고,여,60세,자전거,부상신고,여,64세,승용차,상해없음,차대차 - 측면충돌,안전운전 의무 불이행,맑음,0,4
2020년 다발지,대구광역시 서구4,대구광역시 서구 내당동(새길시장입구 부근),2020-05-20,13시,중상,남,73세,자전거,중상,남,47세,승용차,상해없음,차대차 - 측면충돌,기타,맑음,0,4
2020년 다발지,대구광역시 서구4,대구광역시 서구 내당동(새길시장입구 부근),2020-05-28,12시,경상,남,72세,자전거,경상,남,71세,승용차,상해없음,차대차 - 정면충돌,중앙선 침범,맑음,0,4
2020년 다발지,대구광역시 서구4,대구광역시 서구 내당동(새길시장입구 부근),2020-06-30,06시,부상신고,남,56세,자전거,부상신고,남,55세,화물차,상해없음,차대차 - 측면충돌,안전운전 의무 불이행,맑음,0,4
2020년 다발지,대구광역시 서구5,대구광역시 서구 내당동(내당동12901 부근),2020-01-18,17시,경상,남,63세,승용차,상해없음,여,43세,자전거,경상,차대차 - 측면충돌,신호위반,맑음,0,4
2020년 다발지,대구광역시 서구5,대구광역시 서구 내당동(내당동12901 부근),2020-05-06,10시,경상,남,33세,자전거,경상,남,52세,승합차,상해없음,차대차 - 측면충돌,안전거리 미확보,맑음,0,4
2020년 다발지,대구광역시 서구5,대구광역시 서구 내당동(내당동12901 부근),2020-05-21,15시,경상,남,74세,승용차,상해없음,남,69세,자전거,경상,차대차 - 측면충돌,신호위반,맑음,0,4
2020년 다발지,대구광역시 서구5,대구광역시 서구 내당동(내당동12901 부근),2020-08-29,12시,경상,남,57세,승용차,상해없음,남,9세,자전거,경상,차대차 - 측면충돌,신호위반,맑음,0,4
2020년 다발지,대구광역시 남구1,대구광역시 남구 봉덕동(봉덕시장네거리 부근),2020-03-05,09시,경상,남,38세,승용차,상해없음,여,61세,자전거,경상,차대차 - 측면충돌,안전운전 의무 불이행,맑음,0,5
2020년 다발지,대구광역시 남구1,대구광역시 남구 봉덕동(봉덕시장네거리 부근),2020-03-08,21시,중상,남,56세,승합차,상해없음,남,68세,자전거,중상,차대차 - 측면충돌,신호위반,맑음,0,5
2020년 다발지,대구광역시 남구1,대구광역시 남구 봉덕동(봉덕시장네거리 부근),2020-04-27,06시,중상,남,18세,승용차,상해없음,여,71세,자전거,중상,차대차 - 기타,안전운전 의무 불이행,맑음,0,5
2020년 다발지,대구광역시 남구1,대구광역시 남구 봉덕동(봉덕시장네거리 부근),2020-07-02,13시,경상,남,62세,자전거,경상,남,44세,승용차,상해없음,차대차 - 기타,안전운전 의무 불이행,맑음,0,5
2020년 다발지,대구광역시 남구1,대구광역시 남구 봉덕동(봉덕시장네거리 부근),2020-11-19,18시,중상,남,78세,자전거,상해없음,여,71세,보행자,중상,차대사람 - 횡단중,안전운전 의무 불이행,맑음,0,5
2020년 다발지,대구광역시 남구2,대구광역시 남구 대명동(핸즈커피교대점 부근),2020-04-14,18시,경상,남,42세,승용차,상해없음,남,70세,자전거,경상,차대차 - 측면충돌,안전운전 의무 불이행,맑음,0,6
2020년 다발지,대구광역시 남구2,대구광역시 남구 대명동(핸즈커피교대점 부근),2020-06-26,16시,경상,남,56세,승용차,상해없음,남,14세,자전거,경상,차대차 - 측면충돌,안전운전 의무 불이행,맑음,0,6
2020년 다발지,대구광역시 남구2,대구광역시 남구 대명동(핸즈커피교대점 부근),2020-07-08,20시,부상신고,남,69세,자전거,부상신고,여,16세,보행자,부상신고,차대사람 - 기타,기타,맑음,0,6
2020년 다발지,대구광역시 남구2,대구광역시 남구 대명동(핸즈커피교대점 부근),2020-10-23,15시,경상,남,62세,승용차,상해없음,여,40세,자전거,경상,차대차 - 측면충돌,안전운전 의무 불이행,맑음,0,6
2020년 다발지,대구광역시 남구2,대구광역시 남구 대명동(핸즈커피교대점 부근),2020-11-14,14시,경상,남,53세,승용차,상해없음,남,45세,자전거,경상,차대차 - 기타,안전운전 의무 불이행,맑음,0,6
2020년 다발지,대구광역시 북구1,대구광역시 북구 칠성동1가(칠성시장네거리 부근),2020-01-10,11시,중상,남,56세,승용차,상해없음,남,86세,자전거,중상,차대차 - 측면충돌,안전운전 의무 불이행,맑음,0,11
2020년 다발지,대구광역시 북구1,대구광역시 북구 칠성동1가(칠성시장네거리 부근),2020-02-11,10시,경상,여,77세,자전거,경상,남,70세,이륜차,상해없음,차대차 - 측면충돌,교차로 통행방법 위반,맑음,0,11
2020년 다발지,대구광역시 북구1,대구광역시 북구 칠성동1가(칠성시장네거리 부근),2020-03-30,12시,중상,여,55세,자전거,중상,남,51세,승용차,상해없음,차대차 - 측면충돌,중앙선 침범,맑음,0,11
2020년 다발지,대구광역시 북구1,대구광역시 북구 칠성동1가(칠성시장네거리 부근),2020-04-02,20시,중상,남,59세,승용차,상해없음,남,55세,자전거,중상,차대차 - 측면충돌,안전운전 의무 불이행,맑음,0,11
2020년 다발지,대구광역시 북구1,대구광역시 북구 칠성동1가(칠성시장네거리 부근),2020-07-01,18시,중상,남,64세,자전거,상해없음,여,70세,보행자,중상,차대사람 - 기타,안전운전 의무 불이행,맑음,0,11
2020년 다발지,대구광역시 북구1,대구광역시 북구 칠성동1가(칠성시장네거리 부근),2020-08-12,07시,중상,여,59세,화물차,상해없음,여,73세,자전거,중상,차대차 - 측면충돌,기타,맑음,0,11
2020년 다발지,대구광역시 북구1,대구광역시 북구 칠성동1가(칠성시장네거리 부근),2020-09-08,07시,경상,남,70세,자전거,경상,남,47세,승용차,상해없음,차대차 - 측면충돌,안전운전 의무 불이행,맑음,0,11
2020년 다발지,대구광역시 북구1,대구광역시 북구 칠성동1가(칠성시장네거리 부근),2020-09-29,16시,중상,남,42세,승용차,상해없음,남,61세,자전거,중상,차대차 - 측면충돌,안전운전 의무 불이행,맑음,0,11
2020년 다발지,대구광역시 북구1,대구광역시 북구 칠성동1가(칠성시장네거리 부근),2020-10-11,09시,경상,남,54세,승용차,상해없음,여,56세,자전거,경상,차대차 - 측면충돌,신호위반,맑음,0,11
2020년 다발지,대구광역시 북구1,대구광역시 북구 칠성동1가(칠성시장네거리 부근),2020-10-12,11시,중상,여,40세,자전거,상해없음,여,65세,보행자,중상,차대사람 - 기타,안전운전 의무 불이행,맑음,0,11
2020년 다발지,대구광역시 북구1,대구광역시 북구 칠성동1가(칠성시장네거리 부근),2020-10-29,04시,경상,남,71세,화물차,상해없음,여,59세,자전거,경상,차대차 - 측면충돌,중앙선 침범,맑음,0,11
2020년 다발지,대구광역시 북구2,대구광역시 북구 산격동(성북교사거리 부근),2020-01-08,19시,부상신고,기타불명,불명,불명,기타불명,여,54세,자전거,부상신고,차대차 - 측면충돌,안전운전 의무 불이행,맑음,0,8
2020년 다발지,대구광역시 북구2,대구광역시 북구 산격동(성북교사거리 부근),2020-02-17,16시,경상,남,71세,자전거,경상,없음,불명,없음,없음,차량단독 - 기타,안전운전 의무 불이행,맑음,0,8
2020년 다발지,대구광역시 북구2,대구광역시 북구 산격동(성북교사거리 부근),2020-03-28,15시,중상,남,57세,화물차,상해없음,남,76세,자전거,중상,차대차 - 측면충돌,기타,맑음,0,8
2020년 다발지,대구광역시 북구2,대구광역시 북구 산격동(성북교사거리 부근),2020-05-20,06시,중상,남,86세,자전거,중상,남,27세,화물차,상해없음,차대차 - 기타,안전운전 의무 불이행,맑음,0,8
2020년 다발지,대구광역시 북구2,대구광역시 북구 산격동(성북교사거리 부근),2020-06-03,07시,부상신고,남,46세,자전거,상해없음,여,63세,보행자,부상신고,차대사람 - 횡단중,안전운전 의무 불이행,맑음,0,8
2020년 다발지,대구광역시 북구2,대구광역시 북구 산격동(성북교사거리 부근),2020-06-06,20시,부상신고,기타불명,불명,불명,기타불명,남,63세,자전거,부상신고,차대차 - 기타,안전운전 의무 불이행,맑음,0,8
2020년 다발지,대구광역시 북구2,대구광역시 북구 산격동(성북교사거리 부근),2020-07-15,13시,경상,남,59세,승용차,상해없음,여,9세,자전거,경상,차대차 - 측면충돌,안전운전 의무 불이행,맑음,0,8
2020년 다발지,대구광역시 북구2,대구광역시 북구 산격동(성북교사거리 부근),2020-12-18,11시,경상,남,80세,이륜차,상해없음,여,33세,자전거,경상,차대차 - 측면충돌,신호위반,맑음,0,8
2020년 다발지,대구광역시 북구3,대구광역시 북구 침산동(동침산네거리 부근),2020-03-21,07시,중상,남,36세,승용차,상해없음,남,49세,자전거,중상,차대차 - 측면충돌,안전운전 의무 불이행,맑음,0,7
2020년 다발지,대구광역시 북구3,대구광역시 북구 침산동(동침산네거리 부근),2020-05-06,17시,경상,남,25세,이륜차,상해없음,남,38세,자전거,경상,차대차 - 측면충돌,안전운전 의무 불이행,맑음,0,7
2020년 다발지,대구광역시 북구3,대구광역시 북구 침산동(동침산네거리 부근),2020-07-15,13시,경상,여,39세,승용차,상해없음,여,60세,자전거,경상,차대차 - 기타,안전운전 의무 불이행,맑음,0,7
2020년 다발지,대구광역시 북구3,대구광역시 북구 침산동(동침산네거리 부근),2020-09-16,20시,중상,여,65세,승용차,상해없음,남,84세,자전거,중상,차대차 - 기타,안전운전 의무 불이행,맑음,0,7
2020년 다발지,대구광역시 북구3,대구광역시 북구 침산동(동침산네거리 부근),2020-10-07,15시,중상,여,52세,승용차,상해없음,남,52세,자전거,중상,차대차 - 기타,안전운전 의무 불이행,맑음,0,7
2020년 다발지,대구광역시 북구3,대구광역시 북구 침산동(동침산네거리 부근),2020-11-20,15시,경상,여,47세,승용차,상해없음,여,58세,자전거,경상,차대차 - 기타,안전운전 의무 불이행,맑음,0,7
2020년 다발지,대구광역시 북구3,대구광역시 북구 침산동(동침산네거리 부근),2020-12-17,19시,경상,남,33세,승용차,상해없음,남,49세,자전거,경상,차대차 - 기타,교차로 통행방법 위반,맑음,0,7
2020년 다발지,대구광역시 북구4,대구광역시 북구 노원동3가(만평네거리 부근),2020-02-14,12시,경상,남,60세,승용차,상해없음,남,75세,자전거,경상,차대차 - 기타,안전운전 의무 불이행,맑음,0,7
2020년 다발지,대구광역시 북구4,대구광역시 북구 노원동3가(만평네거리 부근),2020-04-29,07시,경상,여,60세,자전거,경상,남,81세,자전거,상해없음,차대차 - 측면충돌,신호위반,맑음,0,7
2020년 다발지,대구광역시 북구4,대구광역시 북구 노원동3가(만평네거리 부근),2020-05-02,16시,중상,남,73세,이륜차,상해없음,여,57세,자전거,중상,차대차 - 기타,안전운전 의무 불이행,맑음,0,7
2020년 다발지,대구광역시 북구4,대구광역시 북구 노원동3가(만평네거리 부근),2020-05-22,18시,경상,남,60세,자전거,상해없음,여,53세,보행자,경상,차대사람 - 횡단중,보행자 보호의무 위반,맑음,0,7
2020년 다발지,대구광역시 북구4,대구광역시 북구 노원동3가(만평네거리 부근),2020-06-18,13시,중상,남,55세,승합차,상해없음,여,60세,자전거,중상,차대차 - 측면충돌,신호위반,비,0,7
2020년 다발지,대구광역시 북구4,대구광역시 북구 노원동3가(만평네거리 부근),2020-10-07,18시,중상,남,61세,승용차,상해없음,남,24세,자전거,중상,차대차 - 측면충돌,신호위반,맑음,0,7
2020년 다발지,대구광역시 북구4,대구광역시 북구 노원동3가(만평네거리 부근),2020-11-30,14시,부상신고,남,65세,자전거,부상신고,남,31세,화물차,상해없음,차대차 - 측면충돌,안전운전 의무 불이행,맑음,0,7
2020년 다발지,대구광역시 북구5,대구광역시 북구 태전동(태전동991 부근),2020-01-29,17시,중상,여,45세,승용차,상해없음,남,72세,자전거,중상,차대차 - 측면충돌,안전운전 의무 불이행,맑음,0,7
2020년 다발지,대구광역시 북구5,대구광역시 북구 태전동(태전동991 부근),2020-05-08,18시,중상,남,18세,이륜차,경상,여,51세,자전거,중상,차대차 - 측면충돌,신호위반,맑음,0,7
2020년 다발지,대구광역시 북구5,대구광역시 북구 태전동(태전동991 부근),2020-05-17,16시,경상,남,43세,승용차,상해없음,남,42세,자전거,경상,차대차 - 기타,안전운전 의무 불이행,맑음,0,7
2020년 다발지,대구광역시 북구5,대구광역시 북구 태전동(태전동991 부근),2020-05-20,15시,중상,남,59세,자전거,중상,여,52세,승용차,경상,차대차 - 기타,중앙선 침범,맑음,0,7
2020년 다발지,대구광역시 북구5,대구광역시 북구 태전동(태전동991 부근),2020-05-29,08시,경상,여,27세,승용차,상해없음,남,27세,자전거,경상,차대차 - 기타,안전운전 의무 불이행,맑음,0,7
2020년 다발지,대구광역시 북구6,대구광역시 북구 대현동(대현동33818 부근),2020-08-28,13시,중상,남,83세,자전거,중상,남,61세,승용차,상해없음,차대차 - 측면충돌,신호위반,맑음,0,4
2020년 다발지,대구광역시 북구6,대구광역시 북구 대현동(대현동33818 부근),2020-11-12,09시,부상신고,남,67세,자전거,부상신고,남,40세,승용차,상해없음,차대차 - 측면충돌,안전운전 의무 불이행,맑음,0,4
2020년 다발지,대구광역시 북구6,대구광역시 북구 대현동(대현동33818 부근),2020-11-25,20시,경상,남,23세,자전거,경상,남,60세,승용차,상해없음,차대차 - 측면충돌,기타,맑음,0,4
2020년 다발지,대구광역시 북구6,대구광역시 북구 대현동(대현동33818 부근),2020-12-26,15시,경상,남,11세,자전거,상해없음,남,58세,보행자,경상,차대사람 - 보도통행중,기타,맑음,0,4
2020년 다발지,대구광역시 북구7,대구광역시 북구 칠성동2가(라팡시아대구점 부근),2020-01-08,14시,부상신고,남,10세,자전거,부상신고,남,48세,화물차,상해없음,차대차 - 측면충돌,안전운전 의무 불이행,맑음,0,4
2020년 다발지,대구광역시 북구7,대구광역시 북구 칠성동2가(라팡시아대구점 부근),2020-03-13,10시,경상,남,69세,승용차,상해없음,남,65세,자전거,경상,차대차 - 측면충돌,신호위반,맑음,0,4
2020년 다발지,대구광역시 북구7,대구광역시 북구 칠성동2가(라팡시아대구점 부근),2020-04-30,15시,부상신고,남,32세,자전거,부상신고,남,77세,승용차,상해없음,차대차 - 측면충돌,안전운전 의무 불이행,맑음,0,4