다발지구분,다발지시군구,지점명,발생일,발생시간대,사고내용,가해자성별,가해자연령,가해자차종,가해자신체상해정도,피해자성별,피해자연령,피해자차종,피해자신체상해정도,사고유형,법규위반사항,기상상태,사망자수,부상자수
2020년 다발지,경기도 하남시1,경기도 하남시 신장동(신장사거리 부근),2020-08-18,16시,사망,남,40세,승용차,상해없음,여,72세,자전거,사망,차대차 - 기타,안전운전 의무 불이행,맑음,1,6
2020년 다발지,경기도 하남시1,경기도 하남시 신장동(신장사거리 부근),2020-11-07,15시,중상,남,21세,이륜차,상해없음,남,70세,자전거,중상,차대차 - 기타,신호위반,맑음,1,6
2020년 다발지,경기도 하남시2,경기도 하남시 선동(선동교차로 부근),2020-05-05,09시,경상,남,43세,자전거,상해없음,여,33세,자전거,경상,차대차 - 정면충돌,안전운전 의무 불이행,맑음,0,10
2020년 다발지,경기도 하남시2,경기도 하남시 선동(선동교차로 부근),2020-05-07,11시,경상,여,56세,자전거,경상,남,65세,자전거,경상,차대차 - 기타,안전운전 의무 불이행,맑음,0,10
2020년 다발지,경기도 하남시2,경기도 하남시 선동(선동교차로 부근),2020-05-26,13시,중상,남,45세,자전거,경상,여,64세,보행자,중상,차대사람 - 횡단중,안전운전 의무 불이행,맑음,0,10
2020년 다발지,경기도 하남시2,경기도 하남시 선동(선동교차로 부근),2020-06-14,11시,경상,남,56세,자전거,상해없음,여,61세,자전거,경상,차대차 - 측면충돌,안전운전 의무 불이행,맑음,0,10
2020년 다발지,경기도 하남시2,경기도 하남시 선동(선동교차로 부근),2020-07-26,13시,부상신고,여,44세,자전거,부상신고,남,65세,자전거,부상신고,차대차 - 기타,안전운전 의무 불이행,맑음,0,10
2020년 다발지,경기도 하남시2,경기도 하남시 선동(선동교차로 부근),2020-08-20,19시,중상,남,15세,개인형이동수단(PM),상해없음,남,41세,자전거,상해없음,차대차 - 측면충돌,안전운전 의무 불이행,맑음,0,10
2020년 다발지,경기도 하남시2,경기도 하남시 선동(선동교차로 부근),2020-09-04,20시,부상신고,여,55세,자전거,상해없음,남,64세,자전거,부상신고,차대차 - 기타,안전거리 미확보,흐림,0,10
2020년 다발지,경기도 하남시3,경기도 하남시 신장동(승전교회 부근),2020-03-20,15시,경상,여,31세,승용차,상해없음,여,24세,자전거,경상,차대차 - 기타,안전운전 의무 불이행,맑음,0,6
2020년 다발지,경기도 하남시3,경기도 하남시 신장동(승전교회 부근),2020-10-24,14시,중상,남,15세,자전거,중상,남,53세,승용차,상해없음,차대차 - 기타,안전운전 의무 불이행,맑음,0,6
2020년 다발지,경기도 하남시3,경기도 하남시 신장동(승전교회 부근),2020-10-25,09시,경상,기타불명,불명,불명,기타불명,여,21세,자전거,경상,차대차 - 기타,안전운전 의무 불이행,맑음,0,6
2020년 다발지,경기도 하남시3,경기도 하남시 신장동(승전교회 부근),2020-11-20,12시,중상,여,53세,자전거,중상,여,57세,승용차,상해없음,차대차 - 정면충돌,안전운전 의무 불이행,맑음,0,6
2020년 다발지,경기도 하남시3,경기도 하남시 신장동(승전교회 부근),2020-12-04,16시,경상,남,54세,건설기계,상해없음,여,59세,자전거,경상,차대차 - 측면충돌,안전운전 의무 불이행,맑음,0,6
2020년 다발지,경기도 하남시3,경기도 하남시 신장동(승전교회 부근),2020-12-22,09시,경상,남,29세,승용차,상해없음,남,76세,자전거,경상,차대차 - 측면충돌,교차로 통행방법 위반,맑음,0,6
2020년 다발지,경기도 하남시4,경기도 하남시 미사동(부라더미싱 부근),2020-07-05,10시,부상신고,남,29세,자전거,부상신고,남,26세,자전거,부상신고,차대차 - 기타,안전운전 의무 불이행,맑음,0,7
2020년 다발지,경기도 하남시4,경기도 하남시 미사동(부라더미싱 부근),2020-08-31,08시,중상,남,52세,자전거,상해없음,남,52세,자전거,중상,차대차 - 측면충돌,기타,맑음,0,7
2020년 다발지,경기도 하남시4,경기도 하남시 미사동(부라더미싱 부근),2020-09-13,09시,부상신고,기타불명,불명,자전거,기타불명,여,37세,자전거,부상신고,차대차 - 기타,안전운전 의무 불이행,맑음,0,7
2020년 다발지,경기도 하남시4,경기도 하남시 미사동(부라더미싱 부근),2020-09-13,10시,경상,남,66세,자전거,상해없음,여,47세,자전거,경상,차대차 - 측면충돌,안전운전 의무 불이행,맑음,0,7
2020년 다발지,경기도 하남시4,경기도 하남시 미사동(부라더미싱 부근),2020-10-03,15시,경상,남,50세,자전거,부상신고,남,12세,자전거,경상,차대차 - 기타,안전운전 의무 불이행,맑음,0,7
2020년 다발지,경기도 하남시5,경기도 하남시 창우동(팔당대교남단 부근),2020-05-12,18시,경상,여,41세,승용차,상해없음,남,67세,자전거,경상,차대차 - 기타,안전운전 의무 불이행,맑음,0,4
2020년 다발지,경기도 하남시5,경기도 하남시 창우동(팔당대교남단 부근),2020-07-01,21시,경상,남,54세,자전거,상해없음,남,42세,자전거,경상,차대차 - 기타,안전운전 의무 불이행,맑음,0,4
2020년 다발지,경기도 하남시5,경기도 하남시 창우동(팔당대교남단 부근),2020-07-25,16시,경상,여,53세,자전거,경상,남,36세,자전거,상해없음,차대차 - 측면충돌,안전운전 의무 불이행,맑음,0,4
2020년 다발지,경기도 하남시5,경기도 하남시 창우동(팔당대교남단 부근),2020-08-24,20시,중상,남,37세,자전거,상해없음,여,50세,자전거,중상,차대차 - 기타,안전운전 의무 불이행,맑음,0,4
2020년 다발지,경기도 하남시6,경기도 하남시 망월동(미사2동주민센터 부근),2020-05-06,21시,경상,남,65세,승용차,상해없음,남,45세,자전거,경상,차대차 - 기타,안전운전 의무 불이행,맑음,0,4
2020년 다발지,경기도 하남시6,경기도 하남시 망월동(미사2동주민센터 부근),2020-05-11,20시,경상,남,37세,이륜차,상해없음,남,11세,자전거,경상,차대차 - 측면충돌,교차로 통행방법 위반,맑음,0,4
2020년 다발지,경기도 하남시6,경기도 하남시 망월동(미사2동주민센터 부근),2020-08-29,18시,경상,남,46세,승용차,상해없음,남,82세,자전거,경상,차대차 - 측면충돌,안전운전 의무 불이행,비,0,4
2020년 다발지,경기도 하남시6,경기도 하남시 망월동(미사2동주민센터 부근),2020-11-16,17시,경상,남,11세,자전거,상해없음,여,50세,보행자,경상,차대사람 - 보도통행중,안전운전 의무 불이행,맑음,0,4
2020년 다발지,경기도 하남시7,경기도 하남시 풍산동(미사강변센트럴자이 부근),2020-01-14,17시,경상,여,54세,승용차,상해없음,남,17세,자전거,경상,차대차 - 기타,안전운전 의무 불이행,맑음,0,4
2020년 다발지,경기도 하남시7,경기도 하남시 풍산동(미사강변센트럴자이 부근),2020-08-18,14시,부상신고,여,65세,승합차,상해없음,여,26세,자전거,부상신고,차대차 - 기타,교차로 통행방법 위반,맑음,0,4
2020년 다발지,경기도 하남시7,경기도 하남시 풍산동(미사강변센트럴자이 부근),2020-09-07,22시,경상,남,59세,승용차,상해없음,여,59세,자전거,경상,차대차 - 측면충돌,신호위반,맑음,0,4
2020년 다발지,경기도 하남시7,경기도 하남시 풍산동(미사강변센트럴자이 부근),2020-11-20,17시,경상,남,12세,자전거,상해없음,여,59세,보행자,경상,차대사람 - 기타,안전운전 의무 불이행,맑음,0,4
2020년 다발지,경기도 김포시1,경기도 김포시 고촌읍(서부애견 부근),2020-09-08,20시,경상,남,17세,자전거,상해없음,남,31세,자전거,상해없음,차대차 - 기타,교차로 통행방법 위반,맑음,0,5
2020년 다발지,경기도 김포시1,경기도 김포시 고촌읍(서부애견 부근),2020-09-13,13시,경상,남,67세,자전거,경상,여,25세,자전거,상해없음,차대차 - 기타,안전운전 의무 불이행,맑음,0,5
2020년 다발지,경기도 김포시1,경기도 김포시 고촌읍(서부애견 부근),2020-09-13,18시,중상,남,38세,자전거,중상,남,54세,자전거,기타불명,차대차 - 기타,안전운전 의무 불이행,맑음,0,5
2020년 다발지,경기도 김포시1,경기도 김포시 고촌읍(서부애견 부근),2020-09-20,08시,중상,남,50세,자전거,중상,남,48세,자전거,경상,차대차 - 기타,안전운전 의무 불이행,맑음,0,5
2020년 다발지,경기도 화성시1,경기도 화성시 남양읍(동부한농종묘농약사 부근),2020-07-04,16시,경상,남,14세,자전거,경상,남,56세,승용차,경상,차대차 - 기타,안전운전 의무 불이행,맑음,0,5
2020년 다발지,경기도 화성시1,경기도 화성시 남양읍(동부한농종묘농약사 부근),2020-07-20,17시,경상,남,87세,자전거,경상,남,51세,승용차,상해없음,차대차 - 기타,안전운전 의무 불이행,맑음,0,5
2020년 다발지,경기도 화성시1,경기도 화성시 남양읍(동부한농종묘농약사 부근),2020-07-30,10시,경상,여,57세,승용차,상해없음,남,79세,자전거,경상,차대차 - 측면충돌,안전운전 의무 불이행,맑음,0,5
2020년 다발지,경기도 화성시1,경기도 화성시 남양읍(동부한농종묘농약사 부근),2020-08-18,19시,경상,남,25세,승용차,상해없음,남,8세,자전거,경상,차대차 - 기타,안전운전 의무 불이행,맑음,0,5
2020년 다발지,경기도 화성시2,경기도 화성시 반송동(잎새지하차도사거리 부근),2020-03-03,20시,경상,여,18세,자전거,경상,남,59세,승합차,상해없음,차대차 - 기타,안전운전 의무 불이행,맑음,0,4
2020년 다발지,경기도 화성시2,경기도 화성시 반송동(잎새지하차도사거리 부근),2020-10-22,15시,부상신고,남,26세,승용차,상해없음,남,10세,자전거,부상신고,차대차 - 기타,안전운전 의무 불이행,맑음,0,4
2020년 다발지,경기도 화성시2,경기도 화성시 반송동(잎새지하차도사거리 부근),2020-11-14,21시,경상,기타불명,불명,불명,기타불명,남,20세,자전거,경상,차대차 - 기타,안전운전 의무 불이행,기타/불명,0,4
2020년 다발지,경기도 화성시2,경기도 화성시 반송동(잎새지하차도사거리 부근),2020-11-16,20시,부상신고,남,46세,자전거,부상신고,여,55세,승용차,상해없음,차대차 - 기타,기타,맑음,0,4
2020년 다발지,경기도 광주시1,경기도 광주시 쌍령동(쌍령동1064 부근),2020-02-26,15시,중상,남,47세,승용차,상해없음,남,72세,자전거,중상,차대차 - 기타,안전운전 의무 불이행,맑음,0,4
2020년 다발지,경기도 광주시1,경기도 광주시 쌍령동(쌍령동1064 부근),2020-06-18,07시,경상,남,65세,승용차,상해없음,남,35세,자전거,경상,차대차 - 측면충돌,교차로 통행방법 위반,맑음,0,4
2020년 다발지,경기도 광주시1,경기도 광주시 쌍령동(쌍령동1064 부근),2020-10-12,07시,경상,남,35세,승용차,상해없음,남,55세,자전거,경상,차대차 - 기타,안전운전 의무 불이행,맑음,0,4
2020년 다발지,경기도 광주시1,경기도 광주시 쌍령동(쌍령동1064 부근),2020-10-29,16시,경상,남,12세,자전거,경상,남,45세,승합차,상해없음,차대차 - 측면충돌,안전운전 의무 불이행,맑음,0,4
2020년 다발지,경기도 포천시1,경기도 포천시 소흘읍(이가팔리입구교차로 부근),2020-03-24,14시,경상,남,66세,자전거,경상,남,76세,승용차,상해없음,차대차 - 측면충돌,기타,맑음,0,4
2020년 다발지,경기도 포천시1,경기도 포천시 소흘읍(이가팔리입구교차로 부근),2020-04-10,18시,중상,남,28세,승용차,상해없음,남,15세,자전거,중상,차대차 - 측면충돌,교차로 통행방법 위반,맑음,0,4
2020년 다발지,경기도 포천시1,경기도 포천시 소흘읍(이가팔리입구교차로 부근),2020-05-14,19시,경상,남,44세,자전거,경상,남,59세,화물차,상해없음,차대차 - 기타,중앙선 침범,맑음,0,4
2020년 다발지,경기도 포천시1,경기도 포천시 소흘읍(이가팔리입구교차로 부근),2020-07-05,13시,부상신고,남,35세,자전거,부상신고,남,42세,화물차,상해없음,차대차 - 측면충돌,안전운전 의무 불이행,맑음,0,4
2020년 다발지,경기도 양평군1,경기도 양평군 양서면(터미널삼거리 부근),2020-04-12,14시,경상,남,62세,자전거,경상,없음,불명,없음,없음,차량단독 - 기타,안전운전 의무 불이행,맑음,0,4
2020년 다발지,경기도 양평군1,경기도 양평군 양서면(터미널삼거리 부근),2020-09-25,09시,경상,여,69세,승용차,상해없음,남,49세,자전거,경상,차대차 - 기타,안전운전 의무 불이행,맑음,0,4
2020년 다발지,경기도 양평군1,경기도 양평군 양서면(터미널삼거리 부근),2020-10-17,18시,부상신고,남,43세,자전거,상해없음,남,47세,자전거,부상신고,차대차 - 기타,안전운전 의무 불이행,맑음,0,4
2020년 다발지,경기도 양평군1,경기도 양평군 양서면(터미널삼거리 부근),2020-10-29,12시,경상,남,69세,승용차,상해없음,여,58세,자전거,경상,차대차 - 기타,안전운전 의무 불이행,맑음,0,4
2020년 다발지,강원도 홍천군1,강원도 홍천군 홍천읍(강원낚시 부근),2020-01-13,12시,경상,남,31세,자전거,상해없음,여,59세,보행자,경상,차대사람 - 보도통행중,안전운전 의무 불이행,맑음,0,4
2020년 다발지,강원도 홍천군1,강원도 홍천군 홍천읍(강원낚시 부근),2020-05-11,07시,경상,여,57세,승용차,상해없음,남,26세,자전거,경상,차대차 - 측면충돌,안전운전 의무 불이행,맑음,0,4
2020년 다발지,강원도 홍천군1,강원도 홍천군 홍천읍(강원낚시 부근),2020-05-22,14시,중상,남,48세,승용차,상해없음,남,84세,자전거,중상,차대차 - 측면충돌,기타,맑음,0,4
2020년 다발지,강원도 홍천군1,강원도 홍천군 홍천읍(강원낚시 부근),2020-07-15,18시,경상,여,61세,승용차,상해없음,남,82세,자전거,경상,차대차 - 측면충돌,안전운전 의무 불이행,맑음,0,4
2020년 다발지,충청북도 청주시 상당구1,충청북도 청주시 상당구 남주동(석교동133 부근),2020-06-26,10시,경상,여,57세,승합차,상해없음,남,67세,자전거,경상,차대차 - 측면충돌,기타,맑음,1,2
2020년 다발지,충청북도 청주시 상당구1,충청북도 청주시 상당구 남주동(석교동133 부근),2020-10-15,15시,경상,여,56세,승용차,상해없음,남,70세,자전거,경상,차대차 - 측면충돌,안전운전 의무 불이행,맑음,1,2
2020년 다발지,충청북도 청주시 상당구1,충청북도 청주시 상당구 남주동(석교동133 부근),2020-11-21,14시,사망,여,28세,승용차,상해없음,남,67세,자전거,사망,차대차 - 추돌,안전운전 의무 불이행,맑음,1,2
2020년 다발지,충청북도 청주시 서원구1,충청북도 청주시 서원구 수곡동(비진교 부근),2020-04-05,18시,중상,남,39세,자전거,중상,남,37세,자전거,상해없음,차대차 - 기타,안전운전 의무 불이행,맑음,0,5
2020년 다발지,충청북도 청주시 서원구1,충청북도 청주시 서원구 수곡동(비진교 부근),2020-04-28,19시,경상,여,65세,승용차,상해없음,남,81세,자전거,경상,차대차 - 측면충돌,교차로 통행방법 위반,맑음,0,5
2020년 다발지,충청북도 청주시 서원구1,충청북도 청주시 서원구 수곡동(비진교 부근),2020-07-01,14시,경상,여,46세,자전거,경상,남,6세,보행자,경상,차대사람 - 횡단중,안전운전 의무 불이행,맑음,0,5
2020년 다발지,충청북도 청주시 서원구1,충청북도 청주시 서원구 수곡동(비진교 부근),2020-07-17,18시,중상,남,12세,자전거,중상,남,39세,승용차,상해없음,차대차 - 정면충돌,안전운전 의무 불이행,맑음,0,5
2020년 다발지,충청북도 청주시 흥덕구1,충청북도 청주시 흥덕구 신봉동(아름인도서관 부근),2020-02-08,17시,경상,여,51세,승용차,상해없음,남,50세,자전거,경상,차대차 - 기타,안전운전 의무 불이행,맑음,0,5
2020년 다발지,충청북도 청주시 흥덕구1,충청북도 청주시 흥덕구 신봉동(아름인도서관 부근),2020-05-02,04시,경상,여,38세,승용차,상해없음,남,8세,자전거,경상,차대차 - 기타,안전운전 의무 불이행,맑음,0,5
2020년 다발지,충청북도 청주시 흥덕구1,충청북도 청주시 흥덕구 신봉동(아름인도서관 부근),2020-06-12,13시,중상,여,30세,승용차,상해없음,남,69세,자전거,중상,차대차 - 기타,안전운전 의무 불이행,맑음,0,5
2020년 다발지,충청북도 청주시 흥덕구1,충청북도 청주시 흥덕구 신봉동(아름인도서관 부근),2020-09-29,19시,경상,남,66세,승용차,상해없음,남,27세,자전거,경상,차대차 - 측면충돌,안전운전 의무 불이행,맑음,0,5
2020년 다발지,충청북도 청주시 흥덕구1,충청북도 청주시 흥덕구 신봉동(아름인도서관 부근),2020-11-26,06시,중상,여,60세,승용차,상해없음,남,69세,자전거,중상,차대차 - 측면충돌,신호위반,맑음,0,5
2020년 다발지,충청북도 충주시1,충청북도 충주시 문화동(충주고용복지플러스센터 부근),2020-01-31,11시,부상신고,여,69세,자전거,부상신고,남,28세,승용차,상해없음,차대차 - 기타,중앙선 침범,맑음,0,4
2020년 다발지,충청북도 충주시1,충청북도 충주시 문화동(충주고용복지플러스센터 부근),2020-05-04,10시,경상,남,53세,화물차,상해없음,남,66세,자전거,경상,차대차 - 기타,안전운전 의무 불이행,맑음,0,4
2020년 다발지,충청북도 충주시1,충청북도 충주시 문화동(충주고용복지플러스센터 부근),2020-05-28,10시,부상신고,남,40세,자전거,부상신고,남,65세,승용차,상해없음,차대차 - 측면충돌,기타,맑음,0,4
2020년 다발지,충청북도 충주시1,충청북도 충주시 문화동(충주고용복지플러스센터 부근),2020-10-04,17시,중상,남,11세,자전거,상해없음,여,77세,보행자,중상,차대사람 - 횡단중,보행자 보호의무 위반,맑음,0,4
2020년 다발지,충청북도 충주시2,충청북도 충주시 연수동(체육관사거리 부근),2020-02-05,08시,경상,여,38세,승용차,상해없음,남,83세,자전거,경상,차대차 - 추돌,안전운전 의무 불이행,맑음,0,4
2020년 다발지,충청북도 충주시2,충청북도 충주시 연수동(체육관사거리 부근),2020-06-20,10시,경상,여,28세,승용차,상해없음,남,75세,자전거,경상,차대차 - 측면충돌,교차로 통행방법 위반,맑음,0,4
2020년 다발지,충청북도 충주시2,충청북도 충주시 연수동(체육관사거리 부근),2020-07-18,21시,경상,남,46세,승용차,상해없음,남,21세,자전거,경상,차대차 - 기타,안전운전 의무 불이행,맑음,0,4
2020년 다발지,충청북도 충주시2,충청북도 충주시 연수동(체육관사거리 부근),2020-09-24,13시,경상,여,47세,승용차,상해없음,남,63세,자전거,경상,차대차 - 정면충돌,안전운전 의무 불이행,맑음,0,4
2020년 다발지,충청북도 제천시1,충청북도 제천시 중앙로2가(이브자리 부근),2020-05-23,21시,경상,남,50세,승용차,상해없음,남,25세,자전거,경상,차대차 - 측면충돌,신호위반,맑음,0,4
2020년 다발지,충청북도 제천시1,충청북도 제천시 중앙로2가(이브자리 부근),2020-05-28,13시,경상,남,79세,자전거,경상,남,66세,승용차,상해없음,차대차 - 측면충돌,안전운전 의무 불이행,맑음,0,4
2020년 다발지,충청북도 제천시1,충청북도 제천시 중앙로2가(이브자리 부근),2020-08-24,11시,경상,남,55세,승용차,상해없음,남,60세,자전거,경상,차대차 - 측면충돌,안전운전 의무 불이행,맑음,0,4
2020년 다발지,충청북도 제천시1,충청북도 제천시 중앙로2가(이브자리 부근),2020-10-29,10시,경상,남,62세,화물차,상해없음,남,54세,자전거,경상,차대차 - 측면충돌,신호위반,맑음,0,4
2020년 다발지,충청남도 천안시 동남구1,충청남도 천안시 동남구 봉명동(우창홈피스텔A동 부근),2020-04-04,04시,부상신고,남,18세,자전거,부상신고,없음,불명,없음,없음,차량단독 - 전도,안전운전 의무 불이행,맑음,0,4
2020년 다발지,충청남도 천안시 동남구1,충청남도 천안시 동남구 봉명동(우창홈피스텔A동 부근),2020-05-03,08시,경상,남,49세,승용차,기타불명,남,25세,자전거,경상,차대차 - 측면충돌,교차로 통행방법 위반,맑음,0,4
2020년 다발지,충청남도 천안시 동남구1,충청남도 천안시 동남구 봉명동(우창홈피스텔A동 부근),2020-06-09,23시,경상,남,61세,승용차,상해없음,남,26세,자전거,경상,차대차 - 측면충돌,안전운전 의무 불이행,맑음,0,4
2020년 다발지,충청남도 천안시 동남구1,충청남도 천안시 동남구 봉명동(우창홈피스텔A동 부근),2020-10-21,15시,중상,남,58세,자전거,중상,없음,불명,없음,없음,차량단독 - 공작물충돌,안전운전 의무 불이행,맑음,0,4
2020년 다발지,충청남도 공주시1,충청남도 공주시 산성동(산성동195 부근),2020-06-30,15시,중상,남,59세,자전거,상해없음,여,81세,보행자,중상,차대사람 - 차도통행중,안전운전 의무 불이행,기타/불명,1,3
2020년 다발지,충청남도 공주시1,충청남도 공주시 산성동(산성동195 부근),2020-09-06,16시,부상신고,남,68세,자전거,부상신고,남,70세,화물차,상해없음,차대차 - 측면충돌,중앙선 침범,맑음,1,3
2020년 다발지,충청남도 공주시1,충청남도 공주시 산성동(산성동195 부근),2020-09-15,20시,사망,남,22세,승용차,상해없음,남,81세,자전거,사망,차대차 - 측면충돌,기타,흐림,1,3
2020년 다발지,충청남도 공주시1,충청남도 공주시 산성동(산성동195 부근),2020-10-13,15시,부상신고,남,35세,자전거,부상신고,남,59세,승용차,상해없음,차대차 - 추돌,안전운전 의무 불이행,맑음,1,3
2020년 다발지,충청남도 서산시1,충청남도 서산시 읍내동(삼성화재앞교차로 부근),2020-05-24,14시,경상,남,73세,승용차,상해없음,남,86세,자전거,경상,차대차 - 기타,안전운전 의무 불이행,맑음,0,4
2020년 다발지,충청남도 서산시1,충청남도 서산시 읍내동(삼성화재앞교차로 부근),2020-06-23,08시,중상,남,28세,승용차,상해없음,여,61세,자전거,중상,차대차 - 측면충돌,교차로 통행방법 위반,맑음,0,4
2020년 다발지,충청남도 서산시1,충청남도 서산시 읍내동(삼성화재앞교차로 부근),2020-10-15,18시,경상,남,58세,자전거,경상,여,28세,승용차,상해없음,차대차 - 측면충돌,중앙선 침범,맑음,0,4
2020년 다발지,충청남도 서산시1,충청남도 서산시 읍내동(삼성화재앞교차로 부근),2020-11-27,16시,중상,남,74세,자전거,중상,남,48세,승용차,상해없음,차대차 - 측면충돌,안전운전 의무 불이행,맑음,0,4
2020년 다발지,전라북도 군산시1,전라북도 군산시 미원동(미원동270 부근),2020-02-09,13시,경상,남,81세,자전거,경상,남,40세,승용차,상해없음,차대차 - 기타,신호위반,맑음,0,5
2020년 다발지,전라북도 군산시1,전라북도 군산시 미원동(미원동270 부근),2020-03-17,15시,경상,남,60세,화물차,상해없음,남,85세,자전거,경상,차대차 - 기타,안전운전 의무 불이행,맑음,0,5
2020년 다발지,전라북도 군산시1,전라북도 군산시 미원동(미원동270 부근),2020-04-20,11시,부상신고,남,71세,자전거,부상신고,남,63세,승용차,상해없음,차대차 - 기타,안전운전 의무 불이행,맑음,0,5
2020년 다발지,전라북도 군산시1,전라북도 군산시 미원동(미원동270 부근),2020-05-06,18시,경상,여,40세,승용차,상해없음,남,69세,자전거,경상,차대차 - 기타,안전운전 의무 불이행,맑음,0,5
2020년 다발지,전라북도 군산시1,전라북도 군산시 미원동(미원동270 부근),2020-12-22,13시,중상,여,49세,승용차,상해없음,남,79세,자전거,중상,차대차 - 측면충돌,안전운전 의무 불이행,맑음,0,5
2020년 다발지,전라북도 군산시2,전라북도 군산시 미장동(단비교회 부근),2020-02-09,15시,경상,남,67세,자전거,경상,남,63세,승용차,상해없음,차대차 - 기타,신호위반,맑음,1,2
2020년 다발지,전라북도 군산시2,전라북도 군산시 미장동(단비교회 부근),2020-03-25,12시,경상,남,50세,승용차,상해없음,남,79세,자전거,경상,차대차 - 기타,안전운전 의무 불이행,맑음,1,2
2020년 다발지,전라북도 군산시2,전라북도 군산시 미장동(단비교회 부근),2020-08-06,10시,사망,여,46세,승용차,상해없음,남,80세,자전거,사망,차대차 - 측면충돌,안전운전 의무 불이행,흐림,1,2
2020년 다발지,전라북도 익산시1,전라북도 익산시 어양동(하나로사거리 부근),2020-03-13,22시,경상,남,61세,승용차,상해없음,여,52세,자전거,경상,차대차 - 측면충돌,안전운전 의무 불이행,맑음,0,5
2020년 다발지,전라북도 익산시1,전라북도 익산시 어양동(하나로사거리 부근),2020-08-24,08시,중상,여,55세,승용차,상해없음,남,77세,자전거,중상,차대차 - 측면충돌,안전운전 의무 불이행,맑음,0,5
2020년 다발지,전라북도 익산시1,전라북도 익산시 어양동(하나로사거리 부근),2020-09-12,11시,경상,남,72세,승용차,상해없음,여,64세,자전거,경상,차대차 - 기타,안전운전 의무 불이행,맑음,0,5
2020년 다발지,전라북도 익산시1,전라북도 익산시 어양동(하나로사거리 부근),2020-12-12,10시,중상,남,35세,승용차,상해없음,여,69세,자전거,중상,차대차 - 측면충돌,안전운전 의무 불이행,맑음,0,5
2020년 다발지,전라북도 정읍시1,전라북도 정읍시 연지동(구미동사거리 부근),2020-01-13,06시,사망,남,83세,자전거,사망,여,24세,승용차,상해없음,차대차 - 측면충돌,중앙선 침범,흐림,1,2
2020년 다발지,전라북도 정읍시1,전라북도 정읍시 연지동(구미동사거리 부근),2020-08-23,06시,경상,남,62세,화물차,상해없음,여,60세,자전거,경상,차대차 - 측면충돌,안전운전 의무 불이행,맑음,1,2
2020년 다발지,전라북도 정읍시1,전라북도 정읍시 연지동(구미동사거리 부근),2020-11-05,15시,중상,여,73세,자전거,중상,남,48세,승합차,상해없음,차대차 - 측면충돌,기타,맑음,1,2
2020년 다발지,전라북도 남원시1,전라북도 남원시 향교동(향교오거리 부근),2020-09-07,15시,중상,남,21세,화물차,상해없음,여,67세,자전거,중상,차대차 - 측면충돌,안전운전 의무 불이행,비,0,4
2020년 다발지,전라북도 남원시1,전라북도 남원시 향교동(향교오거리 부근),2020-09-19,10시,중상,남,54세,승용차,상해없음,여,57세,자전거,중상,차대차 - 측면충돌,안전운전 의무 불이행,맑음,0,4
2020년 다발지,전라북도 남원시1,전라북도 남원시 향교동(향교오거리 부근),2020-11-18,10시,경상,여,25세,승용차,상해없음,여,57세,자전거,경상,차대차 - 측면충돌,안전운전 의무 불이행,맑음,0,4
2020년 다발지,전라북도 남원시1,전라북도 남원시 향교동(향교오거리 부근),2020-12-11,08시,경상,여,27세,승용차,상해없음,남,10세,자전거,경상,차대차 - 기타,안전운전 의무 불이행,맑음,0,4
2020년 다발지,전라남도 목포시1,전라남도 목포시 상동(삼성전자및서비스센타 부근),2020-08-11,10시,경상,여,35세,승용차,상해없음,남,49세,자전거,경상,차대차 - 측면충돌,안전운전 의무 불이행,맑음,0,5
2020년 다발지,전라남도 목포시1,전라남도 목포시 상동(삼성전자및서비스센타 부근),2020-08-22,13시,경상,여,50세,승용차,상해없음,남,11세,자전거,경상,차대차 - 측면충돌,안전운전 의무 불이행,맑음,0,5
2020년 다발지,전라남도 목포시1,전라남도 목포시 상동(삼성전자및서비스센타 부근),2020-10-13,07시,경상,남,69세,승용차,상해없음,여,56세,자전거,경상,차대차 - 기타,안전운전 의무 불이행,맑음,0,5
2020년 다발지,전라남도 목포시1,전라남도 목포시 상동(삼성전자및서비스센타 부근),2020-10-28,06시,경상,남,49세,자전거,경상,남,62세,화물차,상해없음,차대차 - 측면충돌,안전운전 의무 불이행,맑음,0,5
2020년 다발지,전라남도 목포시1,전라남도 목포시 상동(삼성전자및서비스센타 부근),2020-12-19,16시,경상,남,53세,자전거,경상,남,21세,승용차,상해없음,차대차 - 기타,중앙선 침범,기타/불명,0,5
2020년 다발지,전라남도 목포시2,전라남도 목포시 용당동(용당광장교차로 부근),2020-05-13,08시,중상,여,32세,승용차,상해없음,남,84세,자전거,중상,차대차 - 기타,안전운전 의무 불이행,맑음,0,4
2020년 다발지,전라남도 목포시2,전라남도 목포시 용당동(용당광장교차로 부근),2020-09-18,08시,경상,남,60세,자전거,경상,남,59세,승용차,상해없음,차대차 - 기타,안전운전 의무 불이행,맑음,0,4
2020년 다발지,전라남도 목포시2,전라남도 목포시 용당동(용당광장교차로 부근),2020-09-30,23시,경상,남,64세,자전거,경상,남,20세,승용차,상해없음,차대차 - 기타,중앙선 침범,맑음,0,4
2020년 다발지,전라남도 목포시2,전라남도 목포시 용당동(용당광장교차로 부근),2020-10-07,21시,경상,남,58세,자전거,경상,남,46세,승용차,상해없음,차대차 - 측면충돌,안전운전 의무 불이행,맑음,0,4
2020년 다발지,전라남도 장흥군1,전라남도 장흥군 장흥읍(장흥군청.장흥군의회입구 부근),2020-02-24,15시,경상,남,11세,자전거,경상,남,48세,화물차,상해없음,차대차 - 기타,안전운전 의무 불이행,맑음,0,6