다발지구분,다발지시군구,지점명,발생일,발생시간대,사고내용,가해자성별,가해자연령,가해자차종,가해자신체상해정도,피해자성별,피해자연령,피해자차종,피해자신체상해정도,사고유형,법규위반사항,기상상태,사망자수,부상자수
2020년 다발지,전라남도 장흥군1,전라남도 장흥군 장흥읍(장흥군청.장흥군의회입구 부근),2020-05-18,10시,중상,남,80세,승용차,상해없음,남,63세,자전거,중상,차대차 - 측면충돌,안전운전 의무 불이행,맑음,0,6
2020년 다발지,전라남도 장흥군1,전라남도 장흥군 장흥읍(장흥군청.장흥군의회입구 부근),2020-05-25,21시,중상,남,15세,자전거,상해없음,여,54세,보행자,중상,차대사람 - 횡단중,안전운전 의무 불이행,맑음,0,6
2020년 다발지,전라남도 장흥군1,전라남도 장흥군 장흥읍(장흥군청.장흥군의회입구 부근),2020-06-27,22시,경상,남,62세,자전거,경상,남,17세,개인형이동수단(PM),경상,차대차 - 정면충돌,중앙선 침범,맑음,0,6
2020년 다발지,전라남도 장흥군1,전라남도 장흥군 장흥읍(장흥군청.장흥군의회입구 부근),2020-07-03,21시,부상신고,남,9세,자전거,부상신고,남,37세,승용차,상해없음,차대차 - 측면충돌,교차로 통행방법 위반,맑음,0,6
2020년 다발지,전라남도 장성군1,전라남도 장성군 장성읍(케냐에스프레소 부근),2020-05-12,12시,경상,남,63세,승용차,상해없음,여,68세,자전거,경상,차대차 - 기타,안전운전 의무 불이행,맑음,0,7
2020년 다발지,전라남도 장성군1,전라남도 장성군 장성읍(케냐에스프레소 부근),2020-06-06,11시,경상,여,71세,자전거,경상,남,45세,승용차,상해없음,차대차 - 측면충돌,안전운전 의무 불이행,맑음,0,7
2020년 다발지,전라남도 장성군1,전라남도 장성군 장성읍(케냐에스프레소 부근),2020-06-07,18시,부상신고,남,17세,자전거,부상신고,여,59세,승용차,상해없음,차대차 - 기타,안전운전 의무 불이행,맑음,0,7
2020년 다발지,전라남도 장성군1,전라남도 장성군 장성읍(케냐에스프레소 부근),2020-06-09,12시,경상,여,78세,자전거,경상,남,62세,승용차,상해없음,차대차 - 기타,안전운전 의무 불이행,맑음,0,7
2020년 다발지,전라남도 장성군1,전라남도 장성군 장성읍(케냐에스프레소 부근),2020-09-29,15시,경상,남,52세,화물차,상해없음,여,57세,자전거,경상,차대차 - 측면충돌,안전운전 의무 불이행,맑음,0,7
2020년 다발지,전라남도 장성군1,전라남도 장성군 장성읍(케냐에스프레소 부근),2020-11-10,14시,경상,여,75세,자전거,경상,남,52세,화물차,상해없음,차대차 - 추돌,안전운전 의무 불이행,맑음,0,7
2020년 다발지,전라남도 장성군1,전라남도 장성군 장성읍(케냐에스프레소 부근),2020-11-14,11시,경상,여,54세,승용차,상해없음,남,7세,자전거,경상,차대차 - 기타,안전운전 의무 불이행,맑음,0,7
2020년 다발지,경상북도 포항시 남구1,경상북도 포항시 남구 해도동(해도119안전센터앞 부근),2020-02-04,15시,중상,여,41세,승용차,상해없음,여,63세,자전거,중상,차대차 - 기타,안전운전 의무 불이행,맑음,0,7
2020년 다발지,경상북도 포항시 남구1,경상북도 포항시 남구 해도동(해도119안전센터앞 부근),2020-03-16,09시,경상,여,57세,자전거,경상,여,67세,승용차,상해없음,차대차 - 측면충돌,기타,맑음,0,7
2020년 다발지,경상북도 포항시 남구1,경상북도 포항시 남구 해도동(해도119안전센터앞 부근),2020-03-23,18시,경상,기타불명,불명,불명,기타불명,남,65세,자전거,경상,차대차 - 측면충돌,안전운전 의무 불이행,맑음,0,7
2020년 다발지,경상북도 포항시 남구1,경상북도 포항시 남구 해도동(해도119안전센터앞 부근),2020-06-09,17시,경상,남,64세,승용차,상해없음,남,61세,자전거,경상,차대차 - 측면충돌,안전운전 의무 불이행,맑음,0,7
2020년 다발지,경상북도 포항시 남구1,경상북도 포항시 남구 해도동(해도119안전센터앞 부근),2020-06-21,07시,경상,여,57세,승용차,상해없음,여,59세,자전거,경상,차대차 - 측면충돌,신호위반,맑음,0,7
2020년 다발지,경상북도 포항시 남구1,경상북도 포항시 남구 해도동(해도119안전센터앞 부근),2020-11-16,06시,경상,남,26세,자전거,경상,남,64세,승용차,상해없음,차대차 - 측면충돌,안전운전 의무 불이행,맑음,0,7
2020년 다발지,경상북도 포항시 남구1,경상북도 포항시 남구 해도동(해도119안전센터앞 부근),2020-11-16,10시,경상,남,49세,승용차,상해없음,여,67세,자전거,경상,차대차 - 기타,기타,맑음,0,7
2020년 다발지,경상북도 포항시 남구2,경상북도 포항시 남구 해도동(죽도1동사거리 부근),2020-01-22,10시,중상,여,67세,자전거,중상,남,64세,승용차,상해없음,차대차 - 측면충돌,신호위반,맑음,0,8
2020년 다발지,경상북도 포항시 남구2,경상북도 포항시 남구 해도동(죽도1동사거리 부근),2020-04-11,11시,경상,여,72세,자전거,경상,남,56세,승용차,상해없음,차대차 - 측면충돌,신호위반,맑음,0,8
2020년 다발지,경상북도 포항시 남구2,경상북도 포항시 남구 해도동(죽도1동사거리 부근),2020-06-28,20시,경상,남,61세,자전거,경상,여,52세,승용차,상해없음,차대차 - 기타,안전운전 의무 불이행,맑음,0,8
2020년 다발지,경상북도 포항시 남구2,경상북도 포항시 남구 해도동(죽도1동사거리 부근),2020-08-25,10시,중상,남,70세,자전거,중상,남,65세,이륜차,경상,차대차 - 측면충돌,안전운전 의무 불이행,맑음,0,8
2020년 다발지,경상북도 포항시 남구2,경상북도 포항시 남구 해도동(죽도1동사거리 부근),2020-09-22,15시,경상,남,63세,이륜차,경상,여,69세,자전거,경상,차대차 - 기타,신호위반,맑음,0,8
2020년 다발지,경상북도 포항시 남구2,경상북도 포항시 남구 해도동(죽도1동사거리 부근),2020-11-24,09시,경상,남,73세,자전거,경상,여,53세,승용차,상해없음,차대차 - 기타,안전운전 의무 불이행,맑음,0,8
2020년 다발지,경상북도 포항시 남구3,경상북도 포항시 남구 연일읍(연일대교 부근),2020-05-21,08시,중상,남,78세,자전거,중상,여,64세,승용차,상해없음,차대차 - 기타,안전운전 의무 불이행,맑음,0,4
2020년 다발지,경상북도 포항시 남구3,경상북도 포항시 남구 연일읍(연일대교 부근),2020-08-18,06시,경상,여,45세,자전거,경상,남,67세,승용차,상해없음,차대차 - 기타,안전운전 의무 불이행,맑음,0,4
2020년 다발지,경상북도 포항시 남구3,경상북도 포항시 남구 연일읍(연일대교 부근),2020-08-24,19시,경상,남,18세,승용차,상해없음,남,66세,자전거,경상,차대차 - 측면충돌,안전운전 의무 불이행,맑음,0,4
2020년 다발지,경상북도 포항시 남구3,경상북도 포항시 남구 연일읍(연일대교 부근),2020-11-22,12시,부상신고,남,58세,승용차,상해없음,남,66세,자전거,부상신고,차대차 - 기타,안전운전 의무 불이행,흐림,0,4
2020년 다발지,경상북도 포항시 남구4,경상북도 포항시 남구 대도동(한국산업인력공단앞교차로 부근),2020-07-15,12시,경상,남,67세,승용차,상해없음,남,62세,자전거,경상,차대차 - 측면충돌,안전운전 의무 불이행,맑음,0,4
2020년 다발지,경상북도 포항시 남구4,경상북도 포항시 남구 대도동(한국산업인력공단앞교차로 부근),2020-10-13,12시,경상,남,86세,자전거,경상,여,37세,승용차,상해없음,차대차 - 측면충돌,안전운전 의무 불이행,맑음,0,4
2020년 다발지,경상북도 포항시 남구4,경상북도 포항시 남구 대도동(한국산업인력공단앞교차로 부근),2020-10-19,22시,경상,남,63세,승용차,상해없음,남,38세,자전거,경상,차대차 - 기타,신호위반,맑음,0,4
2020년 다발지,경상북도 포항시 남구4,경상북도 포항시 남구 대도동(한국산업인력공단앞교차로 부근),2020-10-20,08시,경상,남,47세,승용차,상해없음,남,11세,자전거,경상,차대차 - 정면충돌,신호위반,맑음,0,4
2020년 다발지,경상북도 포항시 북구1,경상북도 포항시 북구 죽도동(전내과의원앞교차로 부근),2020-02-16,12시,중상,남,54세,화물차,기타불명,남,34세,자전거,중상,차대차 - 측면충돌,안전운전 의무 불이행,맑음,0,5
2020년 다발지,경상북도 포항시 북구1,경상북도 포항시 북구 죽도동(전내과의원앞교차로 부근),2020-05-13,17시,경상,여,59세,이륜차,상해없음,여,71세,자전거,경상,차대차 - 기타,안전운전 의무 불이행,맑음,0,5
2020년 다발지,경상북도 포항시 북구1,경상북도 포항시 북구 죽도동(전내과의원앞교차로 부근),2020-09-11,15시,경상,남,29세,승용차,상해없음,남,23세,자전거,경상,차대차 - 측면충돌,안전운전 의무 불이행,흐림,0,5
2020년 다발지,경상북도 포항시 북구1,경상북도 포항시 북구 죽도동(전내과의원앞교차로 부근),2020-10-23,11시,중상,여,65세,자전거,중상,남,35세,화물차,상해없음,차대차 - 기타,안전운전 의무 불이행,맑음,0,5
2020년 다발지,경상북도 포항시 북구1,경상북도 포항시 북구 죽도동(전내과의원앞교차로 부근),2020-11-09,02시,중상,남,57세,승용차,상해없음,여,59세,자전거,중상,차대차 - 측면충돌,안전운전 의무 불이행,맑음,0,5
2020년 다발지,경상북도 경주시1,경상북도 경주시 성동동(소상공인시장진흥공단경주센터 부근),2020-06-12,10시,중상,남,33세,화물차,상해없음,여,72세,자전거,중상,차대차 - 측면충돌,안전운전 의무 불이행,맑음,0,5
2020년 다발지,경상북도 경주시1,경상북도 경주시 성동동(소상공인시장진흥공단경주센터 부근),2020-08-29,10시,중상,남,29세,승용차,상해없음,여,67세,자전거,중상,차대차 - 측면충돌,안전운전 의무 불이행,맑음,0,5
2020년 다발지,경상북도 경주시1,경상북도 경주시 성동동(소상공인시장진흥공단경주센터 부근),2020-09-13,12시,경상,남,59세,자전거,경상,남,73세,화물차,상해없음,차대차 - 기타,안전운전 의무 불이행,맑음,0,5
2020년 다발지,경상북도 경주시1,경상북도 경주시 성동동(소상공인시장진흥공단경주센터 부근),2020-11-17,10시,경상,여,45세,승용차,상해없음,여,58세,자전거,경상,차대차 - 측면충돌,안전운전 의무 불이행,맑음,0,5
2020년 다발지,경상북도 경주시1,경상북도 경주시 성동동(소상공인시장진흥공단경주센터 부근),2020-12-28,12시,중상,남,62세,승용차,상해없음,여,58세,자전거,중상,차대차 - 후진중충돌,기타,맑음,0,5
2020년 다발지,경상북도 경주시2,경상북도 경주시 황성동(금장교네거리 부근),2020-02-06,12시,중상,남,66세,자전거,중상,남,80세,승용차,상해없음,차대차 - 정면충돌,안전운전 의무 불이행,맑음,0,4
2020년 다발지,경상북도 경주시2,경상북도 경주시 황성동(금장교네거리 부근),2020-03-06,08시,중상,남,64세,자전거,중상,여,39세,승용차,상해없음,차대차 - 측면충돌,안전운전 의무 불이행,맑음,0,4
2020년 다발지,경상북도 경주시2,경상북도 경주시 황성동(금장교네거리 부근),2020-03-18,17시,중상,남,53세,자전거,중상,남,77세,승용차,상해없음,차대차 - 측면충돌,안전운전 의무 불이행,맑음,0,4
2020년 다발지,경상북도 경주시2,경상북도 경주시 황성동(금장교네거리 부근),2020-06-09,21시,부상신고,남,19세,자전거,부상신고,남,64세,승용차,상해없음,차대차 - 측면충돌,안전운전 의무 불이행,맑음,0,4
2020년 다발지,경상북도 경주시3,경상북도 경주시 사정동(서라벌네거리 부근),2020-02-01,09시,중상,남,48세,승용차,상해없음,여,62세,자전거,중상,차대차 - 측면충돌,안전운전 의무 불이행,맑음,0,4
2020년 다발지,경상북도 경주시3,경상북도 경주시 사정동(서라벌네거리 부근),2020-06-24,07시,경상,여,60세,승용차,상해없음,여,33세,자전거,경상,차대차 - 측면충돌,안전운전 의무 불이행,맑음,0,4
2020년 다발지,경상북도 경주시3,경상북도 경주시 사정동(서라벌네거리 부근),2020-10-16,07시,경상,남,15세,자전거,상해없음,남,68세,보행자,경상,차대사람 - 보도통행중,기타,맑음,0,4
2020년 다발지,경상북도 경주시3,경상북도 경주시 사정동(서라벌네거리 부근),2020-10-24,18시,중상,남,61세,승용차,상해없음,남,77세,자전거,중상,차대차 - 측면충돌,안전운전 의무 불이행,맑음,0,4
2020년 다발지,경상북도 안동시1,경상북도 안동시 당북동(제일생명사거리 부근),2020-04-09,10시,중상,남,32세,승용차,상해없음,남,57세,자전거,중상,차대차 - 측면충돌,안전운전 의무 불이행,맑음,0,6
2020년 다발지,경상북도 안동시1,경상북도 안동시 당북동(제일생명사거리 부근),2020-07-22,10시,경상,남,78세,자전거,경상,여,57세,승용차,상해없음,차대차 - 측면충돌,신호위반,비,0,6
2020년 다발지,경상북도 안동시1,경상북도 안동시 당북동(제일생명사거리 부근),2020-08-09,13시,경상,여,56세,자전거,경상,여,39세,승용차,상해없음,차대차 - 측면충돌,안전운전 의무 불이행,맑음,0,6
2020년 다발지,경상북도 안동시1,경상북도 안동시 당북동(제일생명사거리 부근),2020-08-25,12시,경상,여,53세,승용차,상해없음,남,46세,자전거,경상,차대차 - 측면충돌,안전운전 의무 불이행,맑음,0,6
2020년 다발지,경상북도 안동시1,경상북도 안동시 당북동(제일생명사거리 부근),2020-09-15,14시,경상,남,72세,승용차,상해없음,남,66세,자전거,경상,차대차 - 측면충돌,안전거리 미확보,맑음,0,6
2020년 다발지,경상북도 안동시1,경상북도 안동시 당북동(제일생명사거리 부근),2020-10-30,15시,부상신고,남,75세,자전거,부상신고,남,50세,화물차,상해없음,차대차 - 기타,안전운전 의무 불이행,맑음,0,6
2020년 다발지,경상북도 영주시1,경상북도 영주시 하망동(동원계란 부근),2020-01-01,17시,중상,여,65세,승용차,상해없음,남,68세,자전거,중상,차대차 - 기타,교차로 통행방법 위반,맑음,0,6
2020년 다발지,경상북도 영주시1,경상북도 영주시 하망동(동원계란 부근),2020-02-19,13시,경상,여,59세,승용차,상해없음,여,65세,자전거,경상,차대차 - 측면충돌,안전운전 의무 불이행,맑음,0,6
2020년 다발지,경상북도 영주시1,경상북도 영주시 하망동(동원계란 부근),2020-03-10,10시,경상,여,70세,승용차,상해없음,남,86세,자전거,경상,차대차 - 측면충돌,안전운전 의무 불이행,비,0,6
2020년 다발지,경상북도 영주시1,경상북도 영주시 하망동(동원계란 부근),2020-03-23,12시,부상신고,남,75세,승용차,상해없음,남,62세,자전거,부상신고,차대차 - 기타,안전운전 의무 불이행,맑음,0,6
2020년 다발지,경상북도 영주시1,경상북도 영주시 하망동(동원계란 부근),2020-06-17,06시,경상,남,59세,자전거,경상,여,67세,승용차,상해없음,차대차 - 기타,안전운전 의무 불이행,맑음,0,6
2020년 다발지,경상북도 영주시1,경상북도 영주시 하망동(동원계란 부근),2020-11-09,11시,중상,남,52세,화물차,상해없음,여,63세,자전거,중상,차대차 - 기타,교차로 통행방법 위반,맑음,0,6
2020년 다발지,경상북도 상주시1,경상북도 상주시 남성동(중앙사거리 부근),2020-06-04,08시,경상,남,35세,승용차,상해없음,여,17세,자전거,경상,차대차 - 측면충돌,교차로 통행방법 위반,맑음,0,6
2020년 다발지,경상북도 상주시1,경상북도 상주시 남성동(중앙사거리 부근),2020-06-13,18시,경상,남,62세,승용차,상해없음,남,11세,자전거,경상,차대차 - 측면충돌,안전운전 의무 불이행,맑음,0,6
2020년 다발지,경상북도 상주시1,경상북도 상주시 남성동(중앙사거리 부근),2020-07-12,12시,경상,여,24세,승용차,상해없음,남,13세,자전거,경상,차대차 - 측면충돌,교차로 통행방법 위반,맑음,0,6
2020년 다발지,경상북도 상주시1,경상북도 상주시 남성동(중앙사거리 부근),2020-09-14,13시,경상,남,72세,승용차,상해없음,남,12세,자전거,경상,차대차 - 기타,안전운전 의무 불이행,맑음,0,6
2020년 다발지,경상북도 상주시1,경상북도 상주시 남성동(중앙사거리 부근),2020-11-18,11시,경상,여,52세,승용차,상해없음,남,62세,자전거,경상,차대차 - 기타,안전운전 의무 불이행,맑음,0,6
2020년 다발지,경상북도 상주시2,경상북도 상주시 서문동(상주동아스쿨 부근),2020-01-15,18시,경상,여,43세,승용차,상해없음,여,68세,자전거,경상,차대차 - 측면충돌,교차로 통행방법 위반,맑음,0,4
2020년 다발지,경상북도 상주시2,경상북도 상주시 서문동(상주동아스쿨 부근),2020-02-14,16시,경상,남,50세,승용차,상해없음,남,14세,자전거,경상,차대차 - 측면충돌,안전운전 의무 불이행,맑음,0,4
2020년 다발지,경상북도 상주시2,경상북도 상주시 서문동(상주동아스쿨 부근),2020-06-13,08시,중상,남,31세,승용차,상해없음,남,23세,자전거,중상,차대차 - 정면충돌,교차로 통행방법 위반,흐림,0,4
2020년 다발지,경상북도 상주시2,경상북도 상주시 서문동(상주동아스쿨 부근),2020-08-15,14시,중상,남,54세,화물차,상해없음,남,56세,자전거,중상,차대차 - 기타,기타,맑음,0,4
2020년 다발지,경상북도 상주시3,경상북도 상주시 성하동(동산동물병원 부근),2020-07-06,13시,경상,남,60세,이륜차,상해없음,여,73세,자전거,경상,차대차 - 측면충돌,안전운전 의무 불이행,맑음,0,4
2020년 다발지,경상북도 상주시3,경상북도 상주시 성하동(동산동물병원 부근),2020-08-11,15시,중상,남,75세,화물차,상해없음,여,64세,자전거,중상,차대차 - 기타,기타,맑음,0,4
2020년 다발지,경상북도 상주시3,경상북도 상주시 성하동(동산동물병원 부근),2020-10-07,19시,경상,남,31세,승합차,상해없음,남,40세,자전거,경상,차대차 - 측면충돌,안전운전 의무 불이행,맑음,0,4
2020년 다발지,경상북도 상주시3,경상북도 상주시 성하동(동산동물병원 부근),2020-12-07,07시,부상신고,여,51세,자전거,부상신고,남,29세,승용차,상해없음,차대차 - 측면충돌,안전거리 미확보,맑음,0,4
2020년 다발지,경상북도 문경시1,경상북도 문경시 흥덕동(흥덕동7564 부근),2020-04-13,15시,경상,남,60세,화물차,상해없음,남,78세,자전거,경상,차대차 - 측면충돌,안전운전 의무 불이행,맑음,0,4
2020년 다발지,경상북도 문경시1,경상북도 문경시 흥덕동(흥덕동7564 부근),2020-05-28,19시,중상,남,9세,자전거,중상,남,57세,승합차,상해없음,차대차 - 측면충돌,안전운전 의무 불이행,맑음,0,4
2020년 다발지,경상북도 문경시1,경상북도 문경시 흥덕동(흥덕동7564 부근),2020-10-09,10시,중상,남,81세,승용차,상해없음,여,76세,자전거,중상,차대차 - 기타,안전운전 의무 불이행,맑음,0,4
2020년 다발지,경상북도 문경시1,경상북도 문경시 흥덕동(흥덕동7564 부근),2020-11-05,17시,중상,남,44세,화물차,상해없음,여,78세,자전거,중상,차대차 - 추돌,안전운전 의무 불이행,맑음,0,4
2020년 다발지,경상북도 경산시1,경상북도 경산시 옥산동(옥산동762 부근),2020-05-02,10시,중상,남,50세,승용차,상해없음,여,59세,자전거,중상,차대차 - 측면충돌,안전운전 의무 불이행,맑음,0,4
2020년 다발지,경상북도 경산시1,경상북도 경산시 옥산동(옥산동762 부근),2020-06-14,23시,중상,기타불명,불명,불명,기타불명,남,45세,자전거,중상,차대차 - 측면충돌,안전운전 의무 불이행,맑음,0,4
2020년 다발지,경상북도 경산시1,경상북도 경산시 옥산동(옥산동762 부근),2020-06-26,22시,경상,남,63세,승용차,상해없음,여,58세,자전거,경상,차대차 - 후진중충돌,안전운전 의무 불이행,맑음,0,4
2020년 다발지,경상북도 경산시1,경상북도 경산시 옥산동(옥산동762 부근),2020-09-19,16시,중상,남,68세,승용차,상해없음,남,77세,자전거,중상,차대차 - 측면충돌,안전운전 의무 불이행,맑음,0,4
2020년 다발지,경상북도 칠곡군1,경상북도 칠곡군 왜관읍(로얄사거리 부근),2020-01-23,11시,중상,남,46세,화물차,상해없음,여,66세,자전거,중상,차대차 - 측면충돌,안전운전 의무 불이행,맑음,0,6
2020년 다발지,경상북도 칠곡군1,경상북도 칠곡군 왜관읍(로얄사거리 부근),2020-05-14,13시,경상,여,72세,자전거,경상,남,80세,승용차,상해없음,차대차 - 측면충돌,교차로 통행방법 위반,맑음,0,6
2020년 다발지,경상북도 칠곡군1,경상북도 칠곡군 왜관읍(로얄사거리 부근),2020-05-23,16시,경상,여,53세,승용차,상해없음,남,66세,자전거,경상,차대차 - 정면충돌,안전운전 의무 불이행,맑음,0,6
2020년 다발지,경상북도 칠곡군1,경상북도 칠곡군 왜관읍(로얄사거리 부근),2020-06-09,16시,중상,남,52세,승용차,상해없음,남,13세,자전거,중상,차대차 - 측면충돌,안전운전 의무 불이행,맑음,0,6
2020년 다발지,경상북도 칠곡군1,경상북도 칠곡군 왜관읍(로얄사거리 부근),2020-07-11,15시,부상신고,여,44세,승용차,상해없음,남,76세,자전거,부상신고,차대차 - 기타,안전운전 의무 불이행,맑음,0,6
2020년 다발지,경상북도 칠곡군1,경상북도 칠곡군 왜관읍(로얄사거리 부근),2020-12-14,18시,경상,남,48세,승용차,상해없음,여,11세,자전거,경상,차대차 - 측면충돌,안전운전 의무 불이행,맑음,0,6
2020년 다발지,경상남도 창원시 마산합포구1,경상남도 창원시 마산합포구 남성동(산월교 부근),2020-01-15,16시,경상,남,35세,승용차,상해없음,남,69세,자전거,경상,차대차 - 측면충돌,교차로 통행방법 위반,맑음,0,4
2020년 다발지,경상남도 창원시 마산합포구1,경상남도 창원시 마산합포구 남성동(산월교 부근),2020-06-15,09시,중상,남,65세,승용차,상해없음,남,70세,자전거,중상,차대차 - 기타,신호위반,맑음,0,4
2020년 다발지,경상남도 창원시 마산합포구1,경상남도 창원시 마산합포구 남성동(산월교 부근),2020-07-18,08시,중상,여,57세,자전거,중상,남,61세,승용차,상해없음,차대차 - 측면충돌,신호위반,맑음,0,4
2020년 다발지,경상남도 창원시 마산합포구1,경상남도 창원시 마산합포구 남성동(산월교 부근),2020-12-07,12시,중상,남,63세,승용차,상해없음,남,58세,자전거,중상,차대차 - 기타,안전운전 의무 불이행,맑음,0,4
2020년 다발지,경상남도 사천시1,경상남도 사천시 선구동(중앙시장사거리 부근),2020-01-08,14시,경상,여,55세,승용차,상해없음,남,82세,자전거,경상,차대차 - 측면충돌,기타,맑음,0,5
2020년 다발지,경상남도 사천시1,경상남도 사천시 선구동(중앙시장사거리 부근),2020-01-21,15시,경상,남,54세,자전거,경상,남,60세,승용차,상해없음,차대차 - 측면충돌,안전운전 의무 불이행,맑음,0,5
2020년 다발지,경상남도 사천시1,경상남도 사천시 선구동(중앙시장사거리 부근),2020-07-18,17시,중상,남,62세,승용차,상해없음,남,75세,자전거,중상,차대차 - 측면충돌,안전운전 의무 불이행,맑음,0,5
2020년 다발지,경상남도 사천시1,경상남도 사천시 선구동(중앙시장사거리 부근),2020-08-29,12시,경상,남,51세,화물차,상해없음,남,68세,자전거,경상,차대차 - 측면충돌,안전운전 의무 불이행,맑음,0,5
2020년 다발지,경상남도 사천시1,경상남도 사천시 선구동(중앙시장사거리 부근),2020-10-30,13시,경상,남,65세,화물차,상해없음,남,73세,자전거,경상,차대차 - 추돌,안전운전 의무 불이행,맑음,0,5
2020년 다발지,경상남도 사천시2,경상남도 사천시 동금동(목전빌딩사거리 부근),2020-06-13,23시,경상,남,35세,승용차,상해없음,남,72세,자전거,경상,차대차 - 기타,안전운전 의무 불이행,맑음,0,4
2020년 다발지,경상남도 사천시2,경상남도 사천시 동금동(목전빌딩사거리 부근),2020-07-25,20시,경상,남,16세,자전거,경상,남,35세,승용차,상해없음,차대차 - 정면충돌,안전운전 의무 불이행,맑음,0,4
2020년 다발지,경상남도 사천시2,경상남도 사천시 동금동(목전빌딩사거리 부근),2020-09-02,15시,중상,남,63세,자전거,상해없음,여,54세,보행자,중상,차대사람 - 횡단중,중앙선 침범,맑음,0,4
2020년 다발지,경상남도 사천시2,경상남도 사천시 동금동(목전빌딩사거리 부근),2020-11-05,13시,경상,남,77세,자전거,경상,남,63세,승용차,상해없음,차대차 - 기타,안전운전 의무 불이행,맑음,0,4
2020년 다발지,경상남도 김해시1,경상남도 김해시 부원동(부원역 부근),2020-03-22,11시,중상,남,62세,승용차,상해없음,여,59세,자전거,중상,차대차 - 기타,안전운전 의무 불이행,맑음,0,4
2020년 다발지,경상남도 김해시1,경상남도 김해시 부원동(부원역 부근),2020-03-26,13시,중상,남,50세,승용차,상해없음,남,77세,자전거,중상,차대차 - 측면충돌,신호위반,비,0,4
2020년 다발지,경상남도 김해시1,경상남도 김해시 부원동(부원역 부근),2020-08-11,07시,중상,남,30세,자전거,중상,남,45세,승용차,상해없음,차대차 - 측면충돌,안전운전 의무 불이행,맑음,0,4
2020년 다발지,경상남도 김해시1,경상남도 김해시 부원동(부원역 부근),2020-08-22,05시,중상,남,30세,승용차,상해없음,남,78세,자전거,중상,차대차 - 측면충돌,신호위반,맑음,0,4
2020년 다발지,경상남도 김해시2,경상남도 김해시 진영읍(진영중교앞교차로 부근),2020-09-19,21시,중상,남,36세,이륜차,상해없음,남,57세,자전거,중상,차대차 - 측면충돌,신호위반,맑음,0,4
2020년 다발지,경상남도 김해시2,경상남도 김해시 진영읍(진영중교앞교차로 부근),2020-10-10,21시,경상,여,37세,승용차,상해없음,남,10세,자전거,경상,차대차 - 기타,안전운전 의무 불이행,맑음,0,4
2020년 다발지,경상남도 김해시2,경상남도 김해시 진영읍(진영중교앞교차로 부근),2020-10-25,13시,경상,남,41세,승용차,상해없음,여,8세,자전거,경상,차대차 - 측면충돌,기타,맑음,0,4
2020년 다발지,경상남도 김해시2,경상남도 김해시 진영읍(진영중교앞교차로 부근),2020-11-04,16시,경상,여,27세,승용차,상해없음,남,10세,자전거,경상,차대차 - 기타,신호위반,맑음,0,4
2020년 다발지,경상남도 거제시1,경상남도 거제시 고현동(중곡로45 부근),2020-02-24,06시,중상,여,47세,승용차,상해없음,남,58세,자전거,중상,차대차 - 추돌,안전운전 의무 불이행,맑음,0,5
2020년 다발지,경상남도 거제시1,경상남도 거제시 고현동(중곡로45 부근),2020-04-16,17시,경상,여,24세,승용차,상해없음,여,67세,자전거,경상,차대차 - 측면충돌,안전운전 의무 불이행,맑음,0,5
2020년 다발지,경상남도 거제시1,경상남도 거제시 고현동(중곡로45 부근),2020-05-19,13시,부상신고,남,59세,자전거,부상신고,남,30세,승용차,상해없음,차대차 - 측면충돌,안전운전 의무 불이행,맑음,0,5
2020년 다발지,경상남도 거제시1,경상남도 거제시 고현동(중곡로45 부근),2020-09-21,14시,경상,남,34세,승용차,상해없음,남,21세,자전거,경상,차대차 - 기타,안전운전 의무 불이행,맑음,0,5
2020년 다발지,경상남도 거제시1,경상남도 거제시 고현동(중곡로45 부근),2020-10-05,17시,중상,남,13세,자전거,상해없음,여,68세,보행자,중상,차대사람 - 보도통행중,안전운전 의무 불이행,맑음,0,5
2020년 다발지,경상남도 거제시2,경상남도 거제시 장평동(장평동493 부근),2020-02-06,18시,중상,남,42세,이륜차,부상신고,남,55세,자전거,중상,차대차 - 측면충돌,안전운전 의무 불이행,맑음,0,6
2020년 다발지,경상남도 거제시2,경상남도 거제시 장평동(장평동493 부근),2020-04-23,17시,중상,남,37세,이륜차,중상,남,39세,자전거,상해없음,차대차 - 추돌,안전운전 의무 불이행,맑음,0,6
2020년 다발지,경상남도 거제시2,경상남도 거제시 장평동(장평동493 부근),2020-10-14,19시,중상,남,24세,자전거,경상,남,28세,이륜차,중상,차대차 - 측면충돌,안전운전 의무 불이행,맑음,0,6
2020년 다발지,경상남도 거제시2,경상남도 거제시 장평동(장평동493 부근),2020-12-31,18시,경상,남,36세,이륜차,상해없음,남,44세,자전거,경상,차대차 - 추돌,안전운전 의무 불이행,맑음,0,6
2020년 다발지,경상남도 거창군1,경상남도 거창군 거창읍(거창2교 부근),2020-03-14,10시,중상,남,70세,승용차,상해없음,여,41세,자전거,중상,차대차 - 측면충돌,안전운전 의무 불이행,맑음,0,5
2020년 다발지,경상남도 거창군1,경상남도 거창군 거창읍(거창2교 부근),2020-03-31,08시,경상,남,57세,승용차,상해없음,여,73세,자전거,경상,차대차 - 측면충돌,기타,맑음,0,5
2020년 다발지,경상남도 거창군1,경상남도 거창군 거창읍(거창2교 부근),2020-06-24,15시,경상,남,89세,자전거,경상,남,58세,승용차,경상,차대차 - 기타,신호위반,비,0,5
2020년 다발지,경상남도 거창군1,경상남도 거창군 거창읍(거창2교 부근),2020-09-27,12시,중상,남,60세,화물차,상해없음,여,11세,자전거,중상,차대차 - 정면충돌,안전운전 의무 불이행,맑음,0,5